
> loyl@0.1.0 dev
> next dev frontend

  ▲ Next.js 14.2.10
  - Local:        http://localhost:3000
  - Environments: .env.local
  - Experiments (use with caution):
    · outputFileTracingRoot

 ✓ Starting...
 ✓ Ready in 13.2s
 ✓ Compiled /middleware in 1486ms
 ✓ Compiled (152 modules)
 ○ Compiling /welcome ...
 ✓ Compiled /welcome in 17.9s (1197 modules)
 GET /welcome 200 in 18714ms
 GET /welcome 200 in 101ms
 ○ Compiling /api/auth/otp/send ...
 ✓ Compiled /api/auth/otp/send in 1103ms (634 modules)
[OTP:dev] 01612628493 -> 639065
 POST /api/auth/otp/send 200 in 2516ms
 ○ Compiling /api/auth/otp/verify ...
 ✓ Compiled /api/auth/otp/verify in 916ms (170 modules)
prisma:query SELECT "public"."Merchant"."id", "public"."Merchant"."cognitoSub", "public"."Merchant"."businessName", "public"."Merchant"."category", "public"."Merchant"."phoneNumber", "public"."Merchant"."logoUrl", "public"."Merchant"."websiteUrl", "public"."Merchant"."facebookUrl", "public"."Merchant"."instagramUrl", "public"."Merchant"."subscriptionStatus"::text, "public"."Merchant"."subscriptionTier"::text, "public"."Merchant"."subscriptionExpiresAt", "public"."Merchant"."createdAt", "public"."Merchant"."updatedAt", "public"."Merchant"."deletedAt" FROM "public"."Merchant" WHERE ("public"."Merchant"."phoneNumber" = $1 AND 1=1) LIMIT $2 OFFSET $3
 POST /api/auth/otp/verify 200 in 2480ms
 ○ Compiling /business-setup ...
 ✓ Compiled /business-setup in 1342ms (1346 modules)
 ○ Compiling /_not-found ...
 ✓ Compiled /_not-found in 587ms (1333 modules)
 GET /.well-known/appspecific/com.chrome.devtools.json 404 in 1323ms
 GET /business-setup 200 in 401ms
 ○ Compiling /scan ...
 ✓ Compiled /scan in 1563ms (1237 modules)
 GET /scan 200 in 2092ms
 ✓ Compiled /api/auth/me in 406ms (747 modules)
 GET /api/auth/me 401 in 2198ms
 GET /api/auth/me 401 in 20ms
 GET /api/auth/me 401 in 20ms
 GET /api/auth/me 401 in 21ms
 ○ Compiling /admin/login ...
 ✓ Compiled /admin/login in 1333ms (1378 modules)
 GET /admin/login 200 in 1612ms
 ✓ Compiled /api/auth/otp/send in 220ms (767 modules)
[OTP:dev] 01741995455 -> 140163
 POST /api/auth/otp/send 200 in 342ms
 ✓ Compiled /api/auth/otp/verify in 262ms (769 modules)
prisma:query SELECT 1
prisma:query SELECT "public"."Merchant"."id", "public"."Merchant"."cognitoSub", "public"."Merchant"."businessName", "public"."Merchant"."category", "public"."Merchant"."phoneNumber", "public"."Merchant"."logoUrl", "public"."Merchant"."websiteUrl", "public"."Merchant"."facebookUrl", "public"."Merchant"."instagramUrl", "public"."Merchant"."subscriptionStatus"::text, "public"."Merchant"."subscriptionTier"::text, "public"."Merchant"."subscriptionExpiresAt", "public"."Merchant"."createdAt", "public"."Merchant"."updatedAt", "public"."Merchant"."deletedAt" FROM "public"."Merchant" WHERE ("public"."Merchant"."phoneNumber" = $1 AND 1=1) LIMIT $2 OFFSET $3
 POST /api/auth/otp/verify 200 in 372ms
 ○ Compiling /customers ...
 ✓ Compiled /customers in 2.1s (1440 modules)
 GET /customers 200 in 2363ms
prisma:query SELECT "public"."Merchant"."id", "public"."Merchant"."cognitoSub", "public"."Merchant"."businessName", "public"."Merchant"."category", "public"."Merchant"."phoneNumber", "public"."Merchant"."logoUrl", "public"."Merchant"."websiteUrl", "public"."Merchant"."facebookUrl", "public"."Merchant"."instagramUrl", "public"."Merchant"."subscriptionStatus"::text, "public"."Merchant"."subscriptionTier"::text, "public"."Merchant"."subscriptionExpiresAt", "public"."Merchant"."createdAt", "public"."Merchant"."updatedAt", "public"."Merchant"."deletedAt" FROM "public"."Merchant" WHERE ("public"."Merchant"."id" = $1 AND 1=1) LIMIT $2 OFFSET $3
 GET /api/auth/me 200 in 42ms
prisma:query SELECT "public"."Merchant"."id", "public"."Merchant"."cognitoSub", "public"."Merchant"."businessName", "public"."Merchant"."category", "public"."Merchant"."phoneNumber", "public"."Merchant"."logoUrl", "public"."Merchant"."websiteUrl", "public"."Merchant"."facebookUrl", "public"."Merchant"."instagramUrl", "public"."Merchant"."subscriptionStatus"::text, "public"."Merchant"."subscriptionTier"::text, "public"."Merchant"."subscriptionExpiresAt", "public"."Merchant"."createdAt", "public"."Merchant"."updatedAt", "public"."Merchant"."deletedAt" FROM "public"."Merchant" WHERE ("public"."Merchant"."id" = $1 AND 1=1) LIMIT $2 OFFSET $3
 GET /api/auth/me 200 in 21ms
 ✓ Compiled /api/merchant/customers in 469ms (796 modules)
prisma:query SELECT "public"."Merchant"."id", "public"."Merchant"."cognitoSub", "public"."Merchant"."businessName", "public"."Merchant"."category", "public"."Merchant"."phoneNumber", "public"."Merchant"."logoUrl", "public"."Merchant"."websiteUrl", "public"."Merchant"."facebookUrl", "public"."Merchant"."instagramUrl", "public"."Merchant"."subscriptionStatus"::text, "public"."Merchant"."subscriptionTier"::text, "public"."Merchant"."subscriptionExpiresAt", "public"."Merchant"."createdAt", "public"."Merchant"."updatedAt", "public"."Merchant"."deletedAt" FROM "public"."Merchant" WHERE ("public"."Merchant"."id" = $1 AND "public"."Merchant"."deletedAt" IS NULL) LIMIT $2 OFFSET $3
prisma:query SELECT "public"."CustomerStamp"."id", "public"."CustomerStamp"."customerPhone", "public"."CustomerStamp"."stampsCollected", "public"."CustomerStamp"."totalRedeemed", "public"."CustomerStamp"."lastScannedAt", "public"."CustomerStamp"."lastReviewAt", "public"."CustomerStamp"."createdAt" FROM "public"."CustomerStamp" WHERE ("public"."CustomerStamp"."merchantId" = $1 AND "public"."CustomerStamp"."deletedAt" IS NULL) ORDER BY "public"."CustomerStamp"."lastScannedAt" DESC, "public"."CustomerStamp"."createdAt" DESC LIMIT $2 OFFSET $3
prisma:query SELECT COUNT(*) FROM (SELECT "public"."CustomerStamp"."id" FROM "public"."CustomerStamp" WHERE ("public"."CustomerStamp"."merchantId" = $1 AND "public"."CustomerStamp"."deletedAt" IS NULL) OFFSET $2) AS "sub"
prisma:query SELECT COUNT(*) FROM (SELECT "public"."CustomerStamp"."id" FROM "public"."CustomerStamp" WHERE ("public"."CustomerStamp"."merchantId" = $1 AND "public"."CustomerStamp"."deletedAt" IS NULL) OFFSET $2) AS "sub"
 GET /api/merchant/customers?page=1&pageSize=20 200 in 706ms
prisma:query SELECT "public"."Merchant"."id", "public"."Merchant"."cognitoSub", "public"."Merchant"."businessName", "public"."Merchant"."category", "public"."Merchant"."phoneNumber", "public"."Merchant"."logoUrl", "public"."Merchant"."websiteUrl", "public"."Merchant"."facebookUrl", "public"."Merchant"."instagramUrl", "public"."Merchant"."subscriptionStatus"::text, "public"."Merchant"."subscriptionTier"::text, "public"."Merchant"."subscriptionExpiresAt", "public"."Merchant"."createdAt", "public"."Merchant"."updatedAt", "public"."Merchant"."deletedAt" FROM "public"."Merchant" WHERE ("public"."Merchant"."id" = $1 AND "public"."Merchant"."deletedAt" IS NULL) LIMIT $2 OFFSET $3
prisma:query SELECT COUNT(*) FROM (SELECT "public"."CustomerStamp"."id" FROM "public"."CustomerStamp" WHERE ("public"."CustomerStamp"."merchantId" = $1 AND "public"."CustomerStamp"."deletedAt" IS NULL) OFFSET $2) AS "sub"
prisma:query SELECT COUNT(*) FROM (SELECT "public"."CustomerStamp"."id" FROM "public"."CustomerStamp" WHERE ("public"."CustomerStamp"."merchantId" = $1 AND "public"."CustomerStamp"."deletedAt" IS NULL) OFFSET $2) AS "sub"
prisma:query SELECT "public"."CustomerStamp"."id", "public"."CustomerStamp"."customerPhone", "public"."CustomerStamp"."stampsCollected", "public"."CustomerStamp"."totalRedeemed", "public"."CustomerStamp"."lastScannedAt", "public"."CustomerStamp"."lastReviewAt", "public"."CustomerStamp"."createdAt" FROM "public"."CustomerStamp" WHERE ("public"."CustomerStamp"."merchantId" = $1 AND "public"."CustomerStamp"."deletedAt" IS NULL) ORDER BY "public"."CustomerStamp"."lastScannedAt" DESC, "public"."CustomerStamp"."createdAt" DESC LIMIT $2 OFFSET $3
 GET /api/merchant/customers?page=1&pageSize=20 200 in 34ms
 ○ Compiling /branches ...
 ✓ Compiled /branches in 811ms (1456 modules)
 GET /branches 200 in 986ms
prisma:query SELECT "public"."Merchant"."id", "public"."Merchant"."cognitoSub", "public"."Merchant"."businessName", "public"."Merchant"."category", "public"."Merchant"."phoneNumber", "public"."Merchant"."logoUrl", "public"."Merchant"."websiteUrl", "public"."Merchant"."facebookUrl", "public"."Merchant"."instagramUrl", "public"."Merchant"."subscriptionStatus"::text, "public"."Merchant"."subscriptionTier"::text, "public"."Merchant"."subscriptionExpiresAt", "public"."Merchant"."createdAt", "public"."Merchant"."updatedAt", "public"."Merchant"."deletedAt" FROM "public"."Merchant" WHERE ("public"."Merchant"."id" = $1 AND 1=1) LIMIT $2 OFFSET $3
 GET /api/auth/me 200 in 31ms
prisma:query SELECT "public"."Merchant"."id", "public"."Merchant"."cognitoSub", "public"."Merchant"."businessName", "public"."Merchant"."category", "public"."Merchant"."phoneNumber", "public"."Merchant"."logoUrl", "public"."Merchant"."websiteUrl", "public"."Merchant"."facebookUrl", "public"."Merchant"."instagramUrl", "public"."Merchant"."subscriptionStatus"::text, "public"."Merchant"."subscriptionTier"::text, "public"."Merchant"."subscriptionExpiresAt", "public"."Merchant"."createdAt", "public"."Merchant"."updatedAt", "public"."Merchant"."deletedAt" FROM "public"."Merchant" WHERE ("public"."Merchant"."id" = $1 AND 1=1) LIMIT $2 OFFSET $3
 GET /api/auth/me 200 in 21ms
 ✓ Compiled /api/branches in 360ms (806 modules)
prisma:query SELECT "public"."Merchant"."id", "public"."Merchant"."cognitoSub", "public"."Merchant"."businessName", "public"."Merchant"."category", "public"."Merchant"."phoneNumber", "public"."Merchant"."logoUrl", "public"."Merchant"."websiteUrl", "public"."Merchant"."facebookUrl", "public"."Merchant"."instagramUrl", "public"."Merchant"."subscriptionStatus"::text, "public"."Merchant"."subscriptionTier"::text, "public"."Merchant"."subscriptionExpiresAt", "public"."Merchant"."createdAt", "public"."Merchant"."updatedAt", "public"."Merchant"."deletedAt" FROM "public"."Merchant" WHERE ("public"."Merchant"."id" = $1 AND "public"."Merchant"."deletedAt" IS NULL) LIMIT $2 OFFSET $3
prisma:query SELECT "public"."Branch"."id", "public"."Branch"."merchantId", "public"."Branch"."branchName", "public"."Branch"."address", "public"."Branch"."latitude", "public"."Branch"."longitude", "public"."Branch"."createdAt", "public"."Branch"."updatedAt", "public"."Branch"."deletedAt" FROM "public"."Branch" WHERE ("public"."Branch"."merchantId" = $1 AND "public"."Branch"."deletedAt" IS NULL) ORDER BY "public"."Branch"."createdAt" ASC OFFSET $2
 GET /api/branches 200 in 467ms
prisma:query SELECT "public"."Merchant"."id", "public"."Merchant"."cognitoSub", "public"."Merchant"."businessName", "public"."Merchant"."category", "public"."Merchant"."phoneNumber", "public"."Merchant"."logoUrl", "public"."Merchant"."websiteUrl", "public"."Merchant"."facebookUrl", "public"."Merchant"."instagramUrl", "public"."Merchant"."subscriptionStatus"::text, "public"."Merchant"."subscriptionTier"::text, "public"."Merchant"."subscriptionExpiresAt", "public"."Merchant"."createdAt", "public"."Merchant"."updatedAt", "public"."Merchant"."deletedAt" FROM "public"."Merchant" WHERE ("public"."Merchant"."id" = $1 AND "public"."Merchant"."deletedAt" IS NULL) LIMIT $2 OFFSET $3
prisma:query SELECT "public"."Branch"."id", "public"."Branch"."merchantId", "public"."Branch"."branchName", "public"."Branch"."address", "public"."Branch"."latitude", "public"."Branch"."longitude", "public"."Branch"."createdAt", "public"."Branch"."updatedAt", "public"."Branch"."deletedAt" FROM "public"."Branch" WHERE ("public"."Branch"."merchantId" = $1 AND "public"."Branch"."deletedAt" IS NULL) ORDER BY "public"."Branch"."createdAt" ASC OFFSET $2
 GET /api/branches 200 in 29ms
 ○ Compiling /billing/checkout ...
 ✓ Compiled /billing/checkout in 1104ms (1476 modules)
 GET /billing/checkout 200 in 1285ms
prisma:query SELECT "public"."Merchant"."id", "public"."Merchant"."cognitoSub", "public"."Merchant"."businessName", "public"."Merchant"."category", "public"."Merchant"."phoneNumber", "public"."Merchant"."logoUrl", "public"."Merchant"."websiteUrl", "public"."Merchant"."facebookUrl", "public"."Merchant"."instagramUrl", "public"."Merchant"."subscriptionStatus"::text, "public"."Merchant"."subscriptionTier"::text, "public"."Merchant"."subscriptionExpiresAt", "public"."Merchant"."createdAt", "public"."Merchant"."updatedAt", "public"."Merchant"."deletedAt" FROM "public"."Merchant" WHERE ("public"."Merchant"."id" = $1 AND 1=1) LIMIT $2 OFFSET $3
 GET /api/auth/me 200 in 43ms
prisma:query SELECT "public"."Merchant"."id", "public"."Merchant"."cognitoSub", "public"."Merchant"."businessName", "public"."Merchant"."category", "public"."Merchant"."phoneNumber", "public"."Merchant"."logoUrl", "public"."Merchant"."websiteUrl", "public"."Merchant"."facebookUrl", "public"."Merchant"."instagramUrl", "public"."Merchant"."subscriptionStatus"::text, "public"."Merchant"."subscriptionTier"::text, "public"."Merchant"."subscriptionExpiresAt", "public"."Merchant"."createdAt", "public"."Merchant"."updatedAt", "public"."Merchant"."deletedAt" FROM "public"."Merchant" WHERE ("public"."Merchant"."id" = $1 AND 1=1) LIMIT $2 OFFSET $3
 GET /api/auth/me 200 in 28ms
 ○ Compiling /offers/new ...
 ✓ Compiled /offers/new in 1686ms (1494 modules)
 GET /offers/new 200 in 2217ms
prisma:query SELECT 1
prisma:query SELECT "public"."Merchant"."id", "public"."Merchant"."cognitoSub", "public"."Merchant"."businessName", "public"."Merchant"."category", "public"."Merchant"."phoneNumber", "public"."Merchant"."logoUrl", "public"."Merchant"."websiteUrl", "public"."Merchant"."facebookUrl", "public"."Merchant"."instagramUrl", "public"."Merchant"."subscriptionStatus"::text, "public"."Merchant"."subscriptionTier"::text, "public"."Merchant"."subscriptionExpiresAt", "public"."Merchant"."createdAt", "public"."Merchant"."updatedAt", "public"."Merchant"."deletedAt" FROM "public"."Merchant" WHERE ("public"."Merchant"."id" = $1 AND 1=1) LIMIT $2 OFFSET $3
 GET /api/auth/me 200 in 48ms
prisma:query SELECT "public"."Merchant"."id", "public"."Merchant"."cognitoSub", "public"."Merchant"."businessName", "public"."Merchant"."category", "public"."Merchant"."phoneNumber", "public"."Merchant"."logoUrl", "public"."Merchant"."websiteUrl", "public"."Merchant"."facebookUrl", "public"."Merchant"."instagramUrl", "public"."Merchant"."subscriptionStatus"::text, "public"."Merchant"."subscriptionTier"::text, "public"."Merchant"."subscriptionExpiresAt", "public"."Merchant"."createdAt", "public"."Merchant"."updatedAt", "public"."Merchant"."deletedAt" FROM "public"."Merchant" WHERE ("public"."Merchant"."id" = $1 AND 1=1) LIMIT $2 OFFSET $3
 GET /api/auth/me 200 in 22ms
 ○ Compiling /offers/[id] ...
 ✓ Compiled /offers/[id] in 1727ms (1504 modules)
 GET /offers/cmueb0jc1000srrgal7d5zwhz 200 in 2605ms
prisma:query SELECT "public"."Merchant"."id", "public"."Merchant"."cognitoSub", "public"."Merchant"."businessName", "public"."Merchant"."category", "public"."Merchant"."phoneNumber", "public"."Merchant"."logoUrl", "public"."Merchant"."websiteUrl", "public"."Merchant"."facebookUrl", "public"."Merchant"."instagramUrl", "public"."Merchant"."subscriptionStatus"::text, "public"."Merchant"."subscriptionTier"::text, "public"."Merchant"."subscriptionExpiresAt", "public"."Merchant"."createdAt", "public"."Merchant"."updatedAt", "public"."Merchant"."deletedAt" FROM "public"."Merchant" WHERE ("public"."Merchant"."id" = $1 AND 1=1) LIMIT $2 OFFSET $3
 GET /api/auth/me 200 in 37ms
prisma:query SELECT "public"."Merchant"."id", "public"."Merchant"."cognitoSub", "public"."Merchant"."businessName", "public"."Merchant"."category", "public"."Merchant"."phoneNumber", "public"."Merchant"."logoUrl", "public"."Merchant"."websiteUrl", "public"."Merchant"."facebookUrl", "public"."Merchant"."instagramUrl", "public"."Merchant"."subscriptionStatus"::text, "public"."Merchant"."subscriptionTier"::text, "public"."Merchant"."subscriptionExpiresAt", "public"."Merchant"."createdAt", "public"."Merchant"."updatedAt", "public"."Merchant"."deletedAt" FROM "public"."Merchant" WHERE ("public"."Merchant"."id" = $1 AND 1=1) LIMIT $2 OFFSET $3
 GET /api/auth/me 200 in 20ms
 ○ Compiling /api/offers/[id] ...
 ✓ Compiled /api/offers/[id] in 562ms (833 modules)
prisma:query SELECT "public"."Merchant"."id", "public"."Merchant"."cognitoSub", "public"."Merchant"."businessName", "public"."Merchant"."category", "public"."Merchant"."phoneNumber", "public"."Merchant"."logoUrl", "public"."Merchant"."websiteUrl", "public"."Merchant"."facebookUrl", "public"."Merchant"."instagramUrl", "public"."Merchant"."subscriptionStatus"::text, "public"."Merchant"."subscriptionTier"::text, "public"."Merchant"."subscriptionExpiresAt", "public"."Merchant"."createdAt", "public"."Merchant"."updatedAt", "public"."Merchant"."deletedAt" FROM "public"."Merchant" WHERE ("public"."Merchant"."id" = $1 AND "public"."Merchant"."deletedAt" IS NULL) LIMIT $2 OFFSET $3
prisma:query SELECT "public"."Offer"."id", "public"."Offer"."merchantId", "public"."Offer"."title", "public"."Offer"."offerType"::text, "public"."Offer"."rewardType"::text, "public"."Offer"."requiredStamps", "public"."Offer"."scratchMode"::text, "public"."Offer"."scratchCursor", "public"."Offer"."scratchOrder", "public"."Offer"."durationDays", "public"."Offer"."posterTemplateUrl", "public"."Offer"."finalPosterUrl", "public"."Offer"."isActive", "public"."Offer"."createdAt", "public"."Offer"."updatedAt", "public"."Offer"."deletedAt" FROM "public"."Offer" WHERE ("public"."Offer"."id" = $1 AND "public"."Offer"."merchantId" = $2 AND "public"."Offer"."deletedAt" IS NULL) LIMIT $3 OFFSET $4
prisma:query SELECT "public"."ScratchItem"."id", "public"."ScratchItem"."offerId", "public"."ScratchItem"."label", "public"."ScratchItem"."sortOrder", "public"."ScratchItem"."createdAt", "public"."ScratchItem"."updatedAt" FROM "public"."ScratchItem" WHERE "public"."ScratchItem"."offerId" IN ($1) ORDER BY "public"."ScratchItem"."sortOrder" ASC OFFSET $2
 GET /api/offers/cmueb0jc1000srrgal7d5zwhz 200 in 1526ms
prisma:query SELECT "public"."Merchant"."id", "public"."Merchant"."cognitoSub", "public"."Merchant"."businessName", "public"."Merchant"."category", "public"."Merchant"."phoneNumber", "public"."Merchant"."logoUrl", "public"."Merchant"."websiteUrl", "public"."Merchant"."facebookUrl", "public"."Merchant"."instagramUrl", "public"."Merchant"."subscriptionStatus"::text, "public"."Merchant"."subscriptionTier"::text, "public"."Merchant"."subscriptionExpiresAt", "public"."Merchant"."createdAt", "public"."Merchant"."updatedAt", "public"."Merchant"."deletedAt" FROM "public"."Merchant" WHERE ("public"."Merchant"."id" = $1 AND "public"."Merchant"."deletedAt" IS NULL) LIMIT $2 OFFSET $3
prisma:query SELECT "public"."Offer"."id", "public"."Offer"."merchantId", "public"."Offer"."title", "public"."Offer"."offerType"::text, "public"."Offer"."rewardType"::text, "public"."Offer"."requiredStamps", "public"."Offer"."scratchMode"::text, "public"."Offer"."scratchCursor", "public"."Offer"."scratchOrder", "public"."Offer"."durationDays", "public"."Offer"."posterTemplateUrl", "public"."Offer"."finalPosterUrl", "public"."Offer"."isActive", "public"."Offer"."createdAt", "public"."Offer"."updatedAt", "public"."Offer"."deletedAt" FROM "public"."Offer" WHERE ("public"."Offer"."id" = $1 AND "public"."Offer"."merchantId" = $2 AND "public"."Offer"."deletedAt" IS NULL) LIMIT $3 OFFSET $4
prisma:query SELECT "public"."ScratchItem"."id", "public"."ScratchItem"."offerId", "public"."ScratchItem"."label", "public"."ScratchItem"."sortOrder", "public"."ScratchItem"."createdAt", "public"."ScratchItem"."updatedAt" FROM "public"."ScratchItem" WHERE "public"."ScratchItem"."offerId" IN ($1) ORDER BY "public"."ScratchItem"."sortOrder" ASC OFFSET $2
 GET /api/offers/cmueb0jc1000srrgal7d5zwhz 200 in 39ms
 ○ Compiling /offers/[id]/qr ...
 ✓ Compiled /offers/[id]/qr in 1615ms (1517 modules)
 ○ Compiling /api/auth/business-setup ...
 ✓ Compiled /api/auth/business-setup in 675ms (843 modules)
prisma:query SELECT 1
prisma:query INSERT INTO "public"."Merchant" ("id","cognitoSub","businessName","category","phoneNumber","logoUrl","subscriptionStatus","subscriptionTier","createdAt","updatedAt") VALUES ($1,$2,$3,$4,$5,$6,CAST($7::text AS "public"."SubscriptionStatus"),CAST($8::text AS "public"."SubscriptionTier"),$9,$10) ON CONFLICT ("phoneNumber") DO UPDATE SET "businessName" = $11, "category" = $12, "logoUrl" = $13, "updatedAt" = $14 WHERE ("public"."Merchant"."phoneNumber" = $15 AND 1=1) RETURNING "public"."Merchant"."id", "public"."Merchant"."cognitoSub", "public"."Merchant"."businessName", "public"."Merchant"."category", "public"."Merchant"."phoneNumber", "public"."Merchant"."logoUrl", "public"."Merchant"."websiteUrl", "public"."Merchant"."facebookUrl", "public"."Merchant"."instagramUrl", "public"."Merchant"."subscriptionStatus"::text, "public"."Merchant"."subscriptionTier"::text, "public"."Merchant"."subscriptionExpiresAt", "public"."Merchant"."createdAt", "public"."Merchant"."updatedAt", "public"."Merchant"."deletedAt"
 POST /api/auth/business-setup 200 in 836ms
 ○ Compiling /dashboard ...
 ✓ Compiled /dashboard in 1264ms (1527 modules)
prisma:query SELECT "public"."Merchant"."id", "public"."Merchant"."cognitoSub", "public"."Merchant"."businessName", "public"."Merchant"."category", "public"."Merchant"."phoneNumber", "public"."Merchant"."logoUrl", "public"."Merchant"."websiteUrl", "public"."Merchant"."facebookUrl", "public"."Merchant"."instagramUrl", "public"."Merchant"."subscriptionStatus"::text, "public"."Merchant"."subscriptionTier"::text, "public"."Merchant"."subscriptionExpiresAt", "public"."Merchant"."createdAt", "public"."Merchant"."updatedAt", "public"."Merchant"."deletedAt" FROM "public"."Merchant" WHERE ("public"."Merchant"."id" = $1 AND 1=1) LIMIT $2 OFFSET $3
 GET /api/auth/me 200 in 38ms
prisma:query SELECT "public"."Merchant"."id", "public"."Merchant"."cognitoSub", "public"."Merchant"."businessName", "public"."Merchant"."category", "public"."Merchant"."phoneNumber", "public"."Merchant"."logoUrl", "public"."Merchant"."websiteUrl", "public"."Merchant"."facebookUrl", "public"."Merchant"."instagramUrl", "public"."Merchant"."subscriptionStatus"::text, "public"."Merchant"."subscriptionTier"::text, "public"."Merchant"."subscriptionExpiresAt", "public"."Merchant"."createdAt", "public"."Merchant"."updatedAt", "public"."Merchant"."deletedAt" FROM "public"."Merchant" WHERE ("public"."Merchant"."id" = $1 AND 1=1) LIMIT $2 OFFSET $3
 GET /api/auth/me 200 in 38ms
 ○ Compiling /api/offers ...
 ✓ Compiled /api/offers in 605ms (850 modules)
 ✓ Compiled (852 modules)
prisma:query SELECT "public"."Merchant"."id", "public"."Merchant"."cognitoSub", "public"."Merchant"."businessName", "public"."Merchant"."category", "public"."Merchant"."phoneNumber", "public"."Merchant"."logoUrl", "public"."Merchant"."websiteUrl", "public"."Merchant"."facebookUrl", "public"."Merchant"."instagramUrl", "public"."Merchant"."subscriptionStatus"::text, "public"."Merchant"."subscriptionTier"::text, "public"."Merchant"."subscriptionExpiresAt", "public"."Merchant"."createdAt", "public"."Merchant"."updatedAt", "public"."Merchant"."deletedAt" FROM "public"."Merchant" WHERE ("public"."Merchant"."id" = $1 AND "public"."Merchant"."deletedAt" IS NULL) LIMIT $2 OFFSET $3
prisma:query SELECT "public"."Merchant"."id", "public"."Merchant"."cognitoSub", "public"."Merchant"."businessName", "public"."Merchant"."category", "public"."Merchant"."phoneNumber", "public"."Merchant"."logoUrl", "public"."Merchant"."websiteUrl", "public"."Merchant"."facebookUrl", "public"."Merchant"."instagramUrl", "public"."Merchant"."subscriptionStatus"::text, "public"."Merchant"."subscriptionTier"::text, "public"."Merchant"."subscriptionExpiresAt", "public"."Merchant"."createdAt", "public"."Merchant"."updatedAt", "public"."Merchant"."deletedAt" FROM "public"."Merchant" WHERE ("public"."Merchant"."id" = $1 AND "public"."Merchant"."deletedAt" IS NULL) LIMIT $2 OFFSET $3
prisma:query SELECT 1
prisma:query SELECT 1
prisma:query SELECT "public"."Offer"."id", "public"."Offer"."merchantId", "public"."Offer"."title", "public"."Offer"."offerType"::text, "public"."Offer"."rewardType"::text, "public"."Offer"."requiredStamps", "public"."Offer"."scratchMode"::text, "public"."Offer"."scratchCursor", "public"."Offer"."scratchOrder", "public"."Offer"."durationDays", "public"."Offer"."posterTemplateUrl", "public"."Offer"."finalPosterUrl", "public"."Offer"."isActive", "public"."Offer"."createdAt", "public"."Offer"."updatedAt", "public"."Offer"."deletedAt" FROM "public"."Offer" WHERE ("public"."Offer"."merchantId" = $1 AND "public"."Offer"."deletedAt" IS NULL) ORDER BY "public"."Offer"."createdAt" DESC OFFSET $2
 GET /api/offers 200 in 1335ms
prisma:query SELECT COUNT(*) FROM (SELECT "public"."Offer"."id" FROM "public"."Offer" WHERE ("public"."Offer"."merchantId" = $1 AND "public"."Offer"."deletedAt" IS NULL) OFFSET $2) AS "sub"
prisma:query SELECT COUNT(*) FROM (SELECT "public"."Branch"."id" FROM "public"."Branch" WHERE ("public"."Branch"."merchantId" = $1 AND "public"."Branch"."deletedAt" IS NULL) OFFSET $2) AS "sub"
prisma:query SELECT SUM("stampsCollected"), SUM("totalRedeemed") FROM (SELECT "public"."CustomerStamp"."stampsCollected", "public"."CustomerStamp"."totalRedeemed" FROM "public"."CustomerStamp" WHERE ("public"."CustomerStamp"."merchantId" = $1 AND "public"."CustomerStamp"."deletedAt" IS NULL) OFFSET $2) AS "sub"
prisma:query SELECT "public"."Merchant"."id", "public"."Merchant"."cognitoSub", "public"."Merchant"."businessName", "public"."Merchant"."category", "public"."Merchant"."phoneNumber", "public"."Merchant"."logoUrl", "public"."Merchant"."websiteUrl", "public"."Merchant"."facebookUrl", "public"."Merchant"."instagramUrl", "public"."Merchant"."subscriptionStatus"::text, "public"."Merchant"."subscriptionTier"::text, "public"."Merchant"."subscriptionExpiresAt", "public"."Merchant"."createdAt", "public"."Merchant"."updatedAt", "public"."Merchant"."deletedAt" FROM "public"."Merchant" WHERE ("public"."Merchant"."id" = $1 AND "public"."Merchant"."deletedAt" IS NULL) LIMIT $2 OFFSET $3
prisma:query SELECT "public"."Offer"."id", "public"."Offer"."merchantId", "public"."Offer"."title", "public"."Offer"."offerType"::text, "public"."Offer"."rewardType"::text, "public"."Offer"."requiredStamps", "public"."Offer"."scratchMode"::text, "public"."Offer"."scratchCursor", "public"."Offer"."scratchOrder", "public"."Offer"."durationDays", "public"."Offer"."posterTemplateUrl", "public"."Offer"."finalPosterUrl", "public"."Offer"."isActive", "public"."Offer"."createdAt", "public"."Offer"."updatedAt", "public"."Offer"."deletedAt" FROM "public"."Offer" WHERE ("public"."Offer"."merchantId" = $1 AND "public"."Offer"."deletedAt" IS NULL) ORDER BY "public"."Offer"."createdAt" DESC OFFSET $2
 GET /api/offers 200 in 92ms
prisma:query SELECT COUNT(*) FROM (SELECT "public"."Offer"."id" FROM "public"."Offer" WHERE ("public"."Offer"."merchantId" = $1 AND "public"."Offer"."deletedAt" IS NULL AND "public"."Offer"."isActive" = $2) OFFSET $3) AS "sub"
prisma:query SELECT COUNT(*) FROM (SELECT "public"."CustomerStamp"."id" FROM "public"."CustomerStamp" WHERE ("public"."CustomerStamp"."merchantId" = $1 AND "public"."CustomerStamp"."deletedAt" IS NULL) OFFSET $2) AS "sub"
 GET /api/merchant/stats 200 in 1472ms
prisma:query SELECT "public"."Merchant"."id", "public"."Merchant"."cognitoSub", "public"."Merchant"."businessName", "public"."Merchant"."category", "public"."Merchant"."phoneNumber", "public"."Merchant"."logoUrl", "public"."Merchant"."websiteUrl", "public"."Merchant"."facebookUrl", "public"."Merchant"."instagramUrl", "public"."Merchant"."subscriptionStatus"::text, "public"."Merchant"."subscriptionTier"::text, "public"."Merchant"."subscriptionExpiresAt", "public"."Merchant"."createdAt", "public"."Merchant"."updatedAt", "public"."Merchant"."deletedAt" FROM "public"."Merchant" WHERE ("public"."Merchant"."id" = $1 AND "public"."Merchant"."deletedAt" IS NULL) LIMIT $2 OFFSET $3
prisma:query SELECT COUNT(*) FROM (SELECT "public"."Offer"."id" FROM "public"."Offer" WHERE ("public"."Offer"."merchantId" = $1 AND "public"."Offer"."deletedAt" IS NULL AND "public"."Offer"."isActive" = $2) OFFSET $3) AS "sub"
prisma:query SELECT COUNT(*) FROM (SELECT "public"."Branch"."id" FROM "public"."Branch" WHERE ("public"."Branch"."merchantId" = $1 AND "public"."Branch"."deletedAt" IS NULL) OFFSET $2) AS "sub"
prisma:query SELECT COUNT(*) FROM (SELECT "public"."Offer"."id" FROM "public"."Offer" WHERE ("public"."Offer"."merchantId" = $1 AND "public"."Offer"."deletedAt" IS NULL) OFFSET $2) AS "sub"
prisma:query SELECT SUM("stampsCollected"), SUM("totalRedeemed") FROM (SELECT "public"."CustomerStamp"."stampsCollected", "public"."CustomerStamp"."totalRedeemed" FROM "public"."CustomerStamp" WHERE ("public"."CustomerStamp"."merchantId" = $1 AND "public"."CustomerStamp"."deletedAt" IS NULL) OFFSET $2) AS "sub"
prisma:query SELECT COUNT(*) FROM (SELECT "public"."CustomerStamp"."id" FROM "public"."CustomerStamp" WHERE ("public"."CustomerStamp"."merchantId" = $1 AND "public"."CustomerStamp"."deletedAt" IS NULL) OFFSET $2) AS "sub"
 GET /api/merchant/stats 200 in 47ms
 ○ Compiling /_not-found ...
 ✓ Compiled /_not-found in 1905ms (1515 modules)
 GET /.well-known/appspecific/com.chrome.devtools.json 404 in 2102ms
 ○ Compiling /analytics ...
 ✓ Compiled /analytics in 1572ms (1492 modules)
 GET /analytics 200 in 1865ms
prisma:query SELECT 1
prisma:query SELECT "public"."Merchant"."id", "public"."Merchant"."cognitoSub", "public"."Merchant"."businessName", "public"."Merchant"."category", "public"."Merchant"."phoneNumber", "public"."Merchant"."logoUrl", "public"."Merchant"."websiteUrl", "public"."Merchant"."facebookUrl", "public"."Merchant"."instagramUrl", "public"."Merchant"."subscriptionStatus"::text, "public"."Merchant"."subscriptionTier"::text, "public"."Merchant"."subscriptionExpiresAt", "public"."Merchant"."createdAt", "public"."Merchant"."updatedAt", "public"."Merchant"."deletedAt" FROM "public"."Merchant" WHERE ("public"."Merchant"."id" = $1 AND 1=1) LIMIT $2 OFFSET $3
 GET /api/auth/me 200 in 45ms
prisma:query SELECT "public"."Merchant"."id", "public"."Merchant"."cognitoSub", "public"."Merchant"."businessName", "public"."Merchant"."category", "public"."Merchant"."phoneNumber", "public"."Merchant"."logoUrl", "public"."Merchant"."websiteUrl", "public"."Merchant"."facebookUrl", "public"."Merchant"."instagramUrl", "public"."Merchant"."subscriptionStatus"::text, "public"."Merchant"."subscriptionTier"::text, "public"."Merchant"."subscriptionExpiresAt", "public"."Merchant"."createdAt", "public"."Merchant"."updatedAt", "public"."Merchant"."deletedAt" FROM "public"."Merchant" WHERE ("public"."Merchant"."id" = $1 AND 1=1) LIMIT $2 OFFSET $3
 GET /api/auth/me 200 in 27ms
 ○ Compiling /api/merchant/analytics ...
 ✓ Compiled /api/merchant/analytics in 658ms (810 modules)
prisma:query SELECT "public"."Merchant"."id", "public"."Merchant"."cognitoSub", "public"."Merchant"."businessName", "public"."Merchant"."category", "public"."Merchant"."phoneNumber", "public"."Merchant"."logoUrl", "public"."Merchant"."websiteUrl", "public"."Merchant"."facebookUrl", "public"."Merchant"."instagramUrl", "public"."Merchant"."subscriptionStatus"::text, "public"."Merchant"."subscriptionTier"::text, "public"."Merchant"."subscriptionExpiresAt", "public"."Merchant"."createdAt", "public"."Merchant"."updatedAt", "public"."Merchant"."deletedAt" FROM "public"."Merchant" WHERE ("public"."Merchant"."id" = $1 AND "public"."Merchant"."deletedAt" IS NULL) LIMIT $2 OFFSET $3
prisma:query SELECT 1
prisma:query SELECT 1
prisma:query SELECT "public"."CustomerStamp"."id", "public"."CustomerStamp"."customerPhone", "public"."CustomerStamp"."createdAt" FROM "public"."CustomerStamp" WHERE ("public"."CustomerStamp"."merchantId" = $1 AND "public"."CustomerStamp"."deletedAt" IS NULL) OFFSET $2
prisma:query SELECT "public"."Offer"."id", "public"."Offer"."title", "public"."Offer"."offerType"::text FROM "public"."Offer" WHERE "public"."Offer"."merchantId" = $1 OFFSET $2
prisma:query SELECT "public"."ScratchResult"."id", "public"."ScratchResult"."offerId", "public"."ScratchResult"."customerPhone", "public"."ScratchResult"."scratchedAt" FROM "public"."ScratchResult" WHERE ("public"."ScratchResult"."merchantId" = $1 AND "public"."ScratchResult"."scratchedAt" >= $2 AND "public"."ScratchResult"."scratchedAt" < $3) OFFSET $4
prisma:query SELECT "public"."ActivityEvent"."id", "public"."ActivityEvent"."type"::text, "public"."ActivityEvent"."offerId", "public"."ActivityEvent"."customerPhone", "public"."ActivityEvent"."createdAt" FROM "public"."ActivityEvent" WHERE ("public"."ActivityEvent"."merchantId" = $1 AND "public"."ActivityEvent"."createdAt" >= $2 AND "public"."ActivityEvent"."createdAt" < $3) OFFSET $4
 GET /api/merchant/analytics?from=2026-08-26&to=2026-09-24 200 in 796ms
prisma:query SELECT "public"."Merchant"."id", "public"."Merchant"."cognitoSub", "public"."Merchant"."businessName", "public"."Merchant"."category", "public"."Merchant"."phoneNumber", "public"."Merchant"."logoUrl", "public"."Merchant"."websiteUrl", "public"."Merchant"."facebookUrl", "public"."Merchant"."instagramUrl", "public"."Merchant"."subscriptionStatus"::text, "public"."Merchant"."subscriptionTier"::text, "public"."Merchant"."subscriptionExpiresAt", "public"."Merchant"."createdAt", "public"."Merchant"."updatedAt", "public"."Merchant"."deletedAt" FROM "public"."Merchant" WHERE ("public"."Merchant"."id" = $1 AND "public"."Merchant"."deletedAt" IS NULL) LIMIT $2 OFFSET $3
prisma:query SELECT "public"."CustomerStamp"."id", "public"."CustomerStamp"."customerPhone", "public"."CustomerStamp"."createdAt" FROM "public"."CustomerStamp" WHERE ("public"."CustomerStamp"."merchantId" = $1 AND "public"."CustomerStamp"."deletedAt" IS NULL) OFFSET $2
prisma:query SELECT "public"."ScratchResult"."id", "public"."ScratchResult"."offerId", "public"."ScratchResult"."customerPhone", "public"."ScratchResult"."scratchedAt" FROM "public"."ScratchResult" WHERE ("public"."ScratchResult"."merchantId" = $1 AND "public"."ScratchResult"."scratchedAt" >= $2 AND "public"."ScratchResult"."scratchedAt" < $3) OFFSET $4
prisma:query SELECT "public"."ActivityEvent"."id", "public"."ActivityEvent"."type"::text, "public"."ActivityEvent"."offerId", "public"."ActivityEvent"."customerPhone", "public"."ActivityEvent"."createdAt" FROM "public"."ActivityEvent" WHERE ("public"."ActivityEvent"."merchantId" = $1 AND "public"."ActivityEvent"."createdAt" >= $2 AND "public"."ActivityEvent"."createdAt" < $3) OFFSET $4
prisma:query SELECT "public"."Offer"."id", "public"."Offer"."title", "public"."Offer"."offerType"::text FROM "public"."Offer" WHERE "public"."Offer"."merchantId" = $1 OFFSET $2
 GET /api/merchant/analytics?from=2026-08-26&to=2026-09-24 200 in 52ms
 GET /.well-known/appspecific/com.chrome.devtools.json 404 in 85ms
 ○ Compiling /customers ...
 ✓ Compiled /customers in 677ms (806 modules)
 GET /customers 200 in 1210ms
 ○ Compiling /welcome ...
 ✓ Compiled /welcome in 637ms (811 modules)
prisma:query SELECT 1
prisma:query SELECT "public"."Merchant"."id", "public"."Merchant"."cognitoSub", "public"."Merchant"."businessName", "public"."Merchant"."category", "public"."Merchant"."phoneNumber", "public"."Merchant"."logoUrl", "public"."Merchant"."websiteUrl", "public"."Merchant"."facebookUrl", "public"."Merchant"."instagramUrl", "public"."Merchant"."subscriptionStatus"::text, "public"."Merchant"."subscriptionTier"::text, "public"."Merchant"."subscriptionExpiresAt", "public"."Merchant"."createdAt", "public"."Merchant"."updatedAt", "public"."Merchant"."deletedAt" FROM "public"."Merchant" WHERE ("public"."Merchant"."id" = $1 AND 1=1) LIMIT $2 OFFSET $3
 GET /api/auth/me 200 in 826ms
 GET /welcome 200 in 1181ms
prisma:query SELECT "public"."Merchant"."id", "public"."Merchant"."cognitoSub", "public"."Merchant"."businessName", "public"."Merchant"."category", "public"."Merchant"."phoneNumber", "public"."Merchant"."logoUrl", "public"."Merchant"."websiteUrl", "public"."Merchant"."facebookUrl", "public"."Merchant"."instagramUrl", "public"."Merchant"."subscriptionStatus"::text, "public"."Merchant"."subscriptionTier"::text, "public"."Merchant"."subscriptionExpiresAt", "public"."Merchant"."createdAt", "public"."Merchant"."updatedAt", "public"."Merchant"."deletedAt" FROM "public"."Merchant" WHERE ("public"."Merchant"."id" = $1 AND 1=1) LIMIT $2 OFFSET $3
 GET /api/auth/me 200 in 34ms
 ○ Compiling /api/merchant/customers ...
 ✓ Compiled /api/merchant/customers in 596ms (813 modules)
prisma:query SELECT "public"."Merchant"."id", "public"."Merchant"."cognitoSub", "public"."Merchant"."businessName", "public"."Merchant"."category", "public"."Merchant"."phoneNumber", "public"."Merchant"."logoUrl", "public"."Merchant"."websiteUrl", "public"."Merchant"."facebookUrl", "public"."Merchant"."instagramUrl", "public"."Merchant"."subscriptionStatus"::text, "public"."Merchant"."subscriptionTier"::text, "public"."Merchant"."subscriptionExpiresAt", "public"."Merchant"."createdAt", "public"."Merchant"."updatedAt", "public"."Merchant"."deletedAt" FROM "public"."Merchant" WHERE ("public"."Merchant"."id" = $1 AND "public"."Merchant"."deletedAt" IS NULL) LIMIT $2 OFFSET $3
prisma:query SELECT 1
prisma:query SELECT 1
prisma:query SELECT COUNT(*) FROM (SELECT "public"."CustomerStamp"."id" FROM "public"."CustomerStamp" WHERE ("public"."CustomerStamp"."merchantId" = $1 AND "public"."CustomerStamp"."deletedAt" IS NULL) OFFSET $2) AS "sub"
prisma:query SELECT COUNT(*) FROM (SELECT "public"."CustomerStamp"."id" FROM "public"."CustomerStamp" WHERE ("public"."CustomerStamp"."merchantId" = $1 AND "public"."CustomerStamp"."deletedAt" IS NULL) OFFSET $2) AS "sub"
prisma:query SELECT "public"."CustomerStamp"."id", "public"."CustomerStamp"."customerPhone", "public"."CustomerStamp"."stampsCollected", "public"."CustomerStamp"."totalRedeemed", "public"."CustomerStamp"."lastScannedAt", "public"."CustomerStamp"."lastReviewAt", "public"."CustomerStamp"."createdAt" FROM "public"."CustomerStamp" WHERE ("public"."CustomerStamp"."merchantId" = $1 AND "public"."CustomerStamp"."deletedAt" IS NULL) ORDER BY "public"."CustomerStamp"."lastScannedAt" DESC, "public"."CustomerStamp"."createdAt" DESC LIMIT $2 OFFSET $3
 GET /api/merchant/customers?page=1&pageSize=20 200 in 703ms
prisma:query SELECT "public"."Merchant"."id", "public"."Merchant"."cognitoSub", "public"."Merchant"."businessName", "public"."Merchant"."category", "public"."Merchant"."phoneNumber", "public"."Merchant"."logoUrl", "public"."Merchant"."websiteUrl", "public"."Merchant"."facebookUrl", "public"."Merchant"."instagramUrl", "public"."Merchant"."subscriptionStatus"::text, "public"."Merchant"."subscriptionTier"::text, "public"."Merchant"."subscriptionExpiresAt", "public"."Merchant"."createdAt", "public"."Merchant"."updatedAt", "public"."Merchant"."deletedAt" FROM "public"."Merchant" WHERE ("public"."Merchant"."id" = $1 AND "public"."Merchant"."deletedAt" IS NULL) LIMIT $2 OFFSET $3
prisma:query SELECT COUNT(*) FROM (SELECT "public"."CustomerStamp"."id" FROM "public"."CustomerStamp" WHERE ("public"."CustomerStamp"."merchantId" = $1 AND "public"."CustomerStamp"."deletedAt" IS NULL) OFFSET $2) AS "sub"
prisma:query SELECT "public"."CustomerStamp"."id", "public"."CustomerStamp"."customerPhone", "public"."CustomerStamp"."stampsCollected", "public"."CustomerStamp"."totalRedeemed", "public"."CustomerStamp"."lastScannedAt", "public"."CustomerStamp"."lastReviewAt", "public"."CustomerStamp"."createdAt" FROM "public"."CustomerStamp" WHERE ("public"."CustomerStamp"."merchantId" = $1 AND "public"."CustomerStamp"."deletedAt" IS NULL) ORDER BY "public"."CustomerStamp"."lastScannedAt" DESC, "public"."CustomerStamp"."createdAt" DESC LIMIT $2 OFFSET $3
prisma:query SELECT COUNT(*) FROM (SELECT "public"."CustomerStamp"."id" FROM "public"."CustomerStamp" WHERE ("public"."CustomerStamp"."merchantId" = $1 AND "public"."CustomerStamp"."deletedAt" IS NULL) OFFSET $2) AS "sub"
 GET /api/merchant/customers?page=1&pageSize=20 200 in 44ms
 ✓ Compiled /dashboard in 398ms (819 modules)
 GET /dashboard 200 in 651ms
prisma:query SELECT "public"."Merchant"."id", "public"."Merchant"."cognitoSub", "public"."Merchant"."businessName", "public"."Merchant"."category", "public"."Merchant"."phoneNumber", "public"."Merchant"."logoUrl", "public"."Merchant"."websiteUrl", "public"."Merchant"."facebookUrl", "public"."Merchant"."instagramUrl", "public"."Merchant"."subscriptionStatus"::text, "public"."Merchant"."subscriptionTier"::text, "public"."Merchant"."subscriptionExpiresAt", "public"."Merchant"."createdAt", "public"."Merchant"."updatedAt", "public"."Merchant"."deletedAt" FROM "public"."Merchant" WHERE ("public"."Merchant"."id" = $1 AND 1=1) LIMIT $2 OFFSET $3
 GET /api/auth/me 200 in 39ms
prisma:query SELECT "public"."Merchant"."id", "public"."Merchant"."cognitoSub", "public"."Merchant"."businessName", "public"."Merchant"."category", "public"."Merchant"."phoneNumber", "public"."Merchant"."logoUrl", "public"."Merchant"."websiteUrl", "public"."Merchant"."facebookUrl", "public"."Merchant"."instagramUrl", "public"."Merchant"."subscriptionStatus"::text, "public"."Merchant"."subscriptionTier"::text, "public"."Merchant"."subscriptionExpiresAt", "public"."Merchant"."createdAt", "public"."Merchant"."updatedAt", "public"."Merchant"."deletedAt" FROM "public"."Merchant" WHERE ("public"."Merchant"."id" = $1 AND 1=1) LIMIT $2 OFFSET $3
 GET /api/auth/me 200 in 27ms
 ✓ Compiled /api/offers in 364ms (821 modules)
 ✓ Compiled (823 modules)
prisma:query SELECT "public"."Merchant"."id", "public"."Merchant"."cognitoSub", "public"."Merchant"."businessName", "public"."Merchant"."category", "public"."Merchant"."phoneNumber", "public"."Merchant"."logoUrl", "public"."Merchant"."websiteUrl", "public"."Merchant"."facebookUrl", "public"."Merchant"."instagramUrl", "public"."Merchant"."subscriptionStatus"::text, "public"."Merchant"."subscriptionTier"::text, "public"."Merchant"."subscriptionExpiresAt", "public"."Merchant"."createdAt", "public"."Merchant"."updatedAt", "public"."Merchant"."deletedAt" FROM "public"."Merchant" WHERE ("public"."Merchant"."id" = $1 AND "public"."Merchant"."deletedAt" IS NULL) LIMIT $2 OFFSET $3
prisma:query SELECT 1
prisma:query SELECT "public"."Merchant"."id", "public"."Merchant"."cognitoSub", "public"."Merchant"."businessName", "public"."Merchant"."category", "public"."Merchant"."phoneNumber", "public"."Merchant"."logoUrl", "public"."Merchant"."websiteUrl", "public"."Merchant"."facebookUrl", "public"."Merchant"."instagramUrl", "public"."Merchant"."subscriptionStatus"::text, "public"."Merchant"."subscriptionTier"::text, "public"."Merchant"."subscriptionExpiresAt", "public"."Merchant"."createdAt", "public"."Merchant"."updatedAt", "public"."Merchant"."deletedAt" FROM "public"."Merchant" WHERE ("public"."Merchant"."id" = $1 AND "public"."Merchant"."deletedAt" IS NULL) LIMIT $2 OFFSET $3
prisma:query SELECT 1
prisma:query SELECT "public"."Offer"."id", "public"."Offer"."merchantId", "public"."Offer"."title", "public"."Offer"."offerType"::text, "public"."Offer"."rewardType"::text, "public"."Offer"."requiredStamps", "public"."Offer"."scratchMode"::text, "public"."Offer"."scratchCursor", "public"."Offer"."scratchOrder", "public"."Offer"."durationDays", "public"."Offer"."posterTemplateUrl", "public"."Offer"."finalPosterUrl", "public"."Offer"."isActive", "public"."Offer"."createdAt", "public"."Offer"."updatedAt", "public"."Offer"."deletedAt" FROM "public"."Offer" WHERE ("public"."Offer"."merchantId" = $1 AND "public"."Offer"."deletedAt" IS NULL) ORDER BY "public"."Offer"."createdAt" DESC OFFSET $2
prisma:query SELECT 1
prisma:query SELECT 1
prisma:query SELECT COUNT(*) FROM (SELECT "public"."Branch"."id" FROM "public"."Branch" WHERE ("public"."Branch"."merchantId" = $1 AND "public"."Branch"."deletedAt" IS NULL) OFFSET $2) AS "sub"
prisma:query SELECT COUNT(*) FROM (SELECT "public"."Offer"."id" FROM "public"."Offer" WHERE ("public"."Offer"."merchantId" = $1 AND "public"."Offer"."deletedAt" IS NULL) OFFSET $2) AS "sub"
prisma:query SELECT COUNT(*) FROM (SELECT "public"."Offer"."id" FROM "public"."Offer" WHERE ("public"."Offer"."merchantId" = $1 AND "public"."Offer"."deletedAt" IS NULL AND "public"."Offer"."isActive" = $2) OFFSET $3) AS "sub"
prisma:query SELECT COUNT(*) FROM (SELECT "public"."CustomerStamp"."id" FROM "public"."CustomerStamp" WHERE ("public"."CustomerStamp"."merchantId" = $1 AND "public"."CustomerStamp"."deletedAt" IS NULL) OFFSET $2) AS "sub"
 GET /api/offers 200 in 881ms
prisma:query SELECT SUM("stampsCollected"), SUM("totalRedeemed") FROM (SELECT "public"."CustomerStamp"."stampsCollected", "public"."CustomerStamp"."totalRedeemed" FROM "public"."CustomerStamp" WHERE ("public"."CustomerStamp"."merchantId" = $1 AND "public"."CustomerStamp"."deletedAt" IS NULL) OFFSET $2) AS "sub"
 GET /api/merchant/stats 200 in 892ms
prisma:query SELECT "public"."Merchant"."id", "public"."Merchant"."cognitoSub", "public"."Merchant"."businessName", "public"."Merchant"."category", "public"."Merchant"."phoneNumber", "public"."Merchant"."logoUrl", "public"."Merchant"."websiteUrl", "public"."Merchant"."facebookUrl", "public"."Merchant"."instagramUrl", "public"."Merchant"."subscriptionStatus"::text, "public"."Merchant"."subscriptionTier"::text, "public"."Merchant"."subscriptionExpiresAt", "public"."Merchant"."createdAt", "public"."Merchant"."updatedAt", "public"."Merchant"."deletedAt" FROM "public"."Merchant" WHERE ("public"."Merchant"."id" = $1 AND "public"."Merchant"."deletedAt" IS NULL) LIMIT $2 OFFSET $3
prisma:query SELECT "public"."Offer"."id", "public"."Offer"."merchantId", "public"."Offer"."title", "public"."Offer"."offerType"::text, "public"."Offer"."rewardType"::text, "public"."Offer"."requiredStamps", "public"."Offer"."scratchMode"::text, "public"."Offer"."scratchCursor", "public"."Offer"."scratchOrder", "public"."Offer"."durationDays", "public"."Offer"."posterTemplateUrl", "public"."Offer"."finalPosterUrl", "public"."Offer"."isActive", "public"."Offer"."createdAt", "public"."Offer"."updatedAt", "public"."Offer"."deletedAt" FROM "public"."Offer" WHERE ("public"."Offer"."merchantId" = $1 AND "public"."Offer"."deletedAt" IS NULL) ORDER BY "public"."Offer"."createdAt" DESC OFFSET $2
 GET /api/offers 200 in 72ms
prisma:query SELECT "public"."Merchant"."id", "public"."Merchant"."cognitoSub", "public"."Merchant"."businessName", "public"."Merchant"."category", "public"."Merchant"."phoneNumber", "public"."Merchant"."logoUrl", "public"."Merchant"."websiteUrl", "public"."Merchant"."facebookUrl", "public"."Merchant"."instagramUrl", "public"."Merchant"."subscriptionStatus"::text, "public"."Merchant"."subscriptionTier"::text, "public"."Merchant"."subscriptionExpiresAt", "public"."Merchant"."createdAt", "public"."Merchant"."updatedAt", "public"."Merchant"."deletedAt" FROM "public"."Merchant" WHERE ("public"."Merchant"."id" = $1 AND "public"."Merchant"."deletedAt" IS NULL) LIMIT $2 OFFSET $3
prisma:query SELECT COUNT(*) FROM (SELECT "public"."Offer"."id" FROM "public"."Offer" WHERE ("public"."Offer"."merchantId" = $1 AND "public"."Offer"."deletedAt" IS NULL AND "public"."Offer"."isActive" = $2) OFFSET $3) AS "sub"
prisma:query SELECT COUNT(*) FROM (SELECT "public"."Offer"."id" FROM "public"."Offer" WHERE ("public"."Offer"."merchantId" = $1 AND "public"."Offer"."deletedAt" IS NULL) OFFSET $2) AS "sub"
prisma:query SELECT COUNT(*) FROM (SELECT "public"."Branch"."id" FROM "public"."Branch" WHERE ("public"."Branch"."merchantId" = $1 AND "public"."Branch"."deletedAt" IS NULL) OFFSET $2) AS "sub"
prisma:query SELECT COUNT(*) FROM (SELECT "public"."CustomerStamp"."id" FROM "public"."CustomerStamp" WHERE ("public"."CustomerStamp"."merchantId" = $1 AND "public"."CustomerStamp"."deletedAt" IS NULL) OFFSET $2) AS "sub"
prisma:query SELECT SUM("stampsCollected"), SUM("totalRedeemed") FROM (SELECT "public"."CustomerStamp"."stampsCollected", "public"."CustomerStamp"."totalRedeemed" FROM "public"."CustomerStamp" WHERE ("public"."CustomerStamp"."merchantId" = $1 AND "public"."CustomerStamp"."deletedAt" IS NULL) OFFSET $2) AS "sub"
 GET /api/merchant/stats 200 in 82ms
 ✓ Compiled /offers/new in 374ms (825 modules)
 GET /.well-known/appspecific/com.chrome.devtools.json 404 in 57ms
 GET /.well-known/appspecific/com.chrome.devtools.json 404 in 115ms
 GET /customers 200 in 209ms
prisma:query SELECT 1
prisma:query SELECT "public"."Merchant"."id", "public"."Merchant"."cognitoSub", "public"."Merchant"."businessName", "public"."Merchant"."category", "public"."Merchant"."phoneNumber", "public"."Merchant"."logoUrl", "public"."Merchant"."websiteUrl", "public"."Merchant"."facebookUrl", "public"."Merchant"."instagramUrl", "public"."Merchant"."subscriptionStatus"::text, "public"."Merchant"."subscriptionTier"::text, "public"."Merchant"."subscriptionExpiresAt", "public"."Merchant"."createdAt", "public"."Merchant"."updatedAt", "public"."Merchant"."deletedAt" FROM "public"."Merchant" WHERE ("public"."Merchant"."id" = $1 AND 1=1) LIMIT $2 OFFSET $3
 GET /api/auth/me 200 in 43ms
prisma:query SELECT "public"."Merchant"."id", "public"."Merchant"."cognitoSub", "public"."Merchant"."businessName", "public"."Merchant"."category", "public"."Merchant"."phoneNumber", "public"."Merchant"."logoUrl", "public"."Merchant"."websiteUrl", "public"."Merchant"."facebookUrl", "public"."Merchant"."instagramUrl", "public"."Merchant"."subscriptionStatus"::text, "public"."Merchant"."subscriptionTier"::text, "public"."Merchant"."subscriptionExpiresAt", "public"."Merchant"."createdAt", "public"."Merchant"."updatedAt", "public"."Merchant"."deletedAt" FROM "public"."Merchant" WHERE ("public"."Merchant"."id" = $1 AND 1=1) LIMIT $2 OFFSET $3
 GET /api/auth/me 200 in 33ms
prisma:query SELECT "public"."Merchant"."id", "public"."Merchant"."cognitoSub", "public"."Merchant"."businessName", "public"."Merchant"."category", "public"."Merchant"."phoneNumber", "public"."Merchant"."logoUrl", "public"."Merchant"."websiteUrl", "public"."Merchant"."facebookUrl", "public"."Merchant"."instagramUrl", "public"."Merchant"."subscriptionStatus"::text, "public"."Merchant"."subscriptionTier"::text, "public"."Merchant"."subscriptionExpiresAt", "public"."Merchant"."createdAt", "public"."Merchant"."updatedAt", "public"."Merchant"."deletedAt" FROM "public"."Merchant" WHERE ("public"."Merchant"."id" = $1 AND "public"."Merchant"."deletedAt" IS NULL) LIMIT $2 OFFSET $3
prisma:query SELECT 1
prisma:query SELECT COUNT(*) FROM (SELECT "public"."CustomerStamp"."id" FROM "public"."CustomerStamp" WHERE ("public"."CustomerStamp"."merchantId" = $1 AND "public"."CustomerStamp"."deletedAt" IS NULL) OFFSET $2) AS "sub"
prisma:query SELECT "public"."CustomerStamp"."id", "public"."CustomerStamp"."customerPhone", "public"."CustomerStamp"."stampsCollected", "public"."CustomerStamp"."totalRedeemed", "public"."CustomerStamp"."lastScannedAt", "public"."CustomerStamp"."lastReviewAt", "public"."CustomerStamp"."createdAt" FROM "public"."CustomerStamp" WHERE ("public"."CustomerStamp"."merchantId" = $1 AND "public"."CustomerStamp"."deletedAt" IS NULL) ORDER BY "public"."CustomerStamp"."lastScannedAt" DESC, "public"."CustomerStamp"."createdAt" DESC LIMIT $2 OFFSET $3
prisma:query SELECT COUNT(*) FROM (SELECT "public"."CustomerStamp"."id" FROM "public"."CustomerStamp" WHERE ("public"."CustomerStamp"."merchantId" = $1 AND "public"."CustomerStamp"."deletedAt" IS NULL) OFFSET $2) AS "sub"
 GET /api/merchant/customers?page=1&pageSize=20 200 in 260ms
prisma:query SELECT "public"."Merchant"."id", "public"."Merchant"."cognitoSub", "public"."Merchant"."businessName", "public"."Merchant"."category", "public"."Merchant"."phoneNumber", "public"."Merchant"."logoUrl", "public"."Merchant"."websiteUrl", "public"."Merchant"."facebookUrl", "public"."Merchant"."instagramUrl", "public"."Merchant"."subscriptionStatus"::text, "public"."Merchant"."subscriptionTier"::text, "public"."Merchant"."subscriptionExpiresAt", "public"."Merchant"."createdAt", "public"."Merchant"."updatedAt", "public"."Merchant"."deletedAt" FROM "public"."Merchant" WHERE ("public"."Merchant"."id" = $1 AND "public"."Merchant"."deletedAt" IS NULL) LIMIT $2 OFFSET $3
prisma:query SELECT COUNT(*) FROM (SELECT "public"."CustomerStamp"."id" FROM "public"."CustomerStamp" WHERE ("public"."CustomerStamp"."merchantId" = $1 AND "public"."CustomerStamp"."deletedAt" IS NULL) OFFSET $2) AS "sub"
prisma:query SELECT COUNT(*) FROM (SELECT "public"."CustomerStamp"."id" FROM "public"."CustomerStamp" WHERE ("public"."CustomerStamp"."merchantId" = $1 AND "public"."CustomerStamp"."deletedAt" IS NULL) OFFSET $2) AS "sub"
prisma:query SELECT "public"."CustomerStamp"."id", "public"."CustomerStamp"."customerPhone", "public"."CustomerStamp"."stampsCollected", "public"."CustomerStamp"."totalRedeemed", "public"."CustomerStamp"."lastScannedAt", "public"."CustomerStamp"."lastReviewAt", "public"."CustomerStamp"."createdAt" FROM "public"."CustomerStamp" WHERE ("public"."CustomerStamp"."merchantId" = $1 AND "public"."CustomerStamp"."deletedAt" IS NULL) ORDER BY "public"."CustomerStamp"."lastScannedAt" DESC, "public"."CustomerStamp"."createdAt" DESC LIMIT $2 OFFSET $3
 GET /api/merchant/customers?page=1&pageSize=20 200 in 69ms
 GET /analytics 200 in 101ms
prisma:query SELECT "public"."Merchant"."id", "public"."Merchant"."cognitoSub", "public"."Merchant"."businessName", "public"."Merchant"."category", "public"."Merchant"."phoneNumber", "public"."Merchant"."logoUrl", "public"."Merchant"."websiteUrl", "public"."Merchant"."facebookUrl", "public"."Merchant"."instagramUrl", "public"."Merchant"."subscriptionStatus"::text, "public"."Merchant"."subscriptionTier"::text, "public"."Merchant"."subscriptionExpiresAt", "public"."Merchant"."createdAt", "public"."Merchant"."updatedAt", "public"."Merchant"."deletedAt" FROM "public"."Merchant" WHERE ("public"."Merchant"."id" = $1 AND 1=1) LIMIT $2 OFFSET $3
 GET /api/auth/me 200 in 41ms
prisma:query SELECT "public"."Merchant"."id", "public"."Merchant"."cognitoSub", "public"."Merchant"."businessName", "public"."Merchant"."category", "public"."Merchant"."phoneNumber", "public"."Merchant"."logoUrl", "public"."Merchant"."websiteUrl", "public"."Merchant"."facebookUrl", "public"."Merchant"."instagramUrl", "public"."Merchant"."subscriptionStatus"::text, "public"."Merchant"."subscriptionTier"::text, "public"."Merchant"."subscriptionExpiresAt", "public"."Merchant"."createdAt", "public"."Merchant"."updatedAt", "public"."Merchant"."deletedAt" FROM "public"."Merchant" WHERE ("public"."Merchant"."id" = $1 AND 1=1) LIMIT $2 OFFSET $3
 GET /api/auth/me 200 in 33ms
 ○ Compiling /api/merchant/analytics ...
 ✓ Compiled /api/merchant/analytics in 1114ms (795 modules)
prisma:query SELECT "public"."Merchant"."id", "public"."Merchant"."cognitoSub", "public"."Merchant"."businessName", "public"."Merchant"."category", "public"."Merchant"."phoneNumber", "public"."Merchant"."logoUrl", "public"."Merchant"."websiteUrl", "public"."Merchant"."facebookUrl", "public"."Merchant"."instagramUrl", "public"."Merchant"."subscriptionStatus"::text, "public"."Merchant"."subscriptionTier"::text, "public"."Merchant"."subscriptionExpiresAt", "public"."Merchant"."createdAt", "public"."Merchant"."updatedAt", "public"."Merchant"."deletedAt" FROM "public"."Merchant" WHERE ("public"."Merchant"."id" = $1 AND "public"."Merchant"."deletedAt" IS NULL) LIMIT $2 OFFSET $3
prisma:query SELECT "public"."CustomerStamp"."id", "public"."CustomerStamp"."customerPhone", "public"."CustomerStamp"."createdAt" FROM "public"."CustomerStamp" WHERE ("public"."CustomerStamp"."merchantId" = $1 AND "public"."CustomerStamp"."deletedAt" IS NULL) OFFSET $2
prisma:query SELECT "public"."ActivityEvent"."id", "public"."ActivityEvent"."type"::text, "public"."ActivityEvent"."offerId", "public"."ActivityEvent"."customerPhone", "public"."ActivityEvent"."createdAt" FROM "public"."ActivityEvent" WHERE ("public"."ActivityEvent"."merchantId" = $1 AND "public"."ActivityEvent"."createdAt" >= $2 AND "public"."ActivityEvent"."createdAt" < $3) OFFSET $4
prisma:query SELECT "public"."Offer"."id", "public"."Offer"."title", "public"."Offer"."offerType"::text FROM "public"."Offer" WHERE "public"."Offer"."merchantId" = $1 OFFSET $2
prisma:query SELECT "public"."ScratchResult"."id", "public"."ScratchResult"."offerId", "public"."ScratchResult"."customerPhone", "public"."ScratchResult"."scratchedAt" FROM "public"."ScratchResult" WHERE ("public"."ScratchResult"."merchantId" = $1 AND "public"."ScratchResult"."scratchedAt" >= $2 AND "public"."ScratchResult"."scratchedAt" < $3) OFFSET $4
 GET /api/merchant/analytics?from=2026-08-26&to=2026-09-24 200 in 1461ms
prisma:query SELECT "public"."Merchant"."id", "public"."Merchant"."cognitoSub", "public"."Merchant"."businessName", "public"."Merchant"."category", "public"."Merchant"."phoneNumber", "public"."Merchant"."logoUrl", "public"."Merchant"."websiteUrl", "public"."Merchant"."facebookUrl", "public"."Merchant"."instagramUrl", "public"."Merchant"."subscriptionStatus"::text, "public"."Merchant"."subscriptionTier"::text, "public"."Merchant"."subscriptionExpiresAt", "public"."Merchant"."createdAt", "public"."Merchant"."updatedAt", "public"."Merchant"."deletedAt" FROM "public"."Merchant" WHERE ("public"."Merchant"."id" = $1 AND "public"."Merchant"."deletedAt" IS NULL) LIMIT $2 OFFSET $3
prisma:query SELECT "public"."CustomerStamp"."id", "public"."CustomerStamp"."customerPhone", "public"."CustomerStamp"."createdAt" FROM "public"."CustomerStamp" WHERE ("public"."CustomerStamp"."merchantId" = $1 AND "public"."CustomerStamp"."deletedAt" IS NULL) OFFSET $2
prisma:query SELECT "public"."Offer"."id", "public"."Offer"."title", "public"."Offer"."offerType"::text FROM "public"."Offer" WHERE "public"."Offer"."merchantId" = $1 OFFSET $2
prisma:query SELECT "public"."ScratchResult"."id", "public"."ScratchResult"."offerId", "public"."ScratchResult"."customerPhone", "public"."ScratchResult"."scratchedAt" FROM "public"."ScratchResult" WHERE ("public"."ScratchResult"."merchantId" = $1 AND "public"."ScratchResult"."scratchedAt" >= $2 AND "public"."ScratchResult"."scratchedAt" < $3) OFFSET $4
prisma:query SELECT "public"."ActivityEvent"."id", "public"."ActivityEvent"."type"::text, "public"."ActivityEvent"."offerId", "public"."ActivityEvent"."customerPhone", "public"."ActivityEvent"."createdAt" FROM "public"."ActivityEvent" WHERE ("public"."ActivityEvent"."merchantId" = $1 AND "public"."ActivityEvent"."createdAt" >= $2 AND "public"."ActivityEvent"."createdAt" < $3) OFFSET $4
 GET /api/merchant/analytics?from=2026-08-26&to=2026-09-24 200 in 222ms
 GET /customers 200 in 206ms
prisma:query SELECT "public"."Merchant"."id", "public"."Merchant"."cognitoSub", "public"."Merchant"."businessName", "public"."Merchant"."category", "public"."Merchant"."phoneNumber", "public"."Merchant"."logoUrl", "public"."Merchant"."websiteUrl", "public"."Merchant"."facebookUrl", "public"."Merchant"."instagramUrl", "public"."Merchant"."subscriptionStatus"::text, "public"."Merchant"."subscriptionTier"::text, "public"."Merchant"."subscriptionExpiresAt", "public"."Merchant"."createdAt", "public"."Merchant"."updatedAt", "public"."Merchant"."deletedAt" FROM "public"."Merchant" WHERE ("public"."Merchant"."id" = $1 AND 1=1) LIMIT $2 OFFSET $3
 GET /api/auth/me 200 in 34ms
prisma:query SELECT "public"."Merchant"."id", "public"."Merchant"."cognitoSub", "public"."Merchant"."businessName", "public"."Merchant"."category", "public"."Merchant"."phoneNumber", "public"."Merchant"."logoUrl", "public"."Merchant"."websiteUrl", "public"."Merchant"."facebookUrl", "public"."Merchant"."instagramUrl", "public"."Merchant"."subscriptionStatus"::text, "public"."Merchant"."subscriptionTier"::text, "public"."Merchant"."subscriptionExpiresAt", "public"."Merchant"."createdAt", "public"."Merchant"."updatedAt", "public"."Merchant"."deletedAt" FROM "public"."Merchant" WHERE ("public"."Merchant"."id" = $1 AND 1=1) LIMIT $2 OFFSET $3
 GET /api/auth/me 200 in 42ms
prisma:query SELECT "public"."Merchant"."id", "public"."Merchant"."cognitoSub", "public"."Merchant"."businessName", "public"."Merchant"."category", "public"."Merchant"."phoneNumber", "public"."Merchant"."logoUrl", "public"."Merchant"."websiteUrl", "public"."Merchant"."facebookUrl", "public"."Merchant"."instagramUrl", "public"."Merchant"."subscriptionStatus"::text, "public"."Merchant"."subscriptionTier"::text, "public"."Merchant"."subscriptionExpiresAt", "public"."Merchant"."createdAt", "public"."Merchant"."updatedAt", "public"."Merchant"."deletedAt" FROM "public"."Merchant" WHERE ("public"."Merchant"."id" = $1 AND "public"."Merchant"."deletedAt" IS NULL) LIMIT $2 OFFSET $3
prisma:query SELECT 1
prisma:query SELECT COUNT(*) FROM (SELECT "public"."CustomerStamp"."id" FROM "public"."CustomerStamp" WHERE ("public"."CustomerStamp"."merchantId" = $1 AND "public"."CustomerStamp"."deletedAt" IS NULL) OFFSET $2) AS "sub"
prisma:query SELECT 1
prisma:query SELECT COUNT(*) FROM (SELECT "public"."CustomerStamp"."id" FROM "public"."CustomerStamp" WHERE ("public"."CustomerStamp"."merchantId" = $1 AND "public"."CustomerStamp"."deletedAt" IS NULL) OFFSET $2) AS "sub"
prisma:query SELECT "public"."CustomerStamp"."id", "public"."CustomerStamp"."customerPhone", "public"."CustomerStamp"."stampsCollected", "public"."CustomerStamp"."totalRedeemed", "public"."CustomerStamp"."lastScannedAt", "public"."CustomerStamp"."lastReviewAt", "public"."CustomerStamp"."createdAt" FROM "public"."CustomerStamp" WHERE ("public"."CustomerStamp"."merchantId" = $1 AND "public"."CustomerStamp"."deletedAt" IS NULL) ORDER BY "public"."CustomerStamp"."lastScannedAt" DESC, "public"."CustomerStamp"."createdAt" DESC LIMIT $2 OFFSET $3
 GET /api/merchant/customers?page=1&pageSize=20 200 in 98ms
prisma:query SELECT "public"."Merchant"."id", "public"."Merchant"."cognitoSub", "public"."Merchant"."businessName", "public"."Merchant"."category", "public"."Merchant"."phoneNumber", "public"."Merchant"."logoUrl", "public"."Merchant"."websiteUrl", "public"."Merchant"."facebookUrl", "public"."Merchant"."instagramUrl", "public"."Merchant"."subscriptionStatus"::text, "public"."Merchant"."subscriptionTier"::text, "public"."Merchant"."subscriptionExpiresAt", "public"."Merchant"."createdAt", "public"."Merchant"."updatedAt", "public"."Merchant"."deletedAt" FROM "public"."Merchant" WHERE ("public"."Merchant"."id" = $1 AND "public"."Merchant"."deletedAt" IS NULL) LIMIT $2 OFFSET $3
prisma:query SELECT COUNT(*) FROM (SELECT "public"."CustomerStamp"."id" FROM "public"."CustomerStamp" WHERE ("public"."CustomerStamp"."merchantId" = $1 AND "public"."CustomerStamp"."deletedAt" IS NULL) OFFSET $2) AS "sub"
prisma:query SELECT COUNT(*) FROM (SELECT "public"."CustomerStamp"."id" FROM "public"."CustomerStamp" WHERE ("public"."CustomerStamp"."merchantId" = $1 AND "public"."CustomerStamp"."deletedAt" IS NULL) OFFSET $2) AS "sub"
prisma:query SELECT "public"."CustomerStamp"."id", "public"."CustomerStamp"."customerPhone", "public"."CustomerStamp"."stampsCollected", "public"."CustomerStamp"."totalRedeemed", "public"."CustomerStamp"."lastScannedAt", "public"."CustomerStamp"."lastReviewAt", "public"."CustomerStamp"."createdAt" FROM "public"."CustomerStamp" WHERE ("public"."CustomerStamp"."merchantId" = $1 AND "public"."CustomerStamp"."deletedAt" IS NULL) ORDER BY "public"."CustomerStamp"."lastScannedAt" DESC, "public"."CustomerStamp"."createdAt" DESC LIMIT $2 OFFSET $3
 GET /api/merchant/customers?page=1&pageSize=20 200 in 41ms
 ○ Compiling /branches ...
 ✓ Compiled /branches in 1703ms (801 modules)
 GET /branches 200 in 1907ms
prisma:query SELECT "public"."Merchant"."id", "public"."Merchant"."cognitoSub", "public"."Merchant"."businessName", "public"."Merchant"."category", "public"."Merchant"."phoneNumber", "public"."Merchant"."logoUrl", "public"."Merchant"."websiteUrl", "public"."Merchant"."facebookUrl", "public"."Merchant"."instagramUrl", "public"."Merchant"."subscriptionStatus"::text, "public"."Merchant"."subscriptionTier"::text, "public"."Merchant"."subscriptionExpiresAt", "public"."Merchant"."createdAt", "public"."Merchant"."updatedAt", "public"."Merchant"."deletedAt" FROM "public"."Merchant" WHERE ("public"."Merchant"."id" = $1 AND 1=1) LIMIT $2 OFFSET $3
 GET /api/auth/me 200 in 46ms
prisma:query SELECT "public"."Merchant"."id", "public"."Merchant"."cognitoSub", "public"."Merchant"."businessName", "public"."Merchant"."category", "public"."Merchant"."phoneNumber", "public"."Merchant"."logoUrl", "public"."Merchant"."websiteUrl", "public"."Merchant"."facebookUrl", "public"."Merchant"."instagramUrl", "public"."Merchant"."subscriptionStatus"::text, "public"."Merchant"."subscriptionTier"::text, "public"."Merchant"."subscriptionExpiresAt", "public"."Merchant"."createdAt", "public"."Merchant"."updatedAt", "public"."Merchant"."deletedAt" FROM "public"."Merchant" WHERE ("public"."Merchant"."id" = $1 AND 1=1) LIMIT $2 OFFSET $3
 GET /api/auth/me 200 in 29ms
 ○ Compiling /api/branches ...
 ✓ Compiled /api/branches in 577ms (803 modules)
prisma:query SELECT "public"."Merchant"."id", "public"."Merchant"."cognitoSub", "public"."Merchant"."businessName", "public"."Merchant"."category", "public"."Merchant"."phoneNumber", "public"."Merchant"."logoUrl", "public"."Merchant"."websiteUrl", "public"."Merchant"."facebookUrl", "public"."Merchant"."instagramUrl", "public"."Merchant"."subscriptionStatus"::text, "public"."Merchant"."subscriptionTier"::text, "public"."Merchant"."subscriptionExpiresAt", "public"."Merchant"."createdAt", "public"."Merchant"."updatedAt", "public"."Merchant"."deletedAt" FROM "public"."Merchant" WHERE ("public"."Merchant"."id" = $1 AND "public"."Merchant"."deletedAt" IS NULL) LIMIT $2 OFFSET $3
prisma:query SELECT "public"."Branch"."id", "public"."Branch"."merchantId", "public"."Branch"."branchName", "public"."Branch"."address", "public"."Branch"."latitude", "public"."Branch"."longitude", "public"."Branch"."createdAt", "public"."Branch"."updatedAt", "public"."Branch"."deletedAt" FROM "public"."Branch" WHERE ("public"."Branch"."merchantId" = $1 AND "public"."Branch"."deletedAt" IS NULL) ORDER BY "public"."Branch"."createdAt" ASC OFFSET $2
 GET /api/branches 200 in 685ms
prisma:query SELECT "public"."Merchant"."id", "public"."Merchant"."cognitoSub", "public"."Merchant"."businessName", "public"."Merchant"."category", "public"."Merchant"."phoneNumber", "public"."Merchant"."logoUrl", "public"."Merchant"."websiteUrl", "public"."Merchant"."facebookUrl", "public"."Merchant"."instagramUrl", "public"."Merchant"."subscriptionStatus"::text, "public"."Merchant"."subscriptionTier"::text, "public"."Merchant"."subscriptionExpiresAt", "public"."Merchant"."createdAt", "public"."Merchant"."updatedAt", "public"."Merchant"."deletedAt" FROM "public"."Merchant" WHERE ("public"."Merchant"."id" = $1 AND "public"."Merchant"."deletedAt" IS NULL) LIMIT $2 OFFSET $3
prisma:query SELECT "public"."Branch"."id", "public"."Branch"."merchantId", "public"."Branch"."branchName", "public"."Branch"."address", "public"."Branch"."latitude", "public"."Branch"."longitude", "public"."Branch"."createdAt", "public"."Branch"."updatedAt", "public"."Branch"."deletedAt" FROM "public"."Branch" WHERE ("public"."Branch"."merchantId" = $1 AND "public"."Branch"."deletedAt" IS NULL) ORDER BY "public"."Branch"."createdAt" ASC OFFSET $2
 GET /api/branches 200 in 31ms
 ○ Compiling /billing ...
 ✓ Compiled /billing in 2.8s (1518 modules)
 GET /billing 200 in 3175ms
prisma:query SELECT "public"."Merchant"."id", "public"."Merchant"."cognitoSub", "public"."Merchant"."businessName", "public"."Merchant"."category", "public"."Merchant"."phoneNumber", "public"."Merchant"."logoUrl", "public"."Merchant"."websiteUrl", "public"."Merchant"."facebookUrl", "public"."Merchant"."instagramUrl", "public"."Merchant"."subscriptionStatus"::text, "public"."Merchant"."subscriptionTier"::text, "public"."Merchant"."subscriptionExpiresAt", "public"."Merchant"."createdAt", "public"."Merchant"."updatedAt", "public"."Merchant"."deletedAt" FROM "public"."Merchant" WHERE ("public"."Merchant"."id" = $1 AND 1=1) LIMIT $2 OFFSET $3
 GET /api/auth/me 200 in 47ms
prisma:query SELECT "public"."Merchant"."id", "public"."Merchant"."cognitoSub", "public"."Merchant"."businessName", "public"."Merchant"."category", "public"."Merchant"."phoneNumber", "public"."Merchant"."logoUrl", "public"."Merchant"."websiteUrl", "public"."Merchant"."facebookUrl", "public"."Merchant"."instagramUrl", "public"."Merchant"."subscriptionStatus"::text, "public"."Merchant"."subscriptionTier"::text, "public"."Merchant"."subscriptionExpiresAt", "public"."Merchant"."createdAt", "public"."Merchant"."updatedAt", "public"."Merchant"."deletedAt" FROM "public"."Merchant" WHERE ("public"."Merchant"."id" = $1 AND 1=1) LIMIT $2 OFFSET $3
 GET /api/auth/me 200 in 31ms
 ○ Compiling /api/billing ...
 ✓ Compiled /api/billing in 783ms (819 modules)
prisma:query SELECT 1
prisma:query SELECT "public"."Merchant"."id", "public"."Merchant"."cognitoSub", "public"."Merchant"."businessName", "public"."Merchant"."category", "public"."Merchant"."phoneNumber", "public"."Merchant"."logoUrl", "public"."Merchant"."websiteUrl", "public"."Merchant"."facebookUrl", "public"."Merchant"."instagramUrl", "public"."Merchant"."subscriptionStatus"::text, "public"."Merchant"."subscriptionTier"::text, "public"."Merchant"."subscriptionExpiresAt", "public"."Merchant"."createdAt", "public"."Merchant"."updatedAt", "public"."Merchant"."deletedAt" FROM "public"."Merchant" WHERE ("public"."Merchant"."id" = $1 AND "public"."Merchant"."deletedAt" IS NULL) LIMIT $2 OFFSET $3
prisma:query SELECT "public"."PaymentRequest"."id", "public"."PaymentRequest"."merchantId", "public"."PaymentRequest"."paymentMethod"::text, "public"."PaymentRequest"."senderNumber", "public"."PaymentRequest"."trxId", "public"."PaymentRequest"."amount", "public"."PaymentRequest"."requestedTier"::text, "public"."PaymentRequest"."screenshotPath", "public"."PaymentRequest"."status"::text, "public"."PaymentRequest"."createdAt", "public"."PaymentRequest"."updatedAt", "public"."PaymentRequest"."deletedAt" FROM "public"."PaymentRequest" WHERE ("public"."PaymentRequest"."merchantId" = $1 AND "public"."PaymentRequest"."deletedAt" IS NULL) ORDER BY "public"."PaymentRequest"."createdAt" DESC LIMIT $2 OFFSET $3
 GET /api/billing 200 in 890ms
prisma:query SELECT "public"."Merchant"."id", "public"."Merchant"."cognitoSub", "public"."Merchant"."businessName", "public"."Merchant"."category", "public"."Merchant"."phoneNumber", "public"."Merchant"."logoUrl", "public"."Merchant"."websiteUrl", "public"."Merchant"."facebookUrl", "public"."Merchant"."instagramUrl", "public"."Merchant"."subscriptionStatus"::text, "public"."Merchant"."subscriptionTier"::text, "public"."Merchant"."subscriptionExpiresAt", "public"."Merchant"."createdAt", "public"."Merchant"."updatedAt", "public"."Merchant"."deletedAt" FROM "public"."Merchant" WHERE ("public"."Merchant"."id" = $1 AND "public"."Merchant"."deletedAt" IS NULL) LIMIT $2 OFFSET $3
prisma:query SELECT "public"."PaymentRequest"."id", "public"."PaymentRequest"."merchantId", "public"."PaymentRequest"."paymentMethod"::text, "public"."PaymentRequest"."senderNumber", "public"."PaymentRequest"."trxId", "public"."PaymentRequest"."amount", "public"."PaymentRequest"."requestedTier"::text, "public"."PaymentRequest"."screenshotPath", "public"."PaymentRequest"."status"::text, "public"."PaymentRequest"."createdAt", "public"."PaymentRequest"."updatedAt", "public"."PaymentRequest"."deletedAt" FROM "public"."PaymentRequest" WHERE ("public"."PaymentRequest"."merchantId" = $1 AND "public"."PaymentRequest"."deletedAt" IS NULL) ORDER BY "public"."PaymentRequest"."createdAt" DESC LIMIT $2 OFFSET $3
 GET /api/billing 200 in 32ms
 ○ Compiling /_not-found ...
 ✓ Compiled /_not-found in 1335ms (1503 modules)
 GET /.well-known/appspecific/com.chrome.devtools.json 404 in 1545ms
 ○ Compiling /settings ...
 ✓ Compiled /settings in 1620ms (1515 modules)
 GET /settings 200 in 1918ms
prisma:query SELECT 1
prisma:query SELECT "public"."Merchant"."id", "public"."Merchant"."cognitoSub", "public"."Merchant"."businessName", "public"."Merchant"."category", "public"."Merchant"."phoneNumber", "public"."Merchant"."logoUrl", "public"."Merchant"."websiteUrl", "public"."Merchant"."facebookUrl", "public"."Merchant"."instagramUrl", "public"."Merchant"."subscriptionStatus"::text, "public"."Merchant"."subscriptionTier"::text, "public"."Merchant"."subscriptionExpiresAt", "public"."Merchant"."createdAt", "public"."Merchant"."updatedAt", "public"."Merchant"."deletedAt" FROM "public"."Merchant" WHERE ("public"."Merchant"."id" = $1 AND 1=1) LIMIT $2 OFFSET $3
 GET /api/auth/me 200 in 46ms
prisma:query SELECT "public"."Merchant"."id", "public"."Merchant"."cognitoSub", "public"."Merchant"."businessName", "public"."Merchant"."category", "public"."Merchant"."phoneNumber", "public"."Merchant"."logoUrl", "public"."Merchant"."websiteUrl", "public"."Merchant"."facebookUrl", "public"."Merchant"."instagramUrl", "public"."Merchant"."subscriptionStatus"::text, "public"."Merchant"."subscriptionTier"::text, "public"."Merchant"."subscriptionExpiresAt", "public"."Merchant"."createdAt", "public"."Merchant"."updatedAt", "public"."Merchant"."deletedAt" FROM "public"."Merchant" WHERE ("public"."Merchant"."id" = $1 AND 1=1) LIMIT $2 OFFSET $3
 GET /api/auth/me 200 in 29ms
 ✓ Compiled /api/merchant/settings in 514ms (823 modules)
prisma:query SELECT "public"."Merchant"."id", "public"."Merchant"."cognitoSub", "public"."Merchant"."businessName", "public"."Merchant"."category", "public"."Merchant"."phoneNumber", "public"."Merchant"."logoUrl", "public"."Merchant"."websiteUrl", "public"."Merchant"."facebookUrl", "public"."Merchant"."instagramUrl", "public"."Merchant"."subscriptionStatus"::text, "public"."Merchant"."subscriptionTier"::text, "public"."Merchant"."subscriptionExpiresAt", "public"."Merchant"."createdAt", "public"."Merchant"."updatedAt", "public"."Merchant"."deletedAt" FROM "public"."Merchant" WHERE ("public"."Merchant"."id" = $1 AND "public"."Merchant"."deletedAt" IS NULL) LIMIT $2 OFFSET $3
 GET /api/merchant/settings 200 in 658ms
prisma:query SELECT "public"."Merchant"."id", "public"."Merchant"."cognitoSub", "public"."Merchant"."businessName", "public"."Merchant"."category", "public"."Merchant"."phoneNumber", "public"."Merchant"."logoUrl", "public"."Merchant"."websiteUrl", "public"."Merchant"."facebookUrl", "public"."Merchant"."instagramUrl", "public"."Merchant"."subscriptionStatus"::text, "public"."Merchant"."subscriptionTier"::text, "public"."Merchant"."subscriptionExpiresAt", "public"."Merchant"."createdAt", "public"."Merchant"."updatedAt", "public"."Merchant"."deletedAt" FROM "public"."Merchant" WHERE ("public"."Merchant"."id" = $1 AND "public"."Merchant"."deletedAt" IS NULL) LIMIT $2 OFFSET $3
 GET /api/merchant/settings 200 in 40ms
 GET /.well-known/appspecific/com.chrome.devtools.json 404 in 509ms
 ○ Compiling /welcome ...
 ✓ Compiled /welcome in 5.4s (659 modules)
 GET /welcome 200 in 8221ms
 ○ Compiling /otp ...
 ✓ Compiled /otp in 14.3s (1374 modules)
 GET /otp 200 in 19195ms
 ✓ Compiled in 4.9s (709 modules)
 ✓ Compiled in 2.9s (709 modules)
 ○ Compiling /business-setup ...
 ✓ Compiled /business-setup in 4.4s (666 modules)
 GET /business-setup 200 in 6312ms
 ○ Compiling /scan ...
 ✓ Compiled /scan in 4.1s (680 modules)
 GET /scan 200 in 5642ms
 ○ Compiling /api/auth/me ...
 ✓ Compiled /api/auth/me in 6.2s (811 modules)
 GET /api/auth/me 401 in 11018ms
 GET /api/auth/me 401 in 188ms
 GET /api/auth/me 401 in 90ms
 GET /api/auth/me 401 in 94ms
 ○ Compiling /admin/login ...
 ✓ Compiled /admin/login in 3.5s (816 modules)
 GET /admin/login 200 in 4782ms
 ○ Compiling /api/auth/otp/send ...
 ✓ Compiled /api/auth/otp/send in 1455ms (821 modules)
[OTP:dev] 01741995455 -> 272100
 POST /api/auth/otp/send 200 in 1954ms
 ○ Compiling /api/auth/otp/verify ...
 ✓ Compiled /api/auth/otp/verify in 1949ms (823 modules)
prisma:query SELECT "public"."Merchant"."id", "public"."Merchant"."cognitoSub", "public"."Merchant"."businessName", "public"."Merchant"."category", "public"."Merchant"."phoneNumber", "public"."Merchant"."logoUrl", "public"."Merchant"."websiteUrl", "public"."Merchant"."facebookUrl", "public"."Merchant"."instagramUrl", "public"."Merchant"."subscriptionStatus"::text, "public"."Merchant"."subscriptionTier"::text, "public"."Merchant"."subscriptionExpiresAt", "public"."Merchant"."createdAt", "public"."Merchant"."updatedAt", "public"."Merchant"."deletedAt" FROM "public"."Merchant" WHERE ("public"."Merchant"."phoneNumber" = $1 AND 1=1) LIMIT $2 OFFSET $3
 POST /api/auth/otp/verify 200 in 3497ms
 ○ Compiling /dashboard ...
 ✓ Compiled /dashboard in 3.2s (828 modules)
 GET /dashboard 200 in 4648ms
prisma:query SELECT "public"."Merchant"."id", "public"."Merchant"."cognitoSub", "public"."Merchant"."businessName", "public"."Merchant"."category", "public"."Merchant"."phoneNumber", "public"."Merchant"."logoUrl", "public"."Merchant"."websiteUrl", "public"."Merchant"."facebookUrl", "public"."Merchant"."instagramUrl", "public"."Merchant"."subscriptionStatus"::text, "public"."Merchant"."subscriptionTier"::text, "public"."Merchant"."subscriptionExpiresAt", "public"."Merchant"."createdAt", "public"."Merchant"."updatedAt", "public"."Merchant"."deletedAt" FROM "public"."Merchant" WHERE ("public"."Merchant"."id" = $1 AND 1=1) LIMIT $2 OFFSET $3
 GET /api/auth/me 200 in 134ms
prisma:query SELECT "public"."Merchant"."id", "public"."Merchant"."cognitoSub", "public"."Merchant"."businessName", "public"."Merchant"."category", "public"."Merchant"."phoneNumber", "public"."Merchant"."logoUrl", "public"."Merchant"."websiteUrl", "public"."Merchant"."facebookUrl", "public"."Merchant"."instagramUrl", "public"."Merchant"."subscriptionStatus"::text, "public"."Merchant"."subscriptionTier"::text, "public"."Merchant"."subscriptionExpiresAt", "public"."Merchant"."createdAt", "public"."Merchant"."updatedAt", "public"."Merchant"."deletedAt" FROM "public"."Merchant" WHERE ("public"."Merchant"."id" = $1 AND 1=1) LIMIT $2 OFFSET $3
 GET /api/auth/me 200 in 34ms
 ○ Compiling /api/offers ...
 ✓ Compiled /api/offers in 2.3s (818 modules)
 ✓ Compiled /analytics in 0ms (820 modules)
 ✓ Compiled in 1ms (827 modules)
 ✓ Compiled in 2ms (827 modules)
prisma:query SELECT 1
prisma:query SELECT "public"."Merchant"."id", "public"."Merchant"."cognitoSub", "public"."Merchant"."businessName", "public"."Merchant"."category", "public"."Merchant"."phoneNumber", "public"."Merchant"."logoUrl", "public"."Merchant"."websiteUrl", "public"."Merchant"."facebookUrl", "public"."Merchant"."instagramUrl", "public"."Merchant"."subscriptionStatus"::text, "public"."Merchant"."subscriptionTier"::text, "public"."Merchant"."subscriptionExpiresAt", "public"."Merchant"."createdAt", "public"."Merchant"."updatedAt", "public"."Merchant"."deletedAt" FROM "public"."Merchant" WHERE ("public"."Merchant"."id" = $1 AND "public"."Merchant"."deletedAt" IS NULL) LIMIT $2 OFFSET $3
prisma:query SELECT COUNT(*) FROM (SELECT "public"."Offer"."id" FROM "public"."Offer" WHERE ("public"."Offer"."merchantId" = $1 AND "public"."Offer"."deletedAt" IS NULL) OFFSET $2) AS "sub"
prisma:query SELECT COUNT(*) FROM (SELECT "public"."Branch"."id" FROM "public"."Branch" WHERE ("public"."Branch"."merchantId" = $1 AND "public"."Branch"."deletedAt" IS NULL) OFFSET $2) AS "sub"
prisma:query SELECT SUM("stampsCollected"), SUM("totalRedeemed") FROM (SELECT "public"."CustomerStamp"."stampsCollected", "public"."CustomerStamp"."totalRedeemed" FROM "public"."CustomerStamp" WHERE ("public"."CustomerStamp"."merchantId" = $1 AND "public"."CustomerStamp"."deletedAt" IS NULL) OFFSET $2) AS "sub"
prisma:query SELECT COUNT(*) FROM (SELECT "public"."Offer"."id" FROM "public"."Offer" WHERE ("public"."Offer"."merchantId" = $1 AND "public"."Offer"."deletedAt" IS NULL AND "public"."Offer"."isActive" = $2) OFFSET $3) AS "sub"
prisma:query SELECT COUNT(*) FROM (SELECT "public"."CustomerStamp"."id" FROM "public"."CustomerStamp" WHERE ("public"."CustomerStamp"."merchantId" = $1 AND "public"."CustomerStamp"."deletedAt" IS NULL) OFFSET $2) AS "sub"
 GET /api/merchant/stats 200 in 10997ms
 ✓ Compiled in 1ms (827 modules)
prisma:query SELECT "public"."Merchant"."id", "public"."Merchant"."cognitoSub", "public"."Merchant"."businessName", "public"."Merchant"."category", "public"."Merchant"."phoneNumber", "public"."Merchant"."logoUrl", "public"."Merchant"."websiteUrl", "public"."Merchant"."facebookUrl", "public"."Merchant"."instagramUrl", "public"."Merchant"."subscriptionStatus"::text, "public"."Merchant"."subscriptionTier"::text, "public"."Merchant"."subscriptionExpiresAt", "public"."Merchant"."createdAt", "public"."Merchant"."updatedAt", "public"."Merchant"."deletedAt" FROM "public"."Merchant" WHERE ("public"."Merchant"."id" = $1 AND "public"."Merchant"."deletedAt" IS NULL) LIMIT $2 OFFSET $3
prisma:query SELECT "public"."Offer"."id", "public"."Offer"."merchantId", "public"."Offer"."title", "public"."Offer"."offerType"::text, "public"."Offer"."rewardType"::text, "public"."Offer"."requiredStamps", "public"."Offer"."scratchMode"::text, "public"."Offer"."scratchCursor", "public"."Offer"."scratchOrder", "public"."Offer"."durationDays", "public"."Offer"."posterTemplateUrl", "public"."Offer"."finalPosterUrl", "public"."Offer"."isActive", "public"."Offer"."createdAt", "public"."Offer"."updatedAt", "public"."Offer"."deletedAt" FROM "public"."Offer" WHERE ("public"."Offer"."merchantId" = $1 AND "public"."Offer"."deletedAt" IS NULL) ORDER BY "public"."Offer"."createdAt" DESC OFFSET $2
prisma:query SELECT "public"."ScratchItem"."id", "public"."ScratchItem"."offerId", "public"."ScratchItem"."label", "public"."ScratchItem"."sortOrder", "public"."ScratchItem"."createdAt", "public"."ScratchItem"."updatedAt" FROM "public"."ScratchItem" WHERE "public"."ScratchItem"."offerId" IN ($1,$2,$3,$4) ORDER BY "public"."ScratchItem"."sortOrder" ASC OFFSET $5
 GET /api/offers 200 in 13048ms
 ✓ Compiled in 1ms (827 modules)
 GET /api/merchant/stats 200 in 5268ms
 GET /analytics 200 in 13737ms
 ✓ Compiled in 1ms (827 modules)
 ✓ Compiled in 1ms (827 modules)
prisma:query SELECT "public"."Merchant"."id", "public"."Merchant"."cognitoSub", "public"."Merchant"."businessName", "public"."Merchant"."category", "public"."Merchant"."phoneNumber", "public"."Merchant"."logoUrl", "public"."Merchant"."websiteUrl", "public"."Merchant"."facebookUrl", "public"."Merchant"."instagramUrl", "public"."Merchant"."subscriptionStatus"::text, "public"."Merchant"."subscriptionTier"::text, "public"."Merchant"."subscriptionExpiresAt", "public"."Merchant"."createdAt", "public"."Merchant"."updatedAt", "public"."Merchant"."deletedAt" FROM "public"."Merchant" WHERE ("public"."Merchant"."id" = $1 AND "public"."Merchant"."deletedAt" IS NULL) LIMIT $2 OFFSET $3
prisma:query SELECT SUM("stampsCollected"), SUM("totalRedeemed") FROM (SELECT "public"."CustomerStamp"."stampsCollected", "public"."CustomerStamp"."totalRedeemed" FROM "public"."CustomerStamp" WHERE ("public"."CustomerStamp"."merchantId" = $1 AND "public"."CustomerStamp"."deletedAt" IS NULL) OFFSET $2) AS "sub"
prisma:query SELECT COUNT(*) FROM (SELECT "public"."Offer"."id" FROM "public"."Offer" WHERE ("public"."Offer"."merchantId" = $1 AND "public"."Offer"."deletedAt" IS NULL) OFFSET $2) AS "sub"
prisma:query SELECT COUNT(*) FROM (SELECT "public"."CustomerStamp"."id" FROM "public"."CustomerStamp" WHERE ("public"."CustomerStamp"."merchantId" = $1 AND "public"."CustomerStamp"."deletedAt" IS NULL) OFFSET $2) AS "sub"
prisma:query SELECT COUNT(*) FROM (SELECT "public"."Branch"."id" FROM "public"."Branch" WHERE ("public"."Branch"."merchantId" = $1 AND "public"."Branch"."deletedAt" IS NULL) OFFSET $2) AS "sub"
prisma:query SELECT COUNT(*) FROM (SELECT "public"."Offer"."id" FROM "public"."Offer" WHERE ("public"."Offer"."merchantId" = $1 AND "public"."Offer"."deletedAt" IS NULL AND "public"."Offer"."isActive" = $2) OFFSET $3) AS "sub"
prisma:query SELECT "public"."Merchant"."id", "public"."Merchant"."cognitoSub", "public"."Merchant"."businessName", "public"."Merchant"."category", "public"."Merchant"."phoneNumber", "public"."Merchant"."logoUrl", "public"."Merchant"."websiteUrl", "public"."Merchant"."facebookUrl", "public"."Merchant"."instagramUrl", "public"."Merchant"."subscriptionStatus"::text, "public"."Merchant"."subscriptionTier"::text, "public"."Merchant"."subscriptionExpiresAt", "public"."Merchant"."createdAt", "public"."Merchant"."updatedAt", "public"."Merchant"."deletedAt" FROM "public"."Merchant" WHERE ("public"."Merchant"."id" = $1 AND "public"."Merchant"."deletedAt" IS NULL) LIMIT $2 OFFSET $3
prisma:query SELECT "public"."Offer"."id", "public"."Offer"."merchantId", "public"."Offer"."title", "public"."Offer"."offerType"::text, "public"."Offer"."rewardType"::text, "public"."Offer"."requiredStamps", "public"."Offer"."scratchMode"::text, "public"."Offer"."scratchCursor", "public"."Offer"."scratchOrder", "public"."Offer"."durationDays", "public"."Offer"."posterTemplateUrl", "public"."Offer"."finalPosterUrl", "public"."Offer"."isActive", "public"."Offer"."createdAt", "public"."Offer"."updatedAt", "public"."Offer"."deletedAt" FROM "public"."Offer" WHERE ("public"."Offer"."merchantId" = $1 AND "public"."Offer"."deletedAt" IS NULL) ORDER BY "public"."Offer"."createdAt" DESC OFFSET $2
prisma:query SELECT "public"."ScratchItem"."id", "public"."ScratchItem"."offerId", "public"."ScratchItem"."label", "public"."ScratchItem"."sortOrder", "public"."ScratchItem"."createdAt", "public"."ScratchItem"."updatedAt" FROM "public"."ScratchItem" WHERE "public"."ScratchItem"."offerId" IN ($1,$2,$3,$4) ORDER BY "public"."ScratchItem"."sortOrder" ASC OFFSET $5
prisma:query SELECT 1
prisma:query SELECT "public"."Merchant"."id", "public"."Merchant"."cognitoSub", "public"."Merchant"."businessName", "public"."Merchant"."category", "public"."Merchant"."phoneNumber", "public"."Merchant"."logoUrl", "public"."Merchant"."websiteUrl", "public"."Merchant"."facebookUrl", "public"."Merchant"."instagramUrl", "public"."Merchant"."subscriptionStatus"::text, "public"."Merchant"."subscriptionTier"::text, "public"."Merchant"."subscriptionExpiresAt", "public"."Merchant"."createdAt", "public"."Merchant"."updatedAt", "public"."Merchant"."deletedAt" FROM "public"."Merchant" WHERE ("public"."Merchant"."id" = $1 AND 1=1) LIMIT $2 OFFSET $3
 GET /api/auth/me 200 in 52ms
prisma:query SELECT "public"."Merchant"."id", "public"."Merchant"."cognitoSub", "public"."Merchant"."businessName", "public"."Merchant"."category", "public"."Merchant"."phoneNumber", "public"."Merchant"."logoUrl", "public"."Merchant"."websiteUrl", "public"."Merchant"."facebookUrl", "public"."Merchant"."instagramUrl", "public"."Merchant"."subscriptionStatus"::text, "public"."Merchant"."subscriptionTier"::text, "public"."Merchant"."subscriptionExpiresAt", "public"."Merchant"."createdAt", "public"."Merchant"."updatedAt", "public"."Merchant"."deletedAt" FROM "public"."Merchant" WHERE ("public"."Merchant"."id" = $1 AND 1=1) LIMIT $2 OFFSET $3
 GET /api/auth/me 200 in 38ms
 ○ Compiling /api/merchant/analytics ...
 ✓ Compiled /api/merchant/analytics in 2.2s (830 modules)
 ○ Compiling /customers ...
 ✓ Compiled /customers in 3.5s (838 modules)
prisma:query SELECT "public"."Merchant"."id", "public"."Merchant"."cognitoSub", "public"."Merchant"."businessName", "public"."Merchant"."category", "public"."Merchant"."phoneNumber", "public"."Merchant"."logoUrl", "public"."Merchant"."websiteUrl", "public"."Merchant"."facebookUrl", "public"."Merchant"."instagramUrl", "public"."Merchant"."subscriptionStatus"::text, "public"."Merchant"."subscriptionTier"::text, "public"."Merchant"."subscriptionExpiresAt", "public"."Merchant"."createdAt", "public"."Merchant"."updatedAt", "public"."Merchant"."deletedAt" FROM "public"."Merchant" WHERE ("public"."Merchant"."id" = $1 AND "public"."Merchant"."deletedAt" IS NULL) LIMIT $2 OFFSET $3
prisma:query SELECT 1
prisma:query SELECT 1
prisma:query SELECT 1
prisma:query SELECT "public"."ActivityEvent"."id", "public"."ActivityEvent"."type"::text, "public"."ActivityEvent"."offerId", "public"."ActivityEvent"."customerPhone", "public"."ActivityEvent"."createdAt" FROM "public"."ActivityEvent" WHERE ("public"."ActivityEvent"."merchantId" = $1 AND "public"."ActivityEvent"."createdAt" >= $2 AND "public"."ActivityEvent"."createdAt" < $3) OFFSET $4
prisma:query SELECT "public"."Offer"."id", "public"."Offer"."title", "public"."Offer"."offerType"::text FROM "public"."Offer" WHERE "public"."Offer"."merchantId" = $1 OFFSET $2
prisma:query SELECT "public"."CustomerStamp"."id", "public"."CustomerStamp"."customerPhone", "public"."CustomerStamp"."createdAt" FROM "public"."CustomerStamp" WHERE ("public"."CustomerStamp"."merchantId" = $1 AND "public"."CustomerStamp"."deletedAt" IS NULL) OFFSET $2
prisma:query SELECT "public"."ScratchResult"."id", "public"."ScratchResult"."offerId", "public"."ScratchResult"."customerPhone", "public"."ScratchResult"."scratchedAt" FROM "public"."ScratchResult" WHERE ("public"."ScratchResult"."merchantId" = $1 AND "public"."ScratchResult"."scratchedAt" >= $2 AND "public"."ScratchResult"."scratchedAt" < $3) OFFSET $4
 GET /api/merchant/analytics?from=2026-08-26&to=2026-09-24 200 in 9125ms
 GET /api/merchant/analytics?from=2026-08-26&to=2026-09-24 200 in 1129ms
prisma:query SELECT "public"."Merchant"."id", "public"."Merchant"."cognitoSub", "public"."Merchant"."businessName", "public"."Merchant"."category", "public"."Merchant"."phoneNumber", "public"."Merchant"."logoUrl", "public"."Merchant"."websiteUrl", "public"."Merchant"."facebookUrl", "public"."Merchant"."instagramUrl", "public"."Merchant"."subscriptionStatus"::text, "public"."Merchant"."subscriptionTier"::text, "public"."Merchant"."subscriptionExpiresAt", "public"."Merchant"."createdAt", "public"."Merchant"."updatedAt", "public"."Merchant"."deletedAt" FROM "public"."Merchant" WHERE ("public"."Merchant"."id" = $1 AND "public"."Merchant"."deletedAt" IS NULL) LIMIT $2 OFFSET $3
prisma:query SELECT "public"."CustomerStamp"."id", "public"."CustomerStamp"."customerPhone", "public"."CustomerStamp"."createdAt" FROM "public"."CustomerStamp" WHERE ("public"."CustomerStamp"."merchantId" = $1 AND "public"."CustomerStamp"."deletedAt" IS NULL) OFFSET $2
prisma:query SELECT "public"."Offer"."id", "public"."Offer"."title", "public"."Offer"."offerType"::text FROM "public"."Offer" WHERE "public"."Offer"."merchantId" = $1 OFFSET $2
prisma:query SELECT "public"."ActivityEvent"."id", "public"."ActivityEvent"."type"::text, "public"."ActivityEvent"."offerId", "public"."ActivityEvent"."customerPhone", "public"."ActivityEvent"."createdAt" FROM "public"."ActivityEvent" WHERE ("public"."ActivityEvent"."merchantId" = $1 AND "public"."ActivityEvent"."createdAt" >= $2 AND "public"."ActivityEvent"."createdAt" < $3) OFFSET $4
prisma:query SELECT "public"."ScratchResult"."id", "public"."ScratchResult"."offerId", "public"."ScratchResult"."customerPhone", "public"."ScratchResult"."scratchedAt" FROM "public"."ScratchResult" WHERE ("public"."ScratchResult"."merchantId" = $1 AND "public"."ScratchResult"."scratchedAt" >= $2 AND "public"."ScratchResult"."scratchedAt" < $3) OFFSET $4
 GET /customers 200 in 9151ms
prisma:query SELECT "public"."Merchant"."id", "public"."Merchant"."cognitoSub", "public"."Merchant"."businessName", "public"."Merchant"."category", "public"."Merchant"."phoneNumber", "public"."Merchant"."logoUrl", "public"."Merchant"."websiteUrl", "public"."Merchant"."facebookUrl", "public"."Merchant"."instagramUrl", "public"."Merchant"."subscriptionStatus"::text, "public"."Merchant"."subscriptionTier"::text, "public"."Merchant"."subscriptionExpiresAt", "public"."Merchant"."createdAt", "public"."Merchant"."updatedAt", "public"."Merchant"."deletedAt" FROM "public"."Merchant" WHERE ("public"."Merchant"."id" = $1 AND 1=1) LIMIT $2 OFFSET $3
 GET /api/auth/me 200 in 106ms
prisma:query SELECT "public"."Merchant"."id", "public"."Merchant"."cognitoSub", "public"."Merchant"."businessName", "public"."Merchant"."category", "public"."Merchant"."phoneNumber", "public"."Merchant"."logoUrl", "public"."Merchant"."websiteUrl", "public"."Merchant"."facebookUrl", "public"."Merchant"."instagramUrl", "public"."Merchant"."subscriptionStatus"::text, "public"."Merchant"."subscriptionTier"::text, "public"."Merchant"."subscriptionExpiresAt", "public"."Merchant"."createdAt", "public"."Merchant"."updatedAt", "public"."Merchant"."deletedAt" FROM "public"."Merchant" WHERE ("public"."Merchant"."id" = $1 AND 1=1) LIMIT $2 OFFSET $3
 GET /api/auth/me 200 in 85ms
 ○ Compiling /api/merchant/customers ...
 ✓ Compiled /api/merchant/customers in 2.6s (821 modules)
prisma:query SELECT "public"."Merchant"."id", "public"."Merchant"."cognitoSub", "public"."Merchant"."businessName", "public"."Merchant"."category", "public"."Merchant"."phoneNumber", "public"."Merchant"."logoUrl", "public"."Merchant"."websiteUrl", "public"."Merchant"."facebookUrl", "public"."Merchant"."instagramUrl", "public"."Merchant"."subscriptionStatus"::text, "public"."Merchant"."subscriptionTier"::text, "public"."Merchant"."subscriptionExpiresAt", "public"."Merchant"."createdAt", "public"."Merchant"."updatedAt", "public"."Merchant"."deletedAt" FROM "public"."Merchant" WHERE ("public"."Merchant"."id" = $1 AND "public"."Merchant"."deletedAt" IS NULL) LIMIT $2 OFFSET $3
prisma:query SELECT 1
prisma:query SELECT "public"."CustomerStamp"."id", "public"."CustomerStamp"."customerPhone", "public"."CustomerStamp"."stampsCollected", "public"."CustomerStamp"."totalRedeemed", "public"."CustomerStamp"."lastScannedAt", "public"."CustomerStamp"."lastReviewAt", "public"."CustomerStamp"."createdAt" FROM "public"."CustomerStamp" WHERE ("public"."CustomerStamp"."merchantId" = $1 AND "public"."CustomerStamp"."deletedAt" IS NULL) ORDER BY "public"."CustomerStamp"."lastScannedAt" DESC, "public"."CustomerStamp"."createdAt" DESC LIMIT $2 OFFSET $3
prisma:query SELECT COUNT(*) FROM (SELECT "public"."CustomerStamp"."id" FROM "public"."CustomerStamp" WHERE ("public"."CustomerStamp"."merchantId" = $1 AND "public"."CustomerStamp"."deletedAt" IS NULL) OFFSET $2) AS "sub"
prisma:query SELECT COUNT(*) FROM (SELECT "public"."CustomerStamp"."id" FROM "public"."CustomerStamp" WHERE ("public"."CustomerStamp"."merchantId" = $1 AND "public"."CustomerStamp"."deletedAt" IS NULL) OFFSET $2) AS "sub"
 GET /api/merchant/customers?page=1&pageSize=20 200 in 3213ms
prisma:query SELECT "public"."Merchant"."id", "public"."Merchant"."cognitoSub", "public"."Merchant"."businessName", "public"."Merchant"."category", "public"."Merchant"."phoneNumber", "public"."Merchant"."logoUrl", "public"."Merchant"."websiteUrl", "public"."Merchant"."facebookUrl", "public"."Merchant"."instagramUrl", "public"."Merchant"."subscriptionStatus"::text, "public"."Merchant"."subscriptionTier"::text, "public"."Merchant"."subscriptionExpiresAt", "public"."Merchant"."createdAt", "public"."Merchant"."updatedAt", "public"."Merchant"."deletedAt" FROM "public"."Merchant" WHERE ("public"."Merchant"."id" = $1 AND "public"."Merchant"."deletedAt" IS NULL) LIMIT $2 OFFSET $3
prisma:query SELECT COUNT(*) FROM (SELECT "public"."CustomerStamp"."id" FROM "public"."CustomerStamp" WHERE ("public"."CustomerStamp"."merchantId" = $1 AND "public"."CustomerStamp"."deletedAt" IS NULL) OFFSET $2) AS "sub"
prisma:query SELECT COUNT(*) FROM (SELECT "public"."CustomerStamp"."id" FROM "public"."CustomerStamp" WHERE ("public"."CustomerStamp"."merchantId" = $1 AND "public"."CustomerStamp"."deletedAt" IS NULL) OFFSET $2) AS "sub"
prisma:query SELECT "public"."CustomerStamp"."id", "public"."CustomerStamp"."customerPhone", "public"."CustomerStamp"."stampsCollected", "public"."CustomerStamp"."totalRedeemed", "public"."CustomerStamp"."lastScannedAt", "public"."CustomerStamp"."lastReviewAt", "public"."CustomerStamp"."createdAt" FROM "public"."CustomerStamp" WHERE ("public"."CustomerStamp"."merchantId" = $1 AND "public"."CustomerStamp"."deletedAt" IS NULL) ORDER BY "public"."CustomerStamp"."lastScannedAt" DESC, "public"."CustomerStamp"."createdAt" DESC LIMIT $2 OFFSET $3
 GET /api/merchant/customers?page=1&pageSize=20 200 in 152ms
 ○ Compiling /branches ...
 ✓ Compiled /branches in 1972ms (828 modules)
 GET /branches 200 in 2953ms
prisma:query SELECT "public"."Merchant"."id", "public"."Merchant"."cognitoSub", "public"."Merchant"."businessName", "public"."Merchant"."category", "public"."Merchant"."phoneNumber", "public"."Merchant"."logoUrl", "public"."Merchant"."websiteUrl", "public"."Merchant"."facebookUrl", "public"."Merchant"."instagramUrl", "public"."Merchant"."subscriptionStatus"::text, "public"."Merchant"."subscriptionTier"::text, "public"."Merchant"."subscriptionExpiresAt", "public"."Merchant"."createdAt", "public"."Merchant"."updatedAt", "public"."Merchant"."deletedAt" FROM "public"."Merchant" WHERE ("public"."Merchant"."id" = $1 AND 1=1) LIMIT $2 OFFSET $3
 GET /api/auth/me 200 in 133ms
prisma:query SELECT "public"."Merchant"."id", "public"."Merchant"."cognitoSub", "public"."Merchant"."businessName", "public"."Merchant"."category", "public"."Merchant"."phoneNumber", "public"."Merchant"."logoUrl", "public"."Merchant"."websiteUrl", "public"."Merchant"."facebookUrl", "public"."Merchant"."instagramUrl", "public"."Merchant"."subscriptionStatus"::text, "public"."Merchant"."subscriptionTier"::text, "public"."Merchant"."subscriptionExpiresAt", "public"."Merchant"."createdAt", "public"."Merchant"."updatedAt", "public"."Merchant"."deletedAt" FROM "public"."Merchant" WHERE ("public"."Merchant"."id" = $1 AND 1=1) LIMIT $2 OFFSET $3
 GET /api/auth/me 200 in 52ms
 ○ Compiling /api/branches ...
 ✓ Compiled /api/branches in 1719ms (821 modules)
prisma:query SELECT "public"."Merchant"."id", "public"."Merchant"."cognitoSub", "public"."Merchant"."businessName", "public"."Merchant"."category", "public"."Merchant"."phoneNumber", "public"."Merchant"."logoUrl", "public"."Merchant"."websiteUrl", "public"."Merchant"."facebookUrl", "public"."Merchant"."instagramUrl", "public"."Merchant"."subscriptionStatus"::text, "public"."Merchant"."subscriptionTier"::text, "public"."Merchant"."subscriptionExpiresAt", "public"."Merchant"."createdAt", "public"."Merchant"."updatedAt", "public"."Merchant"."deletedAt" FROM "public"."Merchant" WHERE ("public"."Merchant"."id" = $1 AND "public"."Merchant"."deletedAt" IS NULL) LIMIT $2 OFFSET $3
prisma:query SELECT "public"."Branch"."id", "public"."Branch"."merchantId", "public"."Branch"."branchName", "public"."Branch"."address", "public"."Branch"."latitude", "public"."Branch"."longitude", "public"."Branch"."createdAt", "public"."Branch"."updatedAt", "public"."Branch"."deletedAt" FROM "public"."Branch" WHERE ("public"."Branch"."merchantId" = $1 AND "public"."Branch"."deletedAt" IS NULL) ORDER BY "public"."Branch"."createdAt" ASC OFFSET $2
 GET /api/branches 200 in 2029ms
prisma:query SELECT "public"."Merchant"."id", "public"."Merchant"."cognitoSub", "public"."Merchant"."businessName", "public"."Merchant"."category", "public"."Merchant"."phoneNumber", "public"."Merchant"."logoUrl", "public"."Merchant"."websiteUrl", "public"."Merchant"."facebookUrl", "public"."Merchant"."instagramUrl", "public"."Merchant"."subscriptionStatus"::text, "public"."Merchant"."subscriptionTier"::text, "public"."Merchant"."subscriptionExpiresAt", "public"."Merchant"."createdAt", "public"."Merchant"."updatedAt", "public"."Merchant"."deletedAt" FROM "public"."Merchant" WHERE ("public"."Merchant"."id" = $1 AND "public"."Merchant"."deletedAt" IS NULL) LIMIT $2 OFFSET $3
prisma:query SELECT "public"."Branch"."id", "public"."Branch"."merchantId", "public"."Branch"."branchName", "public"."Branch"."address", "public"."Branch"."latitude", "public"."Branch"."longitude", "public"."Branch"."createdAt", "public"."Branch"."updatedAt", "public"."Branch"."deletedAt" FROM "public"."Branch" WHERE ("public"."Branch"."merchantId" = $1 AND "public"."Branch"."deletedAt" IS NULL) ORDER BY "public"."Branch"."createdAt" ASC OFFSET $2
 GET /api/branches 200 in 85ms
 ○ Compiling /billing ...
 ✓ Compiled /billing in 2.7s (826 modules)
 GET /billing 200 in 3646ms
prisma:query SELECT 1
prisma:query SELECT "public"."Merchant"."id", "public"."Merchant"."cognitoSub", "public"."Merchant"."businessName", "public"."Merchant"."category", "public"."Merchant"."phoneNumber", "public"."Merchant"."logoUrl", "public"."Merchant"."websiteUrl", "public"."Merchant"."facebookUrl", "public"."Merchant"."instagramUrl", "public"."Merchant"."subscriptionStatus"::text, "public"."Merchant"."subscriptionTier"::text, "public"."Merchant"."subscriptionExpiresAt", "public"."Merchant"."createdAt", "public"."Merchant"."updatedAt", "public"."Merchant"."deletedAt" FROM "public"."Merchant" WHERE ("public"."Merchant"."id" = $1 AND 1=1) LIMIT $2 OFFSET $3
 GET /api/auth/me 200 in 109ms
prisma:query SELECT "public"."Merchant"."id", "public"."Merchant"."cognitoSub", "public"."Merchant"."businessName", "public"."Merchant"."category", "public"."Merchant"."phoneNumber", "public"."Merchant"."logoUrl", "public"."Merchant"."websiteUrl", "public"."Merchant"."facebookUrl", "public"."Merchant"."instagramUrl", "public"."Merchant"."subscriptionStatus"::text, "public"."Merchant"."subscriptionTier"::text, "public"."Merchant"."subscriptionExpiresAt", "public"."Merchant"."createdAt", "public"."Merchant"."updatedAt", "public"."Merchant"."deletedAt" FROM "public"."Merchant" WHERE ("public"."Merchant"."id" = $1 AND 1=1) LIMIT $2 OFFSET $3
 GET /api/auth/me 200 in 59ms
 ○ Compiling /api/billing ...
 ✓ Compiled /api/billing in 1801ms (823 modules)
prisma:query SELECT "public"."Merchant"."id", "public"."Merchant"."cognitoSub", "public"."Merchant"."businessName", "public"."Merchant"."category", "public"."Merchant"."phoneNumber", "public"."Merchant"."logoUrl", "public"."Merchant"."websiteUrl", "public"."Merchant"."facebookUrl", "public"."Merchant"."instagramUrl", "public"."Merchant"."subscriptionStatus"::text, "public"."Merchant"."subscriptionTier"::text, "public"."Merchant"."subscriptionExpiresAt", "public"."Merchant"."createdAt", "public"."Merchant"."updatedAt", "public"."Merchant"."deletedAt" FROM "public"."Merchant" WHERE ("public"."Merchant"."id" = $1 AND "public"."Merchant"."deletedAt" IS NULL) LIMIT $2 OFFSET $3
prisma:query SELECT "public"."PaymentRequest"."id", "public"."PaymentRequest"."merchantId", "public"."PaymentRequest"."paymentMethod"::text, "public"."PaymentRequest"."senderNumber", "public"."PaymentRequest"."trxId", "public"."PaymentRequest"."amount", "public"."PaymentRequest"."requestedTier"::text, "public"."PaymentRequest"."screenshotPath", "public"."PaymentRequest"."status"::text, "public"."PaymentRequest"."createdAt", "public"."PaymentRequest"."updatedAt", "public"."PaymentRequest"."deletedAt" FROM "public"."PaymentRequest" WHERE ("public"."PaymentRequest"."merchantId" = $1 AND "public"."PaymentRequest"."deletedAt" IS NULL) ORDER BY "public"."PaymentRequest"."createdAt" DESC LIMIT $2 OFFSET $3
 GET /api/billing 200 in 2423ms
prisma:query SELECT "public"."Merchant"."id", "public"."Merchant"."cognitoSub", "public"."Merchant"."businessName", "public"."Merchant"."category", "public"."Merchant"."phoneNumber", "public"."Merchant"."logoUrl", "public"."Merchant"."websiteUrl", "public"."Merchant"."facebookUrl", "public"."Merchant"."instagramUrl", "public"."Merchant"."subscriptionStatus"::text, "public"."Merchant"."subscriptionTier"::text, "public"."Merchant"."subscriptionExpiresAt", "public"."Merchant"."createdAt", "public"."Merchant"."updatedAt", "public"."Merchant"."deletedAt" FROM "public"."Merchant" WHERE ("public"."Merchant"."id" = $1 AND "public"."Merchant"."deletedAt" IS NULL) LIMIT $2 OFFSET $3
prisma:query SELECT "public"."PaymentRequest"."id", "public"."PaymentRequest"."merchantId", "public"."PaymentRequest"."paymentMethod"::text, "public"."PaymentRequest"."senderNumber", "public"."PaymentRequest"."trxId", "public"."PaymentRequest"."amount", "public"."PaymentRequest"."requestedTier"::text, "public"."PaymentRequest"."screenshotPath", "public"."PaymentRequest"."status"::text, "public"."PaymentRequest"."createdAt", "public"."PaymentRequest"."updatedAt", "public"."PaymentRequest"."deletedAt" FROM "public"."PaymentRequest" WHERE ("public"."PaymentRequest"."merchantId" = $1 AND "public"."PaymentRequest"."deletedAt" IS NULL) ORDER BY "public"."PaymentRequest"."createdAt" DESC LIMIT $2 OFFSET $3
 GET /api/billing 200 in 88ms
 ○ Compiling /billing/checkout ...
 ✓ Compiled /billing/checkout in 2.2s (827 modules)
 GET /billing/checkout 200 in 3412ms
prisma:query SELECT "public"."Merchant"."id", "public"."Merchant"."cognitoSub", "public"."Merchant"."businessName", "public"."Merchant"."category", "public"."Merchant"."phoneNumber", "public"."Merchant"."logoUrl", "public"."Merchant"."websiteUrl", "public"."Merchant"."facebookUrl", "public"."Merchant"."instagramUrl", "public"."Merchant"."subscriptionStatus"::text, "public"."Merchant"."subscriptionTier"::text, "public"."Merchant"."subscriptionExpiresAt", "public"."Merchant"."createdAt", "public"."Merchant"."updatedAt", "public"."Merchant"."deletedAt" FROM "public"."Merchant" WHERE ("public"."Merchant"."id" = $1 AND 1=1) LIMIT $2 OFFSET $3
 GET /api/auth/me 200 in 155ms
prisma:query SELECT "public"."Merchant"."id", "public"."Merchant"."cognitoSub", "public"."Merchant"."businessName", "public"."Merchant"."category", "public"."Merchant"."phoneNumber", "public"."Merchant"."logoUrl", "public"."Merchant"."websiteUrl", "public"."Merchant"."facebookUrl", "public"."Merchant"."instagramUrl", "public"."Merchant"."subscriptionStatus"::text, "public"."Merchant"."subscriptionTier"::text, "public"."Merchant"."subscriptionExpiresAt", "public"."Merchant"."createdAt", "public"."Merchant"."updatedAt", "public"."Merchant"."deletedAt" FROM "public"."Merchant" WHERE ("public"."Merchant"."id" = $1 AND 1=1) LIMIT $2 OFFSET $3
 GET /api/auth/me 200 in 78ms
 ○ Compiling /offers/new ...
 ✓ Compiled /offers/new in 1875ms (822 modules)
 GET /offers/new 200 in 2506ms
prisma:query SELECT 1
prisma:query SELECT "public"."Merchant"."id", "public"."Merchant"."cognitoSub", "public"."Merchant"."businessName", "public"."Merchant"."category", "public"."Merchant"."phoneNumber", "public"."Merchant"."logoUrl", "public"."Merchant"."websiteUrl", "public"."Merchant"."facebookUrl", "public"."Merchant"."instagramUrl", "public"."Merchant"."subscriptionStatus"::text, "public"."Merchant"."subscriptionTier"::text, "public"."Merchant"."subscriptionExpiresAt", "public"."Merchant"."createdAt", "public"."Merchant"."updatedAt", "public"."Merchant"."deletedAt" FROM "public"."Merchant" WHERE ("public"."Merchant"."id" = $1 AND 1=1) LIMIT $2 OFFSET $3
 GET /api/auth/me 200 in 240ms
prisma:query SELECT "public"."Merchant"."id", "public"."Merchant"."cognitoSub", "public"."Merchant"."businessName", "public"."Merchant"."category", "public"."Merchant"."phoneNumber", "public"."Merchant"."logoUrl", "public"."Merchant"."websiteUrl", "public"."Merchant"."facebookUrl", "public"."Merchant"."instagramUrl", "public"."Merchant"."subscriptionStatus"::text, "public"."Merchant"."subscriptionTier"::text, "public"."Merchant"."subscriptionExpiresAt", "public"."Merchant"."createdAt", "public"."Merchant"."updatedAt", "public"."Merchant"."deletedAt" FROM "public"."Merchant" WHERE ("public"."Merchant"."id" = $1 AND 1=1) LIMIT $2 OFFSET $3
 GET /api/auth/me 200 in 53ms
 ○ Compiling /offers/[id] ...
 ✓ Compiled /offers/[id] in 3.2s (826 modules)
 GET /offers/cmueb0jc1000srrgal7d5zwhz 200 in 4114ms
prisma:query SELECT "public"."Merchant"."id", "public"."Merchant"."cognitoSub", "public"."Merchant"."businessName", "public"."Merchant"."category", "public"."Merchant"."phoneNumber", "public"."Merchant"."logoUrl", "public"."Merchant"."websiteUrl", "public"."Merchant"."facebookUrl", "public"."Merchant"."instagramUrl", "public"."Merchant"."subscriptionStatus"::text, "public"."Merchant"."subscriptionTier"::text, "public"."Merchant"."subscriptionExpiresAt", "public"."Merchant"."createdAt", "public"."Merchant"."updatedAt", "public"."Merchant"."deletedAt" FROM "public"."Merchant" WHERE ("public"."Merchant"."id" = $1 AND 1=1) LIMIT $2 OFFSET $3
 GET /api/auth/me 200 in 213ms
prisma:query SELECT "public"."Merchant"."id", "public"."Merchant"."cognitoSub", "public"."Merchant"."businessName", "public"."Merchant"."category", "public"."Merchant"."phoneNumber", "public"."Merchant"."logoUrl", "public"."Merchant"."websiteUrl", "public"."Merchant"."facebookUrl", "public"."Merchant"."instagramUrl", "public"."Merchant"."subscriptionStatus"::text, "public"."Merchant"."subscriptionTier"::text, "public"."Merchant"."subscriptionExpiresAt", "public"."Merchant"."createdAt", "public"."Merchant"."updatedAt", "public"."Merchant"."deletedAt" FROM "public"."Merchant" WHERE ("public"."Merchant"."id" = $1 AND 1=1) LIMIT $2 OFFSET $3
 GET /api/auth/me 200 in 152ms
 ○ Compiling /api/offers/[id] ...
 ✓ Compiled /api/offers/[id] in 1889ms (820 modules)
prisma:query SELECT "public"."Merchant"."id", "public"."Merchant"."cognitoSub", "public"."Merchant"."businessName", "public"."Merchant"."category", "public"."Merchant"."phoneNumber", "public"."Merchant"."logoUrl", "public"."Merchant"."websiteUrl", "public"."Merchant"."facebookUrl", "public"."Merchant"."instagramUrl", "public"."Merchant"."subscriptionStatus"::text, "public"."Merchant"."subscriptionTier"::text, "public"."Merchant"."subscriptionExpiresAt", "public"."Merchant"."createdAt", "public"."Merchant"."updatedAt", "public"."Merchant"."deletedAt" FROM "public"."Merchant" WHERE ("public"."Merchant"."id" = $1 AND "public"."Merchant"."deletedAt" IS NULL) LIMIT $2 OFFSET $3
prisma:query SELECT "public"."Offer"."id", "public"."Offer"."merchantId", "public"."Offer"."title", "public"."Offer"."offerType"::text, "public"."Offer"."rewardType"::text, "public"."Offer"."requiredStamps", "public"."Offer"."scratchMode"::text, "public"."Offer"."scratchCursor", "public"."Offer"."scratchOrder", "public"."Offer"."durationDays", "public"."Offer"."posterTemplateUrl", "public"."Offer"."finalPosterUrl", "public"."Offer"."isActive", "public"."Offer"."createdAt", "public"."Offer"."updatedAt", "public"."Offer"."deletedAt" FROM "public"."Offer" WHERE ("public"."Offer"."id" = $1 AND "public"."Offer"."merchantId" = $2 AND "public"."Offer"."deletedAt" IS NULL) LIMIT $3 OFFSET $4
prisma:query SELECT "public"."ScratchItem"."id", "public"."ScratchItem"."offerId", "public"."ScratchItem"."label", "public"."ScratchItem"."sortOrder", "public"."ScratchItem"."createdAt", "public"."ScratchItem"."updatedAt" FROM "public"."ScratchItem" WHERE "public"."ScratchItem"."offerId" IN ($1) ORDER BY "public"."ScratchItem"."sortOrder" ASC OFFSET $2
 GET /api/offers/cmueb0jc1000srrgal7d5zwhz 200 in 2291ms
prisma:query SELECT "public"."Merchant"."id", "public"."Merchant"."cognitoSub", "public"."Merchant"."businessName", "public"."Merchant"."category", "public"."Merchant"."phoneNumber", "public"."Merchant"."logoUrl", "public"."Merchant"."websiteUrl", "public"."Merchant"."facebookUrl", "public"."Merchant"."instagramUrl", "public"."Merchant"."subscriptionStatus"::text, "public"."Merchant"."subscriptionTier"::text, "public"."Merchant"."subscriptionExpiresAt", "public"."Merchant"."createdAt", "public"."Merchant"."updatedAt", "public"."Merchant"."deletedAt" FROM "public"."Merchant" WHERE ("public"."Merchant"."id" = $1 AND "public"."Merchant"."deletedAt" IS NULL) LIMIT $2 OFFSET $3
prisma:query SELECT "public"."Offer"."id", "public"."Offer"."merchantId", "public"."Offer"."title", "public"."Offer"."offerType"::text, "public"."Offer"."rewardType"::text, "public"."Offer"."requiredStamps", "public"."Offer"."scratchMode"::text, "public"."Offer"."scratchCursor", "public"."Offer"."scratchOrder", "public"."Offer"."durationDays", "public"."Offer"."posterTemplateUrl", "public"."Offer"."finalPosterUrl", "public"."Offer"."isActive", "public"."Offer"."createdAt", "public"."Offer"."updatedAt", "public"."Offer"."deletedAt" FROM "public"."Offer" WHERE ("public"."Offer"."id" = $1 AND "public"."Offer"."merchantId" = $2 AND "public"."Offer"."deletedAt" IS NULL) LIMIT $3 OFFSET $4
prisma:query SELECT "public"."ScratchItem"."id", "public"."ScratchItem"."offerId", "public"."ScratchItem"."label", "public"."ScratchItem"."sortOrder", "public"."ScratchItem"."createdAt", "public"."ScratchItem"."updatedAt" FROM "public"."ScratchItem" WHERE "public"."ScratchItem"."offerId" IN ($1) ORDER BY "public"."ScratchItem"."sortOrder" ASC OFFSET $2
 GET /api/offers/cmueb0jc1000srrgal7d5zwhz 200 in 104ms
 ○ Compiling /offers/[id]/qr ...
 ✓ Compiled /offers/[id]/qr in 3.1s (827 modules)
 GET /offers/cmueb0jc1000srrgal7d5zwhz/qr 200 in 4077ms
prisma:query SELECT 1
prisma:query SELECT "public"."Merchant"."id", "public"."Merchant"."cognitoSub", "public"."Merchant"."businessName", "public"."Merchant"."category", "public"."Merchant"."phoneNumber", "public"."Merchant"."logoUrl", "public"."Merchant"."websiteUrl", "public"."Merchant"."facebookUrl", "public"."Merchant"."instagramUrl", "public"."Merchant"."subscriptionStatus"::text, "public"."Merchant"."subscriptionTier"::text, "public"."Merchant"."subscriptionExpiresAt", "public"."Merchant"."createdAt", "public"."Merchant"."updatedAt", "public"."Merchant"."deletedAt" FROM "public"."Merchant" WHERE ("public"."Merchant"."id" = $1 AND 1=1) LIMIT $2 OFFSET $3
 GET /api/auth/me 200 in 27ms
prisma:query SELECT "public"."Merchant"."id", "public"."Merchant"."cognitoSub", "public"."Merchant"."businessName", "public"."Merchant"."category", "public"."Merchant"."phoneNumber", "public"."Merchant"."logoUrl", "public"."Merchant"."websiteUrl", "public"."Merchant"."facebookUrl", "public"."Merchant"."instagramUrl", "public"."Merchant"."subscriptionStatus"::text, "public"."Merchant"."subscriptionTier"::text, "public"."Merchant"."subscriptionExpiresAt", "public"."Merchant"."createdAt", "public"."Merchant"."updatedAt", "public"."Merchant"."deletedAt" FROM "public"."Merchant" WHERE ("public"."Merchant"."id" = $1 AND 1=1) LIMIT $2 OFFSET $3
 GET /api/auth/me 200 in 27ms
 ○ Compiling /api/offers/[id]/qr ...
 ✓ Compiled /settings in 4.8s (885 modules)
 ✓ Compiled (892 modules)
 GET /api/offers/cmueb0jc1000srrgal7d5zwhz/qr 200 in 8141ms
 GET /settings 200 in 7272ms
prisma:query SELECT "public"."Merchant"."id", "public"."Merchant"."cognitoSub", "public"."Merchant"."businessName", "public"."Merchant"."category", "public"."Merchant"."phoneNumber", "public"."Merchant"."logoUrl", "public"."Merchant"."websiteUrl", "public"."Merchant"."facebookUrl", "public"."Merchant"."instagramUrl", "public"."Merchant"."subscriptionStatus"::text, "public"."Merchant"."subscriptionTier"::text, "public"."Merchant"."subscriptionExpiresAt", "public"."Merchant"."createdAt", "public"."Merchant"."updatedAt", "public"."Merchant"."deletedAt" FROM "public"."Merchant" WHERE ("public"."Merchant"."id" = $1 AND 1=1) LIMIT $2 OFFSET $3
 GET /api/auth/me 200 in 76ms
prisma:query SELECT "public"."Merchant"."id", "public"."Merchant"."cognitoSub", "public"."Merchant"."businessName", "public"."Merchant"."category", "public"."Merchant"."phoneNumber", "public"."Merchant"."logoUrl", "public"."Merchant"."websiteUrl", "public"."Merchant"."facebookUrl", "public"."Merchant"."instagramUrl", "public"."Merchant"."subscriptionStatus"::text, "public"."Merchant"."subscriptionTier"::text, "public"."Merchant"."subscriptionExpiresAt", "public"."Merchant"."createdAt", "public"."Merchant"."updatedAt", "public"."Merchant"."deletedAt" FROM "public"."Merchant" WHERE ("public"."Merchant"."id" = $1 AND 1=1) LIMIT $2 OFFSET $3
 GET /api/auth/me 200 in 149ms
 ○ Compiling /api/merchant/settings ...
prisma:query SELECT "public"."Merchant"."id", "public"."Merchant"."cognitoSub", "public"."Merchant"."businessName", "public"."Merchant"."category", "public"."Merchant"."phoneNumber", "public"."Merchant"."logoUrl", "public"."Merchant"."websiteUrl", "public"."Merchant"."facebookUrl", "public"."Merchant"."instagramUrl", "public"."Merchant"."subscriptionStatus"::text, "public"."Merchant"."subscriptionTier"::text, "public"."Merchant"."subscriptionExpiresAt", "public"."Merchant"."createdAt", "public"."Merchant"."updatedAt", "public"."Merchant"."deletedAt" FROM "public"."Merchant" WHERE ("public"."Merchant"."id" = $1 AND "public"."Merchant"."deletedAt" IS NULL) LIMIT $2 OFFSET $3
prisma:query SELECT "public"."Offer"."id", "public"."Offer"."merchantId", "public"."Offer"."title", "public"."Offer"."offerType"::text, "public"."Offer"."rewardType"::text, "public"."Offer"."requiredStamps", "public"."Offer"."scratchMode"::text, "public"."Offer"."scratchCursor", "public"."Offer"."scratchOrder", "public"."Offer"."durationDays", "public"."Offer"."posterTemplateUrl", "public"."Offer"."finalPosterUrl", "public"."Offer"."isActive", "public"."Offer"."createdAt", "public"."Offer"."updatedAt", "public"."Offer"."deletedAt" FROM "public"."Offer" WHERE ("public"."Offer"."id" = $1 AND "public"."Offer"."merchantId" = $2 AND "public"."Offer"."deletedAt" IS NULL) LIMIT $3 OFFSET $4
prisma:query SELECT "public"."ScratchItem"."id", "public"."ScratchItem"."offerId", "public"."ScratchItem"."label", "public"."ScratchItem"."sortOrder", "public"."ScratchItem"."createdAt", "public"."ScratchItem"."updatedAt" FROM "public"."ScratchItem" WHERE "public"."ScratchItem"."offerId" IN ($1) ORDER BY "public"."ScratchItem"."sortOrder" ASC OFFSET $2
 ✓ Compiled /api/auth/otp/send in 4.5s (890 modules)
 ✓ Compiled (893 modules)
[OTP:dev] 01674372768 -> 108226
 POST /api/auth/otp/send 200 in 4026ms
prisma:query SELECT 1
prisma:query SELECT "public"."Merchant"."id", "public"."Merchant"."cognitoSub", "public"."Merchant"."businessName", "public"."Merchant"."category", "public"."Merchant"."phoneNumber", "public"."Merchant"."logoUrl", "public"."Merchant"."websiteUrl", "public"."Merchant"."facebookUrl", "public"."Merchant"."instagramUrl", "public"."Merchant"."subscriptionStatus"::text, "public"."Merchant"."subscriptionTier"::text, "public"."Merchant"."subscriptionExpiresAt", "public"."Merchant"."createdAt", "public"."Merchant"."updatedAt", "public"."Merchant"."deletedAt" FROM "public"."Merchant" WHERE ("public"."Merchant"."id" = $1 AND "public"."Merchant"."deletedAt" IS NULL) LIMIT $2 OFFSET $3
 GET /api/merchant/settings 200 in 7228ms
 ○ Compiling /api/auth/otp/verify ...
 ✓ Compiled /api/auth/otp/verify in 2.7s (895 modules)
prisma:query SELECT "public"."Merchant"."id", "public"."Merchant"."cognitoSub", "public"."Merchant"."businessName", "public"."Merchant"."category", "public"."Merchant"."phoneNumber", "public"."Merchant"."logoUrl", "public"."Merchant"."websiteUrl", "public"."Merchant"."facebookUrl", "public"."Merchant"."instagramUrl", "public"."Merchant"."subscriptionStatus"::text, "public"."Merchant"."subscriptionTier"::text, "public"."Merchant"."subscriptionExpiresAt", "public"."Merchant"."createdAt", "public"."Merchant"."updatedAt", "public"."Merchant"."deletedAt" FROM "public"."Merchant" WHERE ("public"."Merchant"."id" = $1 AND "public"."Merchant"."deletedAt" IS NULL) LIMIT $2 OFFSET $3
 GET /api/merchant/settings 200 in 5037ms
prisma:query SELECT "public"."Merchant"."id", "public"."Merchant"."cognitoSub", "public"."Merchant"."businessName", "public"."Merchant"."category", "public"."Merchant"."phoneNumber", "public"."Merchant"."logoUrl", "public"."Merchant"."websiteUrl", "public"."Merchant"."facebookUrl", "public"."Merchant"."instagramUrl", "public"."Merchant"."subscriptionStatus"::text, "public"."Merchant"."subscriptionTier"::text, "public"."Merchant"."subscriptionExpiresAt", "public"."Merchant"."createdAt", "public"."Merchant"."updatedAt", "public"."Merchant"."deletedAt" FROM "public"."Merchant" WHERE ("public"."Merchant"."phoneNumber" = $1 AND 1=1) LIMIT $2 OFFSET $3
 POST /api/auth/otp/verify 200 in 5259ms
 ○ Compiling /scan/[offerId] ...
 ✓ Compiled /scan/[offerId] in 15.6s (1649 modules)
 GET /scan/cmueb0jc1000srrgal7d5zwhz 200 in 20864ms
 ○ Compiling /api/customer/offers/[offerId] ...
 ✓ Compiled /api/customer/offers/[offerId] in 2.5s (914 modules)
prisma:query SELECT 1
prisma:query SELECT "public"."Merchant"."id", "public"."Merchant"."cognitoSub", "public"."Merchant"."businessName", "public"."Merchant"."category", "public"."Merchant"."phoneNumber", "public"."Merchant"."logoUrl", "public"."Merchant"."websiteUrl", "public"."Merchant"."facebookUrl", "public"."Merchant"."instagramUrl", "public"."Merchant"."subscriptionStatus"::text, "public"."Merchant"."subscriptionTier"::text, "public"."Merchant"."subscriptionExpiresAt", "public"."Merchant"."createdAt", "public"."Merchant"."updatedAt", "public"."Merchant"."deletedAt" FROM "public"."Merchant" WHERE ("public"."Merchant"."id" = $1 AND 1=1) LIMIT $2 OFFSET $3
 GET /api/auth/me 200 in 6212ms
prisma:query SELECT "public"."Merchant"."id", "public"."Merchant"."cognitoSub", "public"."Merchant"."businessName", "public"."Merchant"."category", "public"."Merchant"."phoneNumber", "public"."Merchant"."logoUrl", "public"."Merchant"."websiteUrl", "public"."Merchant"."facebookUrl", "public"."Merchant"."instagramUrl", "public"."Merchant"."subscriptionStatus"::text, "public"."Merchant"."subscriptionTier"::text, "public"."Merchant"."subscriptionExpiresAt", "public"."Merchant"."createdAt", "public"."Merchant"."updatedAt", "public"."Merchant"."deletedAt" FROM "public"."Merchant" WHERE ("public"."Merchant"."id" = $1 AND 1=1) LIMIT $2 OFFSET $3
 GET /api/auth/me 200 in 183ms
prisma:query SELECT "public"."Offer"."id", "public"."Offer"."merchantId", "public"."Offer"."title", "public"."Offer"."offerType"::text, "public"."Offer"."rewardType"::text, "public"."Offer"."requiredStamps", "public"."Offer"."scratchMode"::text, "public"."Offer"."scratchCursor", "public"."Offer"."scratchOrder", "public"."Offer"."durationDays", "public"."Offer"."posterTemplateUrl", "public"."Offer"."finalPosterUrl", "public"."Offer"."isActive", "public"."Offer"."createdAt", "public"."Offer"."updatedAt", "public"."Offer"."deletedAt" FROM "public"."Offer" WHERE ("public"."Offer"."id" = $1 AND "public"."Offer"."deletedAt" IS NULL) LIMIT $2 OFFSET $3
prisma:query SELECT "public"."Merchant"."id", "public"."Merchant"."cognitoSub", "public"."Merchant"."businessName", "public"."Merchant"."category", "public"."Merchant"."phoneNumber", "public"."Merchant"."logoUrl", "public"."Merchant"."websiteUrl", "public"."Merchant"."facebookUrl", "public"."Merchant"."instagramUrl", "public"."Merchant"."subscriptionStatus"::text, "public"."Merchant"."subscriptionTier"::text, "public"."Merchant"."subscriptionExpiresAt", "public"."Merchant"."createdAt", "public"."Merchant"."updatedAt", "public"."Merchant"."deletedAt" FROM "public"."Merchant" WHERE "public"."Merchant"."id" IN ($1) OFFSET $2
prisma:query SELECT "public"."Branch"."id", "public"."Branch"."merchantId", "public"."Branch"."branchName", "public"."Branch"."address", "public"."Branch"."latitude", "public"."Branch"."longitude", "public"."Branch"."createdAt", "public"."Branch"."updatedAt", "public"."Branch"."deletedAt" FROM "public"."Branch" WHERE ("public"."Branch"."deletedAt" IS NULL AND "public"."Branch"."merchantId" IN ($1)) OFFSET $2
prisma:query SELECT "public"."ScratchItem"."id", "public"."ScratchItem"."offerId" FROM "public"."ScratchItem" WHERE "public"."ScratchItem"."offerId" IN ($1) OFFSET $2
prisma:query SELECT "public"."CustomerStamp"."id", "public"."CustomerStamp"."merchantId", "public"."CustomerStamp"."customerPhone", "public"."CustomerStamp"."stampsCollected", "public"."CustomerStamp"."totalRedeemed", "public"."CustomerStamp"."lastScannedAt", "public"."CustomerStamp"."lastReviewAt", "public"."CustomerStamp"."createdAt", "public"."CustomerStamp"."updatedAt", "public"."CustomerStamp"."deletedAt" FROM "public"."CustomerStamp" WHERE (("public"."CustomerStamp"."merchantId" = $1 AND "public"."CustomerStamp"."customerPhone" = $2) AND 1=1) LIMIT $3 OFFSET $4
 GET /api/customer/offers/cmueb0jc1000srrgal7d5zwhz 200 in 9545ms
prisma:query SELECT "public"."Offer"."id", "public"."Offer"."merchantId", "public"."Offer"."title", "public"."Offer"."offerType"::text, "public"."Offer"."rewardType"::text, "public"."Offer"."requiredStamps", "public"."Offer"."scratchMode"::text, "public"."Offer"."scratchCursor", "public"."Offer"."scratchOrder", "public"."Offer"."durationDays", "public"."Offer"."posterTemplateUrl", "public"."Offer"."finalPosterUrl", "public"."Offer"."isActive", "public"."Offer"."createdAt", "public"."Offer"."updatedAt", "public"."Offer"."deletedAt" FROM "public"."Offer" WHERE ("public"."Offer"."id" = $1 AND "public"."Offer"."deletedAt" IS NULL) LIMIT $2 OFFSET $3
prisma:query SELECT "public"."Merchant"."id", "public"."Merchant"."cognitoSub", "public"."Merchant"."businessName", "public"."Merchant"."category", "public"."Merchant"."phoneNumber", "public"."Merchant"."logoUrl", "public"."Merchant"."websiteUrl", "public"."Merchant"."facebookUrl", "public"."Merchant"."instagramUrl", "public"."Merchant"."subscriptionStatus"::text, "public"."Merchant"."subscriptionTier"::text, "public"."Merchant"."subscriptionExpiresAt", "public"."Merchant"."createdAt", "public"."Merchant"."updatedAt", "public"."Merchant"."deletedAt" FROM "public"."Merchant" WHERE "public"."Merchant"."id" IN ($1) OFFSET $2
prisma:query SELECT "public"."Branch"."id", "public"."Branch"."merchantId", "public"."Branch"."branchName", "public"."Branch"."address", "public"."Branch"."latitude", "public"."Branch"."longitude", "public"."Branch"."createdAt", "public"."Branch"."updatedAt", "public"."Branch"."deletedAt" FROM "public"."Branch" WHERE ("public"."Branch"."deletedAt" IS NULL AND "public"."Branch"."merchantId" IN ($1)) OFFSET $2
prisma:query SELECT "public"."ScratchItem"."id", "public"."ScratchItem"."offerId" FROM "public"."ScratchItem" WHERE "public"."ScratchItem"."offerId" IN ($1) OFFSET $2
prisma:query SELECT "public"."CustomerStamp"."id", "public"."CustomerStamp"."merchantId", "public"."CustomerStamp"."customerPhone", "public"."CustomerStamp"."stampsCollected", "public"."CustomerStamp"."totalRedeemed", "public"."CustomerStamp"."lastScannedAt", "public"."CustomerStamp"."lastReviewAt", "public"."CustomerStamp"."createdAt", "public"."CustomerStamp"."updatedAt", "public"."CustomerStamp"."deletedAt" FROM "public"."CustomerStamp" WHERE (("public"."CustomerStamp"."merchantId" = $1 AND "public"."CustomerStamp"."customerPhone" = $2) AND 1=1) LIMIT $3 OFFSET $4
 GET /api/customer/offers/cmueb0jc1000srrgal7d5zwhz 200 in 112ms
 ○ Compiling /stamp-card ...
 ✓ Compiled /stamp-card in 7.5s (1633 modules)
 GET /stamp-card 200 in 8648ms
 ○ Compiling /api/customer/cards ...
 ✓ Compiled /api/customer/cards in 1990ms (837 modules)
prisma:query SELECT 1
prisma:query SELECT "public"."Merchant"."id", "public"."Merchant"."cognitoSub", "public"."Merchant"."businessName", "public"."Merchant"."category", "public"."Merchant"."phoneNumber", "public"."Merchant"."logoUrl", "public"."Merchant"."websiteUrl", "public"."Merchant"."facebookUrl", "public"."Merchant"."instagramUrl", "public"."Merchant"."subscriptionStatus"::text, "public"."Merchant"."subscriptionTier"::text, "public"."Merchant"."subscriptionExpiresAt", "public"."Merchant"."createdAt", "public"."Merchant"."updatedAt", "public"."Merchant"."deletedAt" FROM "public"."Merchant" WHERE ("public"."Merchant"."id" = $1 AND 1=1) LIMIT $2 OFFSET $3
 GET /api/auth/me 200 in 4076ms
prisma:query SELECT "public"."CustomerStamp"."id", "public"."CustomerStamp"."merchantId", "public"."CustomerStamp"."customerPhone", "public"."CustomerStamp"."stampsCollected", "public"."CustomerStamp"."totalRedeemed", "public"."CustomerStamp"."lastScannedAt", "public"."CustomerStamp"."lastReviewAt", "public"."CustomerStamp"."createdAt", "public"."CustomerStamp"."updatedAt", "public"."CustomerStamp"."deletedAt" FROM "public"."CustomerStamp" WHERE ("public"."CustomerStamp"."customerPhone" = $1 AND "public"."CustomerStamp"."deletedAt" IS NULL) ORDER BY "public"."CustomerStamp"."updatedAt" DESC OFFSET $2
prisma:query SELECT "public"."Merchant"."id", "public"."Merchant"."businessName", "public"."Merchant"."category", "public"."Merchant"."logoUrl", "public"."Merchant"."deletedAt" FROM "public"."Merchant" WHERE "public"."Merchant"."id" IN ($1,$2) OFFSET $3
prisma:query SELECT "public"."Offer"."id", "public"."Offer"."title", "public"."Offer"."rewardType"::text, "public"."Offer"."requiredStamps", "public"."Offer"."isActive", "public"."Offer"."createdAt" FROM "public"."Offer" WHERE ("public"."Offer"."merchantId" = $1 AND "public"."Offer"."deletedAt" IS NULL AND "public"."Offer"."isActive" = $2 AND "public"."Offer"."offerType" = CAST($3::text AS "public"."OfferType")) ORDER BY "public"."Offer"."createdAt" DESC LIMIT $4 OFFSET $5
prisma:query SELECT "public"."Offer"."id", "public"."Offer"."title", "public"."Offer"."rewardType"::text, "public"."Offer"."requiredStamps", "public"."Offer"."isActive", "public"."Offer"."createdAt" FROM "public"."Offer" WHERE ("public"."Offer"."merchantId" = $1 AND "public"."Offer"."deletedAt" IS NULL AND "public"."Offer"."isActive" = $2 AND "public"."Offer"."offerType" = CAST($3::text AS "public"."OfferType")) ORDER BY "public"."Offer"."createdAt" DESC LIMIT $4 OFFSET $5
 GET /api/customer/cards 200 in 4221ms
prisma:query SELECT "public"."Merchant"."id", "public"."Merchant"."cognitoSub", "public"."Merchant"."businessName", "public"."Merchant"."category", "public"."Merchant"."phoneNumber", "public"."Merchant"."logoUrl", "public"."Merchant"."websiteUrl", "public"."Merchant"."facebookUrl", "public"."Merchant"."instagramUrl", "public"."Merchant"."subscriptionStatus"::text, "public"."Merchant"."subscriptionTier"::text, "public"."Merchant"."subscriptionExpiresAt", "public"."Merchant"."createdAt", "public"."Merchant"."updatedAt", "public"."Merchant"."deletedAt" FROM "public"."Merchant" WHERE ("public"."Merchant"."id" = $1 AND 1=1) LIMIT $2 OFFSET $3
 GET /api/auth/me 200 in 243ms
prisma:query SELECT "public"."CustomerStamp"."id", "public"."CustomerStamp"."merchantId", "public"."CustomerStamp"."customerPhone", "public"."CustomerStamp"."stampsCollected", "public"."CustomerStamp"."totalRedeemed", "public"."CustomerStamp"."lastScannedAt", "public"."CustomerStamp"."lastReviewAt", "public"."CustomerStamp"."createdAt", "public"."CustomerStamp"."updatedAt", "public"."CustomerStamp"."deletedAt" FROM "public"."CustomerStamp" WHERE ("public"."CustomerStamp"."customerPhone" = $1 AND "public"."CustomerStamp"."deletedAt" IS NULL) ORDER BY "public"."CustomerStamp"."updatedAt" DESC OFFSET $2
prisma:query SELECT "public"."Merchant"."id", "public"."Merchant"."businessName", "public"."Merchant"."category", "public"."Merchant"."logoUrl", "public"."Merchant"."deletedAt" FROM "public"."Merchant" WHERE "public"."Merchant"."id" IN ($1,$2) OFFSET $3
prisma:query SELECT "public"."Offer"."id", "public"."Offer"."title", "public"."Offer"."rewardType"::text, "public"."Offer"."requiredStamps", "public"."Offer"."isActive", "public"."Offer"."createdAt" FROM "public"."Offer" WHERE ("public"."Offer"."merchantId" = $1 AND "public"."Offer"."deletedAt" IS NULL AND "public"."Offer"."isActive" = $2 AND "public"."Offer"."offerType" = CAST($3::text AS "public"."OfferType")) ORDER BY "public"."Offer"."createdAt" DESC LIMIT $4 OFFSET $5
prisma:query SELECT "public"."Offer"."id", "public"."Offer"."title", "public"."Offer"."rewardType"::text, "public"."Offer"."requiredStamps", "public"."Offer"."isActive", "public"."Offer"."createdAt" FROM "public"."Offer" WHERE ("public"."Offer"."merchantId" = $1 AND "public"."Offer"."deletedAt" IS NULL AND "public"."Offer"."isActive" = $2 AND "public"."Offer"."offerType" = CAST($3::text AS "public"."OfferType")) ORDER BY "public"."Offer"."createdAt" DESC LIMIT $4 OFFSET $5
 GET /api/customer/cards 200 in 291ms
 ○ Compiling /reward ...
 ✓ Compiled /reward in 5.6s (1562 modules)
 GET /reward 200 in 6611ms
prisma:query SELECT "public"."CustomerStamp"."id", "public"."CustomerStamp"."merchantId", "public"."CustomerStamp"."customerPhone", "public"."CustomerStamp"."stampsCollected", "public"."CustomerStamp"."totalRedeemed", "public"."CustomerStamp"."lastScannedAt", "public"."CustomerStamp"."lastReviewAt", "public"."CustomerStamp"."createdAt", "public"."CustomerStamp"."updatedAt", "public"."CustomerStamp"."deletedAt" FROM "public"."CustomerStamp" WHERE ("public"."CustomerStamp"."customerPhone" = $1 AND "public"."CustomerStamp"."deletedAt" IS NULL) ORDER BY "public"."CustomerStamp"."updatedAt" DESC OFFSET $2
prisma:query SELECT "public"."Merchant"."id", "public"."Merchant"."businessName", "public"."Merchant"."category", "public"."Merchant"."logoUrl", "public"."Merchant"."deletedAt" FROM "public"."Merchant" WHERE "public"."Merchant"."id" IN ($1,$2) OFFSET $3
prisma:query SELECT "public"."Offer"."id", "public"."Offer"."title", "public"."Offer"."rewardType"::text, "public"."Offer"."requiredStamps", "public"."Offer"."isActive", "public"."Offer"."createdAt" FROM "public"."Offer" WHERE ("public"."Offer"."merchantId" = $1 AND "public"."Offer"."deletedAt" IS NULL AND "public"."Offer"."isActive" = $2 AND "public"."Offer"."offerType" = CAST($3::text AS "public"."OfferType")) ORDER BY "public"."Offer"."createdAt" DESC LIMIT $4 OFFSET $5
prisma:query SELECT "public"."Merchant"."id", "public"."Merchant"."cognitoSub", "public"."Merchant"."businessName", "public"."Merchant"."category", "public"."Merchant"."phoneNumber", "public"."Merchant"."logoUrl", "public"."Merchant"."websiteUrl", "public"."Merchant"."facebookUrl", "public"."Merchant"."instagramUrl", "public"."Merchant"."subscriptionStatus"::text, "public"."Merchant"."subscriptionTier"::text, "public"."Merchant"."subscriptionExpiresAt", "public"."Merchant"."createdAt", "public"."Merchant"."updatedAt", "public"."Merchant"."deletedAt" FROM "public"."Merchant" WHERE ("public"."Merchant"."id" = $1 AND 1=1) LIMIT $2 OFFSET $3
 GET /api/auth/me 200 in 213ms
prisma:query SELECT "public"."Offer"."id", "public"."Offer"."title", "public"."Offer"."rewardType"::text, "public"."Offer"."requiredStamps", "public"."Offer"."isActive", "public"."Offer"."createdAt" FROM "public"."Offer" WHERE ("public"."Offer"."merchantId" = $1 AND "public"."Offer"."deletedAt" IS NULL AND "public"."Offer"."isActive" = $2 AND "public"."Offer"."offerType" = CAST($3::text AS "public"."OfferType")) ORDER BY "public"."Offer"."createdAt" DESC LIMIT $4 OFFSET $5
 GET /api/customer/cards 200 in 235ms
prisma:query SELECT "public"."Merchant"."id", "public"."Merchant"."cognitoSub", "public"."Merchant"."businessName", "public"."Merchant"."category", "public"."Merchant"."phoneNumber", "public"."Merchant"."logoUrl", "public"."Merchant"."websiteUrl", "public"."Merchant"."facebookUrl", "public"."Merchant"."instagramUrl", "public"."Merchant"."subscriptionStatus"::text, "public"."Merchant"."subscriptionTier"::text, "public"."Merchant"."subscriptionExpiresAt", "public"."Merchant"."createdAt", "public"."Merchant"."updatedAt", "public"."Merchant"."deletedAt" FROM "public"."Merchant" WHERE ("public"."Merchant"."id" = $1 AND 1=1) LIMIT $2 OFFSET $3
 GET /api/auth/me 200 in 198ms
prisma:query SELECT "public"."CustomerStamp"."id", "public"."CustomerStamp"."merchantId", "public"."CustomerStamp"."customerPhone", "public"."CustomerStamp"."stampsCollected", "public"."CustomerStamp"."totalRedeemed", "public"."CustomerStamp"."lastScannedAt", "public"."CustomerStamp"."lastReviewAt", "public"."CustomerStamp"."createdAt", "public"."CustomerStamp"."updatedAt", "public"."CustomerStamp"."deletedAt" FROM "public"."CustomerStamp" WHERE ("public"."CustomerStamp"."customerPhone" = $1 AND "public"."CustomerStamp"."deletedAt" IS NULL) ORDER BY "public"."CustomerStamp"."updatedAt" DESC OFFSET $2
prisma:query SELECT "public"."Merchant"."id", "public"."Merchant"."businessName", "public"."Merchant"."category", "public"."Merchant"."logoUrl", "public"."Merchant"."deletedAt" FROM "public"."Merchant" WHERE "public"."Merchant"."id" IN ($1,$2) OFFSET $3
prisma:query SELECT "public"."Offer"."id", "public"."Offer"."title", "public"."Offer"."rewardType"::text, "public"."Offer"."requiredStamps", "public"."Offer"."isActive", "public"."Offer"."createdAt" FROM "public"."Offer" WHERE ("public"."Offer"."merchantId" = $1 AND "public"."Offer"."deletedAt" IS NULL AND "public"."Offer"."isActive" = $2 AND "public"."Offer"."offerType" = CAST($3::text AS "public"."OfferType")) ORDER BY "public"."Offer"."createdAt" DESC LIMIT $4 OFFSET $5
prisma:query SELECT "public"."Offer"."id", "public"."Offer"."title", "public"."Offer"."rewardType"::text, "public"."Offer"."requiredStamps", "public"."Offer"."isActive", "public"."Offer"."createdAt" FROM "public"."Offer" WHERE ("public"."Offer"."merchantId" = $1 AND "public"."Offer"."deletedAt" IS NULL AND "public"."Offer"."isActive" = $2 AND "public"."Offer"."offerType" = CAST($3::text AS "public"."OfferType")) ORDER BY "public"."Offer"."createdAt" DESC LIMIT $4 OFFSET $5
 GET /api/customer/cards 200 in 227ms
 ○ Compiling /profile ...
 ✓ Compiled /profile in 5.3s (1538 modules)
 GET /profile 200 in 6025ms
prisma:query SELECT 1
prisma:query SELECT "public"."Merchant"."id", "public"."Merchant"."cognitoSub", "public"."Merchant"."businessName", "public"."Merchant"."category", "public"."Merchant"."phoneNumber", "public"."Merchant"."logoUrl", "public"."Merchant"."websiteUrl", "public"."Merchant"."facebookUrl", "public"."Merchant"."instagramUrl", "public"."Merchant"."subscriptionStatus"::text, "public"."Merchant"."subscriptionTier"::text, "public"."Merchant"."subscriptionExpiresAt", "public"."Merchant"."createdAt", "public"."Merchant"."updatedAt", "public"."Merchant"."deletedAt" FROM "public"."Merchant" WHERE ("public"."Merchant"."id" = $1 AND 1=1) LIMIT $2 OFFSET $3
 GET /api/auth/me 200 in 168ms
prisma:query SELECT "public"."CustomerStamp"."id", "public"."CustomerStamp"."merchantId", "public"."CustomerStamp"."customerPhone", "public"."CustomerStamp"."stampsCollected", "public"."CustomerStamp"."totalRedeemed", "public"."CustomerStamp"."lastScannedAt", "public"."CustomerStamp"."lastReviewAt", "public"."CustomerStamp"."createdAt", "public"."CustomerStamp"."updatedAt", "public"."CustomerStamp"."deletedAt" FROM "public"."CustomerStamp" WHERE ("public"."CustomerStamp"."customerPhone" = $1 AND "public"."CustomerStamp"."deletedAt" IS NULL) ORDER BY "public"."CustomerStamp"."updatedAt" DESC OFFSET $2
prisma:query SELECT "public"."Merchant"."id", "public"."Merchant"."businessName", "public"."Merchant"."category", "public"."Merchant"."logoUrl", "public"."Merchant"."deletedAt" FROM "public"."Merchant" WHERE "public"."Merchant"."id" IN ($1,$2) OFFSET $3
prisma:query SELECT "public"."Offer"."id", "public"."Offer"."title", "public"."Offer"."rewardType"::text, "public"."Offer"."requiredStamps", "public"."Offer"."isActive", "public"."Offer"."createdAt" FROM "public"."Offer" WHERE ("public"."Offer"."merchantId" = $1 AND "public"."Offer"."deletedAt" IS NULL AND "public"."Offer"."isActive" = $2 AND "public"."Offer"."offerType" = CAST($3::text AS "public"."OfferType")) ORDER BY "public"."Offer"."createdAt" DESC LIMIT $4 OFFSET $5
prisma:query SELECT "public"."Offer"."id", "public"."Offer"."title", "public"."Offer"."rewardType"::text, "public"."Offer"."requiredStamps", "public"."Offer"."isActive", "public"."Offer"."createdAt" FROM "public"."Offer" WHERE ("public"."Offer"."merchantId" = $1 AND "public"."Offer"."deletedAt" IS NULL AND "public"."Offer"."isActive" = $2 AND "public"."Offer"."offerType" = CAST($3::text AS "public"."OfferType")) ORDER BY "public"."Offer"."createdAt" DESC LIMIT $4 OFFSET $5
 GET /api/customer/cards 200 in 377ms
prisma:query SELECT "public"."Merchant"."id", "public"."Merchant"."cognitoSub", "public"."Merchant"."businessName", "public"."Merchant"."category", "public"."Merchant"."phoneNumber", "public"."Merchant"."logoUrl", "public"."Merchant"."websiteUrl", "public"."Merchant"."facebookUrl", "public"."Merchant"."instagramUrl", "public"."Merchant"."subscriptionStatus"::text, "public"."Merchant"."subscriptionTier"::text, "public"."Merchant"."subscriptionExpiresAt", "public"."Merchant"."createdAt", "public"."Merchant"."updatedAt", "public"."Merchant"."deletedAt" FROM "public"."Merchant" WHERE ("public"."Merchant"."id" = $1 AND 1=1) LIMIT $2 OFFSET $3
 GET /api/auth/me 200 in 263ms
prisma:query SELECT "public"."CustomerStamp"."id", "public"."CustomerStamp"."merchantId", "public"."CustomerStamp"."customerPhone", "public"."CustomerStamp"."stampsCollected", "public"."CustomerStamp"."totalRedeemed", "public"."CustomerStamp"."lastScannedAt", "public"."CustomerStamp"."lastReviewAt", "public"."CustomerStamp"."createdAt", "public"."CustomerStamp"."updatedAt", "public"."CustomerStamp"."deletedAt" FROM "public"."CustomerStamp" WHERE ("public"."CustomerStamp"."customerPhone" = $1 AND "public"."CustomerStamp"."deletedAt" IS NULL) ORDER BY "public"."CustomerStamp"."updatedAt" DESC OFFSET $2
prisma:query SELECT "public"."Merchant"."id", "public"."Merchant"."businessName", "public"."Merchant"."category", "public"."Merchant"."logoUrl", "public"."Merchant"."deletedAt" FROM "public"."Merchant" WHERE "public"."Merchant"."id" IN ($1,$2) OFFSET $3
prisma:query SELECT "public"."Offer"."id", "public"."Offer"."title", "public"."Offer"."rewardType"::text, "public"."Offer"."requiredStamps", "public"."Offer"."isActive", "public"."Offer"."createdAt" FROM "public"."Offer" WHERE ("public"."Offer"."merchantId" = $1 AND "public"."Offer"."deletedAt" IS NULL AND "public"."Offer"."isActive" = $2 AND "public"."Offer"."offerType" = CAST($3::text AS "public"."OfferType")) ORDER BY "public"."Offer"."createdAt" DESC LIMIT $4 OFFSET $5
prisma:query SELECT "public"."Offer"."id", "public"."Offer"."title", "public"."Offer"."rewardType"::text, "public"."Offer"."requiredStamps", "public"."Offer"."isActive", "public"."Offer"."createdAt" FROM "public"."Offer" WHERE ("public"."Offer"."merchantId" = $1 AND "public"."Offer"."deletedAt" IS NULL AND "public"."Offer"."isActive" = $2 AND "public"."Offer"."offerType" = CAST($3::text AS "public"."OfferType")) ORDER BY "public"."Offer"."createdAt" DESC LIMIT $4 OFFSET $5
 GET /api/customer/cards 200 in 199ms
prisma:query SELECT "public"."Merchant"."id", "public"."Merchant"."cognitoSub", "public"."Merchant"."businessName", "public"."Merchant"."category", "public"."Merchant"."phoneNumber", "public"."Merchant"."logoUrl", "public"."Merchant"."websiteUrl", "public"."Merchant"."facebookUrl", "public"."Merchant"."instagramUrl", "public"."Merchant"."subscriptionStatus"::text, "public"."Merchant"."subscriptionTier"::text, "public"."Merchant"."subscriptionExpiresAt", "public"."Merchant"."createdAt", "public"."Merchant"."updatedAt", "public"."Merchant"."deletedAt" FROM "public"."Merchant" WHERE ("public"."Merchant"."id" = $1 AND 1=1) LIMIT $2 OFFSET $3
 GET /api/auth/me 200 in 120ms
prisma:query SELECT "public"."Merchant"."id", "public"."Merchant"."cognitoSub", "public"."Merchant"."businessName", "public"."Merchant"."category", "public"."Merchant"."phoneNumber", "public"."Merchant"."logoUrl", "public"."Merchant"."websiteUrl", "public"."Merchant"."facebookUrl", "public"."Merchant"."instagramUrl", "public"."Merchant"."subscriptionStatus"::text, "public"."Merchant"."subscriptionTier"::text, "public"."Merchant"."subscriptionExpiresAt", "public"."Merchant"."createdAt", "public"."Merchant"."updatedAt", "public"."Merchant"."deletedAt" FROM "public"."Merchant" WHERE ("public"."Merchant"."id" = $1 AND 1=1) LIMIT $2 OFFSET $3
 GET /api/auth/me 200 in 72ms
 ○ Compiling /api/admin/login ...
 ✓ Compiled /api/admin/login in 1834ms (828 modules)
 POST /api/admin/login 200 in 2267ms
 ○ Compiling /admin ...
 ✓ Compiled /admin in 11.5s (1639 modules)
 GET /admin 200 in 13065ms
 ○ Compiling /api/admin/session ...
 ✓ Compiled /api/admin/session in 1957ms (867 modules)
 GET /api/admin/session 200 in 2402ms
 GET /api/admin/session 200 in 81ms
 ○ Compiling /api/admin/stats ...
 ✓ Compiled /api/admin/stats in 1792ms (869 modules)
prisma:query SELECT 1
prisma:query BEGIN
prisma:query SELECT COUNT(*), "public"."Merchant"."subscriptionStatus"::text FROM "public"."Merchant" WHERE 1=1 GROUP BY "public"."Merchant"."subscriptionStatus" ORDER BY "public"."Merchant"."subscriptionStatus" ASC OFFSET $1
prisma:query SELECT COUNT(*) FROM (SELECT "public"."Merchant"."id" FROM "public"."Merchant" WHERE 1=1 OFFSET $1) AS "sub"
prisma:query SELECT COUNT(*) FROM (SELECT "public"."Merchant"."id" FROM "public"."Merchant" WHERE "public"."Merchant"."deletedAt" IS NOT NULL OFFSET $1) AS "sub"
prisma:query SELECT COUNT(*) FROM (SELECT "public"."Offer"."id" FROM "public"."Offer" WHERE "public"."Offer"."deletedAt" IS NULL OFFSET $1) AS "sub"
prisma:query SELECT COUNT(*) FROM (SELECT "public"."Branch"."id" FROM "public"."Branch" WHERE "public"."Branch"."deletedAt" IS NULL OFFSET $1) AS "sub"
prisma:query SELECT COUNT(*) FROM (SELECT "public"."CustomerStamp"."id" FROM "public"."CustomerStamp" WHERE "public"."CustomerStamp"."deletedAt" IS NULL OFFSET $1) AS "sub"
prisma:query SELECT COUNT(*) FROM (SELECT "public"."ActivityEvent"."id" FROM "public"."ActivityEvent" WHERE ("public"."ActivityEvent"."type" = CAST($1::text AS "public"."ActivityType") AND "public"."ActivityEvent"."createdAt" >= $2) OFFSET $3) AS "sub"
prisma:query SELECT COUNT(*) FROM (SELECT "public"."Merchant"."id" FROM "public"."Merchant" WHERE "public"."Merchant"."createdAt" >= $1 OFFSET $2) AS "sub"
prisma:query SELECT COUNT(*), "public"."PaymentRequest"."status"::text FROM "public"."PaymentRequest" WHERE "public"."PaymentRequest"."deletedAt" IS NULL GROUP BY "public"."PaymentRequest"."status" ORDER BY "public"."PaymentRequest"."status" ASC OFFSET $1
prisma:query SELECT SUM("amount") FROM (SELECT "public"."PaymentRequest"."amount" FROM "public"."PaymentRequest" WHERE ("public"."PaymentRequest"."status" = CAST($1::text AS "public"."PaymentStatus") AND "public"."PaymentRequest"."deletedAt" IS NULL) OFFSET $2) AS "sub"
prisma:query SELECT SUM("amount") FROM (SELECT "public"."PaymentRequest"."amount" FROM "public"."PaymentRequest" WHERE ("public"."PaymentRequest"."status" = CAST($1::text AS "public"."PaymentStatus") AND "public"."PaymentRequest"."deletedAt" IS NULL) OFFSET $2) AS "sub"
prisma:query SELECT "public"."Merchant"."id", "public"."Merchant"."businessName", "public"."Merchant"."category", "public"."Merchant"."phoneNumber", "public"."Merchant"."subscriptionStatus"::text, "public"."Merchant"."subscriptionExpiresAt", "public"."Merchant"."createdAt", "public"."Merchant"."deletedAt" FROM "public"."Merchant" WHERE 1=1 ORDER BY "public"."Merchant"."createdAt" DESC LIMIT $1 OFFSET $2
prisma:query SELECT "public"."PaymentRequest"."id", "public"."PaymentRequest"."merchantId", "public"."PaymentRequest"."paymentMethod"::text, "public"."PaymentRequest"."senderNumber", "public"."PaymentRequest"."trxId", "public"."PaymentRequest"."amount", "public"."PaymentRequest"."requestedTier"::text, "public"."PaymentRequest"."screenshotPath", "public"."PaymentRequest"."status"::text, "public"."PaymentRequest"."createdAt", "public"."PaymentRequest"."updatedAt", "public"."PaymentRequest"."deletedAt" FROM "public"."PaymentRequest" WHERE ("public"."PaymentRequest"."status" = CAST($1::text AS "public"."PaymentStatus") AND "public"."PaymentRequest"."deletedAt" IS NULL) ORDER BY "public"."PaymentRequest"."createdAt" DESC LIMIT $2 OFFSET $3
prisma:query SELECT "public"."Merchant"."id", "public"."Merchant"."businessName", "public"."Merchant"."phoneNumber" FROM "public"."Merchant" WHERE "public"."Merchant"."id" IN ($1,$2,$3,$4,$5) OFFSET $6
prisma:query COMMIT
 GET /api/admin/stats 200 in 2332ms
prisma:query BEGIN
prisma:query SELECT COUNT(*), "public"."Merchant"."subscriptionStatus"::text FROM "public"."Merchant" WHERE 1=1 GROUP BY "public"."Merchant"."subscriptionStatus" ORDER BY "public"."Merchant"."subscriptionStatus" ASC OFFSET $1
prisma:query SELECT COUNT(*) FROM (SELECT "public"."Merchant"."id" FROM "public"."Merchant" WHERE 1=1 OFFSET $1) AS "sub"
prisma:query SELECT COUNT(*) FROM (SELECT "public"."Merchant"."id" FROM "public"."Merchant" WHERE "public"."Merchant"."deletedAt" IS NOT NULL OFFSET $1) AS "sub"
prisma:query SELECT COUNT(*) FROM (SELECT "public"."Offer"."id" FROM "public"."Offer" WHERE "public"."Offer"."deletedAt" IS NULL OFFSET $1) AS "sub"
prisma:query SELECT COUNT(*) FROM (SELECT "public"."Branch"."id" FROM "public"."Branch" WHERE "public"."Branch"."deletedAt" IS NULL OFFSET $1) AS "sub"
prisma:query SELECT COUNT(*) FROM (SELECT "public"."CustomerStamp"."id" FROM "public"."CustomerStamp" WHERE "public"."CustomerStamp"."deletedAt" IS NULL OFFSET $1) AS "sub"
prisma:query SELECT COUNT(*) FROM (SELECT "public"."ActivityEvent"."id" FROM "public"."ActivityEvent" WHERE ("public"."ActivityEvent"."type" = CAST($1::text AS "public"."ActivityType") AND "public"."ActivityEvent"."createdAt" >= $2) OFFSET $3) AS "sub"
prisma:query SELECT COUNT(*) FROM (SELECT "public"."Merchant"."id" FROM "public"."Merchant" WHERE "public"."Merchant"."createdAt" >= $1 OFFSET $2) AS "sub"
prisma:query SELECT COUNT(*), "public"."PaymentRequest"."status"::text FROM "public"."PaymentRequest" WHERE "public"."PaymentRequest"."deletedAt" IS NULL GROUP BY "public"."PaymentRequest"."status" ORDER BY "public"."PaymentRequest"."status" ASC OFFSET $1
prisma:query SELECT SUM("amount") FROM (SELECT "public"."PaymentRequest"."amount" FROM "public"."PaymentRequest" WHERE ("public"."PaymentRequest"."status" = CAST($1::text AS "public"."PaymentStatus") AND "public"."PaymentRequest"."deletedAt" IS NULL) OFFSET $2) AS "sub"
prisma:query SELECT SUM("amount") FROM (SELECT "public"."PaymentRequest"."amount" FROM "public"."PaymentRequest" WHERE ("public"."PaymentRequest"."status" = CAST($1::text AS "public"."PaymentStatus") AND "public"."PaymentRequest"."deletedAt" IS NULL) OFFSET $2) AS "sub"
prisma:query SELECT "public"."Merchant"."id", "public"."Merchant"."businessName", "public"."Merchant"."category", "public"."Merchant"."phoneNumber", "public"."Merchant"."subscriptionStatus"::text, "public"."Merchant"."subscriptionExpiresAt", "public"."Merchant"."createdAt", "public"."Merchant"."deletedAt" FROM "public"."Merchant" WHERE 1=1 ORDER BY "public"."Merchant"."createdAt" DESC LIMIT $1 OFFSET $2
prisma:query SELECT "public"."PaymentRequest"."id", "public"."PaymentRequest"."merchantId", "public"."PaymentRequest"."paymentMethod"::text, "public"."PaymentRequest"."senderNumber", "public"."PaymentRequest"."trxId", "public"."PaymentRequest"."amount", "public"."PaymentRequest"."requestedTier"::text, "public"."PaymentRequest"."screenshotPath", "public"."PaymentRequest"."status"::text, "public"."PaymentRequest"."createdAt", "public"."PaymentRequest"."updatedAt", "public"."PaymentRequest"."deletedAt" FROM "public"."PaymentRequest" WHERE ("public"."PaymentRequest"."status" = CAST($1::text AS "public"."PaymentStatus") AND "public"."PaymentRequest"."deletedAt" IS NULL) ORDER BY "public"."PaymentRequest"."createdAt" DESC LIMIT $2 OFFSET $3
prisma:query SELECT "public"."Merchant"."id", "public"."Merchant"."businessName", "public"."Merchant"."phoneNumber" FROM "public"."Merchant" WHERE "public"."Merchant"."id" IN ($1,$2,$3,$4,$5) OFFSET $6
prisma:query COMMIT
 GET /api/admin/stats 200 in 209ms
 ○ Compiling /admin/merchants ...
 ✓ Compiled /admin/merchants in 6s (1656 modules)
 GET /admin/merchants 200 in 7529ms
 GET /api/admin/session 200 in 171ms
 GET /api/admin/session 200 in 66ms
 ○ Compiling /api/admin/merchants ...
 ✓ Compiled /api/admin/merchants in 2.3s (876 modules)
prisma:query SELECT 1
prisma:query BEGIN
prisma:query SELECT "public"."Merchant"."id", "public"."Merchant"."businessName", "public"."Merchant"."category", "public"."Merchant"."phoneNumber", "public"."Merchant"."logoUrl", "public"."Merchant"."websiteUrl", "public"."Merchant"."subscriptionStatus"::text, "public"."Merchant"."subscriptionExpiresAt", "public"."Merchant"."createdAt", "public"."Merchant"."deletedAt", COALESCE("aggr_selection_0_Offer"."_aggr_count_offers", 0) AS "_aggr_count_offers", COALESCE("aggr_selection_1_Branch"."_aggr_count_branches", 0) AS "_aggr_count_branches", COALESCE("aggr_selection_2_CustomerStamp"."_aggr_count_customerStamps", 0) AS "_aggr_count_customerStamps", COALESCE("aggr_selection_3_PaymentRequest"."_aggr_count_paymentRequests", 0) AS "_aggr_count_paymentRequests" FROM "public"."Merchant" LEFT JOIN (SELECT "public"."Offer"."merchantId", COUNT(*) AS "_aggr_count_offers" FROM "public"."Offer" WHERE "public"."Offer"."deletedAt" IS NULL GROUP BY "public"."Offer"."merchantId") AS "aggr_selection_0_Offer" ON ("public"."Merchant"."id" = "aggr_selection_0_Offer"."merchantId") LEFT JOIN (SELECT "public"."Branch"."merchantId", COUNT(*) AS "_aggr_count_branches" FROM "public"."Branch" WHERE "public"."Branch"."deletedAt" IS NULL GROUP BY "public"."Branch"."merchantId") AS "aggr_selection_1_Branch" ON ("public"."Merchant"."id" = "aggr_selection_1_Branch"."merchantId") LEFT JOIN (SELECT "public"."CustomerStamp"."merchantId", COUNT(*) AS "_aggr_count_customerStamps" FROM "public"."CustomerStamp" WHERE "public"."CustomerStamp"."deletedAt" IS NULL GROUP BY "public"."CustomerStamp"."merchantId") AS "aggr_selection_2_CustomerStamp" ON ("public"."Merchant"."id" = "aggr_selection_2_CustomerStamp"."merchantId") LEFT JOIN (SELECT "public"."PaymentRequest"."merchantId", COUNT(*) AS "_aggr_count_paymentRequests" FROM "public"."PaymentRequest" WHERE 1=1 GROUP BY "public"."PaymentRequest"."merchantId") AS "aggr_selection_3_PaymentRequest" ON ("public"."Merchant"."id" = "aggr_selection_3_PaymentRequest"."merchantId") WHERE 1=1 ORDER BY "public"."Merchant"."createdAt" DESC LIMIT $1 OFFSET $2
prisma:query SELECT COUNT(*) FROM (SELECT "public"."Merchant"."id" FROM "public"."Merchant" WHERE 1=1 OFFSET $1) AS "sub"
prisma:query SELECT COUNT(*), "public"."Merchant"."subscriptionStatus"::text FROM "public"."Merchant" WHERE 1=1 GROUP BY "public"."Merchant"."subscriptionStatus" ORDER BY "public"."Merchant"."subscriptionStatus" ASC OFFSET $1
prisma:query SELECT COUNT(*) FROM (SELECT "public"."Merchant"."id" FROM "public"."Merchant" WHERE "public"."Merchant"."deletedAt" IS NOT NULL OFFSET $1) AS "sub"
prisma:query COMMIT
 GET /api/admin/merchants?page=1&pageSize=20 200 in 2771ms
prisma:query BEGIN
prisma:query SELECT "public"."Merchant"."id", "public"."Merchant"."businessName", "public"."Merchant"."category", "public"."Merchant"."phoneNumber", "public"."Merchant"."logoUrl", "public"."Merchant"."websiteUrl", "public"."Merchant"."subscriptionStatus"::text, "public"."Merchant"."subscriptionExpiresAt", "public"."Merchant"."createdAt", "public"."Merchant"."deletedAt", COALESCE("aggr_selection_0_Offer"."_aggr_count_offers", 0) AS "_aggr_count_offers", COALESCE("aggr_selection_1_Branch"."_aggr_count_branches", 0) AS "_aggr_count_branches", COALESCE("aggr_selection_2_CustomerStamp"."_aggr_count_customerStamps", 0) AS "_aggr_count_customerStamps", COALESCE("aggr_selection_3_PaymentRequest"."_aggr_count_paymentRequests", 0) AS "_aggr_count_paymentRequests" FROM "public"."Merchant" LEFT JOIN (SELECT "public"."Offer"."merchantId", COUNT(*) AS "_aggr_count_offers" FROM "public"."Offer" WHERE "public"."Offer"."deletedAt" IS NULL GROUP BY "public"."Offer"."merchantId") AS "aggr_selection_0_Offer" ON ("public"."Merchant"."id" = "aggr_selection_0_Offer"."merchantId") LEFT JOIN (SELECT "public"."Branch"."merchantId", COUNT(*) AS "_aggr_count_branches" FROM "public"."Branch" WHERE "public"."Branch"."deletedAt" IS NULL GROUP BY "public"."Branch"."merchantId") AS "aggr_selection_1_Branch" ON ("public"."Merchant"."id" = "aggr_selection_1_Branch"."merchantId") LEFT JOIN (SELECT "public"."CustomerStamp"."merchantId", COUNT(*) AS "_aggr_count_customerStamps" FROM "public"."CustomerStamp" WHERE "public"."CustomerStamp"."deletedAt" IS NULL GROUP BY "public"."CustomerStamp"."merchantId") AS "aggr_selection_2_CustomerStamp" ON ("public"."Merchant"."id" = "aggr_selection_2_CustomerStamp"."merchantId") LEFT JOIN (SELECT "public"."PaymentRequest"."merchantId", COUNT(*) AS "_aggr_count_paymentRequests" FROM "public"."PaymentRequest" WHERE 1=1 GROUP BY "public"."PaymentRequest"."merchantId") AS "aggr_selection_3_PaymentRequest" ON ("public"."Merchant"."id" = "aggr_selection_3_PaymentRequest"."merchantId") WHERE 1=1 ORDER BY "public"."Merchant"."createdAt" DESC LIMIT $1 OFFSET $2
prisma:query SELECT COUNT(*) FROM (SELECT "public"."Merchant"."id" FROM "public"."Merchant" WHERE 1=1 OFFSET $1) AS "sub"
prisma:query SELECT COUNT(*), "public"."Merchant"."subscriptionStatus"::text FROM "public"."Merchant" WHERE 1=1 GROUP BY "public"."Merchant"."subscriptionStatus" ORDER BY "public"."Merchant"."subscriptionStatus" ASC OFFSET $1
prisma:query SELECT COUNT(*) FROM (SELECT "public"."Merchant"."id" FROM "public"."Merchant" WHERE "public"."Merchant"."deletedAt" IS NOT NULL OFFSET $1) AS "sub"
prisma:query COMMIT
 GET /api/admin/merchants?page=1&pageSize=20 200 in 177ms
 ○ Compiling /admin/billing ...
 ✓ Compiled /admin/billing in 5.7s (1650 modules)
 GET /admin/billing 200 in 6657ms
 GET /api/admin/session 200 in 62ms
 GET /api/admin/session 200 in 67ms
 ○ Compiling /api/admin/payments ...
 ✓ Compiled /api/admin/payments in 2.2s (868 modules)
prisma:query BEGIN
prisma:query SELECT "public"."PaymentRequest"."id", "public"."PaymentRequest"."merchantId", "public"."PaymentRequest"."paymentMethod"::text, "public"."PaymentRequest"."senderNumber", "public"."PaymentRequest"."trxId", "public"."PaymentRequest"."amount", "public"."PaymentRequest"."requestedTier"::text, "public"."PaymentRequest"."screenshotPath", "public"."PaymentRequest"."status"::text, "public"."PaymentRequest"."createdAt", "public"."PaymentRequest"."updatedAt", "public"."PaymentRequest"."deletedAt" FROM "public"."PaymentRequest" WHERE ("public"."PaymentRequest"."deletedAt" IS NULL AND "public"."PaymentRequest"."status" = CAST($1::text AS "public"."PaymentStatus")) ORDER BY "public"."PaymentRequest"."createdAt" DESC LIMIT $2 OFFSET $3
prisma:query SELECT "public"."Merchant"."id", "public"."Merchant"."businessName", "public"."Merchant"."phoneNumber", "public"."Merchant"."subscriptionStatus"::text FROM "public"."Merchant" WHERE "public"."Merchant"."id" IN ($1,$2,$3,$4,$5,$6,$7) OFFSET $8
prisma:query SELECT COUNT(*) FROM (SELECT "public"."PaymentRequest"."id" FROM "public"."PaymentRequest" WHERE ("public"."PaymentRequest"."deletedAt" IS NULL AND "public"."PaymentRequest"."status" = CAST($1::text AS "public"."PaymentStatus")) OFFSET $2) AS "sub"
prisma:query SELECT COUNT(*), "public"."PaymentRequest"."status"::text FROM "public"."PaymentRequest" WHERE "public"."PaymentRequest"."deletedAt" IS NULL GROUP BY "public"."PaymentRequest"."status" ORDER BY "public"."PaymentRequest"."status" ASC OFFSET $1
prisma:query SELECT SUM("amount") FROM (SELECT "public"."PaymentRequest"."amount" FROM "public"."PaymentRequest" WHERE ("public"."PaymentRequest"."status" = CAST($1::text AS "public"."PaymentStatus") AND "public"."PaymentRequest"."deletedAt" IS NULL) OFFSET $2) AS "sub"
prisma:query COMMIT
 GET /api/admin/payments?status=PENDING&page=1&pageSize=20 200 in 2655ms
prisma:query BEGIN
prisma:query SELECT "public"."PaymentRequest"."id", "public"."PaymentRequest"."merchantId", "public"."PaymentRequest"."paymentMethod"::text, "public"."PaymentRequest"."senderNumber", "public"."PaymentRequest"."trxId", "public"."PaymentRequest"."amount", "public"."PaymentRequest"."requestedTier"::text, "public"."PaymentRequest"."screenshotPath", "public"."PaymentRequest"."status"::text, "public"."PaymentRequest"."createdAt", "public"."PaymentRequest"."updatedAt", "public"."PaymentRequest"."deletedAt" FROM "public"."PaymentRequest" WHERE ("public"."PaymentRequest"."deletedAt" IS NULL AND "public"."PaymentRequest"."status" = CAST($1::text AS "public"."PaymentStatus")) ORDER BY "public"."PaymentRequest"."createdAt" DESC LIMIT $2 OFFSET $3
prisma:query SELECT "public"."Merchant"."id", "public"."Merchant"."businessName", "public"."Merchant"."phoneNumber", "public"."Merchant"."subscriptionStatus"::text FROM "public"."Merchant" WHERE "public"."Merchant"."id" IN ($1,$2,$3,$4,$5,$6,$7) OFFSET $8
prisma:query SELECT COUNT(*) FROM (SELECT "public"."PaymentRequest"."id" FROM "public"."PaymentRequest" WHERE ("public"."PaymentRequest"."deletedAt" IS NULL AND "public"."PaymentRequest"."status" = CAST($1::text AS "public"."PaymentStatus")) OFFSET $2) AS "sub"
prisma:query SELECT COUNT(*), "public"."PaymentRequest"."status"::text FROM "public"."PaymentRequest" WHERE "public"."PaymentRequest"."deletedAt" IS NULL GROUP BY "public"."PaymentRequest"."status" ORDER BY "public"."PaymentRequest"."status" ASC OFFSET $1
prisma:query SELECT SUM("amount") FROM (SELECT "public"."PaymentRequest"."amount" FROM "public"."PaymentRequest" WHERE ("public"."PaymentRequest"."status" = CAST($1::text AS "public"."PaymentStatus") AND "public"."PaymentRequest"."deletedAt" IS NULL) OFFSET $2) AS "sub"
prisma:query COMMIT
 GET /api/admin/payments?status=PENDING&page=1&pageSize=20 200 in 152ms
 ○ Compiling /welcome ...
 ✓ Compiled /welcome in 5.4s (694 modules)
 GET /welcome 200 in 6963ms
 ○ Compiling /otp ...
 ✓ Compiled /otp in 4.9s (700 modules)
 GET /otp 200 in 8230ms
 ○ Compiling /business-setup ...
 ✓ Compiled /business-setup in 4.4s (696 modules)
 GET /business-setup 200 in 5831ms
 GET /welcome 200 in 194ms
 ○ Compiling /scan ...
 ✓ Compiled /scan in 2.7s (704 modules)
 GET /scan 200 in 4059ms
 ○ Compiling /api/auth/me ...
 ✓ Compiled /api/auth/me in 5.2s (835 modules)
 GET /api/auth/me 401 in 10326ms
 GET /api/auth/me 401 in 83ms
 GET /api/auth/me 401 in 193ms
 GET /api/auth/me 401 in 24ms
 ○ Compiling /admin/login ...
 ✓ Compiled /admin/login in 2.2s (840 modules)
 GET /admin/login 200 in 3289ms
 ○ Compiling /api/auth/otp/send ...
 ✓ Compiled /api/auth/otp/send in 1663ms (836 modules)
[OTP:dev] 01741995455 -> 920399
 POST /api/auth/otp/send 200 in 2156ms
 ○ Compiling /api/auth/otp/verify ...
 ✓ Compiled /api/auth/otp/verify in 1248ms (838 modules)
prisma:query SELECT "public"."Merchant"."id", "public"."Merchant"."cognitoSub", "public"."Merchant"."businessName", "public"."Merchant"."category", "public"."Merchant"."phoneNumber", "public"."Merchant"."logoUrl", "public"."Merchant"."websiteUrl", "public"."Merchant"."facebookUrl", "public"."Merchant"."instagramUrl", "public"."Merchant"."subscriptionStatus"::text, "public"."Merchant"."subscriptionTier"::text, "public"."Merchant"."subscriptionExpiresAt", "public"."Merchant"."createdAt", "public"."Merchant"."updatedAt", "public"."Merchant"."deletedAt" FROM "public"."Merchant" WHERE ("public"."Merchant"."phoneNumber" = $1 AND 1=1) LIMIT $2 OFFSET $3
 POST /api/auth/otp/verify 200 in 2006ms
 ○ Compiling /dashboard ...
 ✓ Compiled /dashboard in 3.4s (856 modules)
 GET /dashboard 200 in 4712ms
prisma:query SELECT "public"."Merchant"."id", "public"."Merchant"."cognitoSub", "public"."Merchant"."businessName", "public"."Merchant"."category", "public"."Merchant"."phoneNumber", "public"."Merchant"."logoUrl", "public"."Merchant"."websiteUrl", "public"."Merchant"."facebookUrl", "public"."Merchant"."instagramUrl", "public"."Merchant"."subscriptionStatus"::text, "public"."Merchant"."subscriptionTier"::text, "public"."Merchant"."subscriptionExpiresAt", "public"."Merchant"."createdAt", "public"."Merchant"."updatedAt", "public"."Merchant"."deletedAt" FROM "public"."Merchant" WHERE ("public"."Merchant"."id" = $1 AND 1=1) LIMIT $2 OFFSET $3
 GET /api/auth/me 200 in 150ms
prisma:query SELECT "public"."Merchant"."id", "public"."Merchant"."cognitoSub", "public"."Merchant"."businessName", "public"."Merchant"."category", "public"."Merchant"."phoneNumber", "public"."Merchant"."logoUrl", "public"."Merchant"."websiteUrl", "public"."Merchant"."facebookUrl", "public"."Merchant"."instagramUrl", "public"."Merchant"."subscriptionStatus"::text, "public"."Merchant"."subscriptionTier"::text, "public"."Merchant"."subscriptionExpiresAt", "public"."Merchant"."createdAt", "public"."Merchant"."updatedAt", "public"."Merchant"."deletedAt" FROM "public"."Merchant" WHERE ("public"."Merchant"."id" = $1 AND 1=1) LIMIT $2 OFFSET $3
 GET /api/auth/me 200 in 72ms
 ○ Compiling /api/offers ...
 ✓ Compiled /api/offers in 1924ms (850 modules)
 ✓ Compiled /analytics in 2ms (852 modules)
 ✓ Compiled in 2ms (859 modules)
 ✓ Compiled in 1ms (859 modules)
prisma:query SELECT 1
prisma:query SELECT "public"."Merchant"."id", "public"."Merchant"."cognitoSub", "public"."Merchant"."businessName", "public"."Merchant"."category", "public"."Merchant"."phoneNumber", "public"."Merchant"."logoUrl", "public"."Merchant"."websiteUrl", "public"."Merchant"."facebookUrl", "public"."Merchant"."instagramUrl", "public"."Merchant"."subscriptionStatus"::text, "public"."Merchant"."subscriptionTier"::text, "public"."Merchant"."subscriptionExpiresAt", "public"."Merchant"."createdAt", "public"."Merchant"."updatedAt", "public"."Merchant"."deletedAt" FROM "public"."Merchant" WHERE ("public"."Merchant"."id" = $1 AND "public"."Merchant"."deletedAt" IS NULL) LIMIT $2 OFFSET $3
prisma:query SELECT COUNT(*) FROM (SELECT "public"."Offer"."id" FROM "public"."Offer" WHERE ("public"."Offer"."merchantId" = $1 AND "public"."Offer"."deletedAt" IS NULL) OFFSET $2) AS "sub"
prisma:query SELECT SUM("stampsCollected"), SUM("totalRedeemed") FROM (SELECT "public"."CustomerStamp"."stampsCollected", "public"."CustomerStamp"."totalRedeemed" FROM "public"."CustomerStamp" WHERE ("public"."CustomerStamp"."merchantId" = $1 AND "public"."CustomerStamp"."deletedAt" IS NULL) OFFSET $2) AS "sub"
prisma:query SELECT COUNT(*) FROM (SELECT "public"."Branch"."id" FROM "public"."Branch" WHERE ("public"."Branch"."merchantId" = $1 AND "public"."Branch"."deletedAt" IS NULL) OFFSET $2) AS "sub"
prisma:query SELECT COUNT(*) FROM (SELECT "public"."CustomerStamp"."id" FROM "public"."CustomerStamp" WHERE ("public"."CustomerStamp"."merchantId" = $1 AND "public"."CustomerStamp"."deletedAt" IS NULL) OFFSET $2) AS "sub"
prisma:query SELECT COUNT(*) FROM (SELECT "public"."Offer"."id" FROM "public"."Offer" WHERE ("public"."Offer"."merchantId" = $1 AND "public"."Offer"."deletedAt" IS NULL AND "public"."Offer"."isActive" = $2) OFFSET $3) AS "sub"
 GET /api/merchant/stats 200 in 10854ms
 ✓ Compiled in 1ms (848 modules)
prisma:query SELECT "public"."Merchant"."id", "public"."Merchant"."cognitoSub", "public"."Merchant"."businessName", "public"."Merchant"."category", "public"."Merchant"."phoneNumber", "public"."Merchant"."logoUrl", "public"."Merchant"."websiteUrl", "public"."Merchant"."facebookUrl", "public"."Merchant"."instagramUrl", "public"."Merchant"."subscriptionStatus"::text, "public"."Merchant"."subscriptionTier"::text, "public"."Merchant"."subscriptionExpiresAt", "public"."Merchant"."createdAt", "public"."Merchant"."updatedAt", "public"."Merchant"."deletedAt" FROM "public"."Merchant" WHERE ("public"."Merchant"."id" = $1 AND "public"."Merchant"."deletedAt" IS NULL) LIMIT $2 OFFSET $3
prisma:query SELECT "public"."Offer"."id", "public"."Offer"."merchantId", "public"."Offer"."title", "public"."Offer"."offerType"::text, "public"."Offer"."rewardType"::text, "public"."Offer"."requiredStamps", "public"."Offer"."scratchMode"::text, "public"."Offer"."scratchCursor", "public"."Offer"."scratchOrder", "public"."Offer"."durationDays", "public"."Offer"."posterTemplateUrl", "public"."Offer"."finalPosterUrl", "public"."Offer"."isActive", "public"."Offer"."createdAt", "public"."Offer"."updatedAt", "public"."Offer"."deletedAt" FROM "public"."Offer" WHERE ("public"."Offer"."merchantId" = $1 AND "public"."Offer"."deletedAt" IS NULL) ORDER BY "public"."Offer"."createdAt" DESC OFFSET $2
prisma:query SELECT "public"."ScratchItem"."id", "public"."ScratchItem"."offerId", "public"."ScratchItem"."label", "public"."ScratchItem"."sortOrder", "public"."ScratchItem"."createdAt", "public"."ScratchItem"."updatedAt" FROM "public"."ScratchItem" WHERE "public"."ScratchItem"."offerId" IN ($1,$2,$3,$4) ORDER BY "public"."ScratchItem"."sortOrder" ASC OFFSET $5
 GET /api/offers 200 in 12825ms
 ✓ Compiled in 1ms (848 modules)
 GET /api/merchant/stats 200 in 5041ms
 GET /analytics 200 in 13816ms
 ✓ Compiled in 1ms (848 modules)
 ✓ Compiled in 1ms (848 modules)
prisma:query SELECT "public"."Merchant"."id", "public"."Merchant"."cognitoSub", "public"."Merchant"."businessName", "public"."Merchant"."category", "public"."Merchant"."phoneNumber", "public"."Merchant"."logoUrl", "public"."Merchant"."websiteUrl", "public"."Merchant"."facebookUrl", "public"."Merchant"."instagramUrl", "public"."Merchant"."subscriptionStatus"::text, "public"."Merchant"."subscriptionTier"::text, "public"."Merchant"."subscriptionExpiresAt", "public"."Merchant"."createdAt", "public"."Merchant"."updatedAt", "public"."Merchant"."deletedAt" FROM "public"."Merchant" WHERE ("public"."Merchant"."id" = $1 AND "public"."Merchant"."deletedAt" IS NULL) LIMIT $2 OFFSET $3
prisma:query SELECT COUNT(*) FROM (SELECT "public"."Offer"."id" FROM "public"."Offer" WHERE ("public"."Offer"."merchantId" = $1 AND "public"."Offer"."deletedAt" IS NULL) OFFSET $2) AS "sub"
prisma:query SELECT COUNT(*) FROM (SELECT "public"."Offer"."id" FROM "public"."Offer" WHERE ("public"."Offer"."merchantId" = $1 AND "public"."Offer"."deletedAt" IS NULL AND "public"."Offer"."isActive" = $2) OFFSET $3) AS "sub"
prisma:query SELECT COUNT(*) FROM (SELECT "public"."Branch"."id" FROM "public"."Branch" WHERE ("public"."Branch"."merchantId" = $1 AND "public"."Branch"."deletedAt" IS NULL) OFFSET $2) AS "sub"
prisma:query SELECT COUNT(*) FROM (SELECT "public"."CustomerStamp"."id" FROM "public"."CustomerStamp" WHERE ("public"."CustomerStamp"."merchantId" = $1 AND "public"."CustomerStamp"."deletedAt" IS NULL) OFFSET $2) AS "sub"
prisma:query SELECT SUM("stampsCollected"), SUM("totalRedeemed") FROM (SELECT "public"."CustomerStamp"."stampsCollected", "public"."CustomerStamp"."totalRedeemed" FROM "public"."CustomerStamp" WHERE ("public"."CustomerStamp"."merchantId" = $1 AND "public"."CustomerStamp"."deletedAt" IS NULL) OFFSET $2) AS "sub"
prisma:query SELECT "public"."Merchant"."id", "public"."Merchant"."cognitoSub", "public"."Merchant"."businessName", "public"."Merchant"."category", "public"."Merchant"."phoneNumber", "public"."Merchant"."logoUrl", "public"."Merchant"."websiteUrl", "public"."Merchant"."facebookUrl", "public"."Merchant"."instagramUrl", "public"."Merchant"."subscriptionStatus"::text, "public"."Merchant"."subscriptionTier"::text, "public"."Merchant"."subscriptionExpiresAt", "public"."Merchant"."createdAt", "public"."Merchant"."updatedAt", "public"."Merchant"."deletedAt" FROM "public"."Merchant" WHERE ("public"."Merchant"."id" = $1 AND "public"."Merchant"."deletedAt" IS NULL) LIMIT $2 OFFSET $3
prisma:query SELECT "public"."Offer"."id", "public"."Offer"."merchantId", "public"."Offer"."title", "public"."Offer"."offerType"::text, "public"."Offer"."rewardType"::text, "public"."Offer"."requiredStamps", "public"."Offer"."scratchMode"::text, "public"."Offer"."scratchCursor", "public"."Offer"."scratchOrder", "public"."Offer"."durationDays", "public"."Offer"."posterTemplateUrl", "public"."Offer"."finalPosterUrl", "public"."Offer"."isActive", "public"."Offer"."createdAt", "public"."Offer"."updatedAt", "public"."Offer"."deletedAt" FROM "public"."Offer" WHERE ("public"."Offer"."merchantId" = $1 AND "public"."Offer"."deletedAt" IS NULL) ORDER BY "public"."Offer"."createdAt" DESC OFFSET $2
prisma:query SELECT "public"."ScratchItem"."id", "public"."ScratchItem"."offerId", "public"."ScratchItem"."label", "public"."ScratchItem"."sortOrder", "public"."ScratchItem"."createdAt", "public"."ScratchItem"."updatedAt" FROM "public"."ScratchItem" WHERE "public"."ScratchItem"."offerId" IN ($1,$2,$3,$4) ORDER BY "public"."ScratchItem"."sortOrder" ASC OFFSET $5
prisma:query SELECT "public"."Merchant"."id", "public"."Merchant"."cognitoSub", "public"."Merchant"."businessName", "public"."Merchant"."category", "public"."Merchant"."phoneNumber", "public"."Merchant"."logoUrl", "public"."Merchant"."websiteUrl", "public"."Merchant"."facebookUrl", "public"."Merchant"."instagramUrl", "public"."Merchant"."subscriptionStatus"::text, "public"."Merchant"."subscriptionTier"::text, "public"."Merchant"."subscriptionExpiresAt", "public"."Merchant"."createdAt", "public"."Merchant"."updatedAt", "public"."Merchant"."deletedAt" FROM "public"."Merchant" WHERE ("public"."Merchant"."id" = $1 AND 1=1) LIMIT $2 OFFSET $3
 GET /api/auth/me 200 in 132ms
prisma:query SELECT "public"."Merchant"."id", "public"."Merchant"."cognitoSub", "public"."Merchant"."businessName", "public"."Merchant"."category", "public"."Merchant"."phoneNumber", "public"."Merchant"."logoUrl", "public"."Merchant"."websiteUrl", "public"."Merchant"."facebookUrl", "public"."Merchant"."instagramUrl", "public"."Merchant"."subscriptionStatus"::text, "public"."Merchant"."subscriptionTier"::text, "public"."Merchant"."subscriptionExpiresAt", "public"."Merchant"."createdAt", "public"."Merchant"."updatedAt", "public"."Merchant"."deletedAt" FROM "public"."Merchant" WHERE ("public"."Merchant"."id" = $1 AND 1=1) LIMIT $2 OFFSET $3
 GET /api/auth/me 200 in 66ms
 ○ Compiling /api/merchant/analytics ...
 ✓ Compiled /api/merchant/analytics in 2.4s (844 modules)
prisma:query SELECT "public"."Merchant"."id", "public"."Merchant"."cognitoSub", "public"."Merchant"."businessName", "public"."Merchant"."category", "public"."Merchant"."phoneNumber", "public"."Merchant"."logoUrl", "public"."Merchant"."websiteUrl", "public"."Merchant"."facebookUrl", "public"."Merchant"."instagramUrl", "public"."Merchant"."subscriptionStatus"::text, "public"."Merchant"."subscriptionTier"::text, "public"."Merchant"."subscriptionExpiresAt", "public"."Merchant"."createdAt", "public"."Merchant"."updatedAt", "public"."Merchant"."deletedAt" FROM "public"."Merchant" WHERE ("public"."Merchant"."id" = $1 AND "public"."Merchant"."deletedAt" IS NULL) LIMIT $2 OFFSET $3
prisma:query SELECT 1
prisma:query SELECT 1
prisma:query SELECT 1
prisma:query SELECT "public"."CustomerStamp"."id", "public"."CustomerStamp"."customerPhone", "public"."CustomerStamp"."createdAt" FROM "public"."CustomerStamp" WHERE ("public"."CustomerStamp"."merchantId" = $1 AND "public"."CustomerStamp"."deletedAt" IS NULL) OFFSET $2
prisma:query SELECT "public"."ActivityEvent"."id", "public"."ActivityEvent"."type"::text, "public"."ActivityEvent"."offerId", "public"."ActivityEvent"."customerPhone", "public"."ActivityEvent"."createdAt" FROM "public"."ActivityEvent" WHERE ("public"."ActivityEvent"."merchantId" = $1 AND "public"."ActivityEvent"."createdAt" >= $2 AND "public"."ActivityEvent"."createdAt" < $3) OFFSET $4
prisma:query SELECT "public"."Offer"."id", "public"."Offer"."title", "public"."Offer"."offerType"::text FROM "public"."Offer" WHERE "public"."Offer"."merchantId" = $1 OFFSET $2
prisma:query SELECT "public"."ScratchResult"."id", "public"."ScratchResult"."offerId", "public"."ScratchResult"."customerPhone", "public"."ScratchResult"."scratchedAt" FROM "public"."ScratchResult" WHERE ("public"."ScratchResult"."merchantId" = $1 AND "public"."ScratchResult"."scratchedAt" >= $2 AND "public"."ScratchResult"."scratchedAt" < $3) OFFSET $4
 GET /api/merchant/analytics?from=2026-08-26&to=2026-09-24 200 in 3134ms
 ○ Compiling /customers ...
 ✓ Compiled /customers in 3.2s (851 modules)
prisma:query SELECT "public"."Merchant"."id", "public"."Merchant"."cognitoSub", "public"."Merchant"."businessName", "public"."Merchant"."category", "public"."Merchant"."phoneNumber", "public"."Merchant"."logoUrl", "public"."Merchant"."websiteUrl", "public"."Merchant"."facebookUrl", "public"."Merchant"."instagramUrl", "public"."Merchant"."subscriptionStatus"::text, "public"."Merchant"."subscriptionTier"::text, "public"."Merchant"."subscriptionExpiresAt", "public"."Merchant"."createdAt", "public"."Merchant"."updatedAt", "public"."Merchant"."deletedAt" FROM "public"."Merchant" WHERE ("public"."Merchant"."id" = $1 AND "public"."Merchant"."deletedAt" IS NULL) LIMIT $2 OFFSET $3
prisma:query SELECT "public"."Offer"."id", "public"."Offer"."title", "public"."Offer"."offerType"::text FROM "public"."Offer" WHERE "public"."Offer"."merchantId" = $1 OFFSET $2
prisma:query SELECT "public"."CustomerStamp"."id", "public"."CustomerStamp"."customerPhone", "public"."CustomerStamp"."createdAt" FROM "public"."CustomerStamp" WHERE ("public"."CustomerStamp"."merchantId" = $1 AND "public"."CustomerStamp"."deletedAt" IS NULL) OFFSET $2
prisma:query SELECT "public"."ScratchResult"."id", "public"."ScratchResult"."offerId", "public"."ScratchResult"."customerPhone", "public"."ScratchResult"."scratchedAt" FROM "public"."ScratchResult" WHERE ("public"."ScratchResult"."merchantId" = $1 AND "public"."ScratchResult"."scratchedAt" >= $2 AND "public"."ScratchResult"."scratchedAt" < $3) OFFSET $4
prisma:query SELECT "public"."ActivityEvent"."id", "public"."ActivityEvent"."type"::text, "public"."ActivityEvent"."offerId", "public"."ActivityEvent"."customerPhone", "public"."ActivityEvent"."createdAt" FROM "public"."ActivityEvent" WHERE ("public"."ActivityEvent"."merchantId" = $1 AND "public"."ActivityEvent"."createdAt" >= $2 AND "public"."ActivityEvent"."createdAt" < $3) OFFSET $4
 GET /api/merchant/analytics?from=2026-08-26&to=2026-09-24 200 in 7580ms
 GET /customers 200 in 8922ms
prisma:query SELECT "public"."Merchant"."id", "public"."Merchant"."cognitoSub", "public"."Merchant"."businessName", "public"."Merchant"."category", "public"."Merchant"."phoneNumber", "public"."Merchant"."logoUrl", "public"."Merchant"."websiteUrl", "public"."Merchant"."facebookUrl", "public"."Merchant"."instagramUrl", "public"."Merchant"."subscriptionStatus"::text, "public"."Merchant"."subscriptionTier"::text, "public"."Merchant"."subscriptionExpiresAt", "public"."Merchant"."createdAt", "public"."Merchant"."updatedAt", "public"."Merchant"."deletedAt" FROM "public"."Merchant" WHERE ("public"."Merchant"."id" = $1 AND 1=1) LIMIT $2 OFFSET $3
 GET /api/auth/me 200 in 71ms
prisma:query SELECT "public"."Merchant"."id", "public"."Merchant"."cognitoSub", "public"."Merchant"."businessName", "public"."Merchant"."category", "public"."Merchant"."phoneNumber", "public"."Merchant"."logoUrl", "public"."Merchant"."websiteUrl", "public"."Merchant"."facebookUrl", "public"."Merchant"."instagramUrl", "public"."Merchant"."subscriptionStatus"::text, "public"."Merchant"."subscriptionTier"::text, "public"."Merchant"."subscriptionExpiresAt", "public"."Merchant"."createdAt", "public"."Merchant"."updatedAt", "public"."Merchant"."deletedAt" FROM "public"."Merchant" WHERE ("public"."Merchant"."id" = $1 AND 1=1) LIMIT $2 OFFSET $3
 GET /api/auth/me 200 in 59ms
 ○ Compiling /api/merchant/customers ...
 ✓ Compiled /api/merchant/customers in 3.1s (853 modules)
prisma:query SELECT 1
prisma:query SELECT "public"."Merchant"."id", "public"."Merchant"."cognitoSub", "public"."Merchant"."businessName", "public"."Merchant"."category", "public"."Merchant"."phoneNumber", "public"."Merchant"."logoUrl", "public"."Merchant"."websiteUrl", "public"."Merchant"."facebookUrl", "public"."Merchant"."instagramUrl", "public"."Merchant"."subscriptionStatus"::text, "public"."Merchant"."subscriptionTier"::text, "public"."Merchant"."subscriptionExpiresAt", "public"."Merchant"."createdAt", "public"."Merchant"."updatedAt", "public"."Merchant"."deletedAt" FROM "public"."Merchant" WHERE ("public"."Merchant"."id" = $1 AND "public"."Merchant"."deletedAt" IS NULL) LIMIT $2 OFFSET $3
prisma:query SELECT 1
prisma:query SELECT 1
prisma:query SELECT COUNT(*) FROM (SELECT "public"."CustomerStamp"."id" FROM "public"."CustomerStamp" WHERE ("public"."CustomerStamp"."merchantId" = $1 AND "public"."CustomerStamp"."deletedAt" IS NULL) OFFSET $2) AS "sub"
prisma:query SELECT COUNT(*) FROM (SELECT "public"."CustomerStamp"."id" FROM "public"."CustomerStamp" WHERE ("public"."CustomerStamp"."merchantId" = $1 AND "public"."CustomerStamp"."deletedAt" IS NULL) OFFSET $2) AS "sub"
prisma:query SELECT "public"."CustomerStamp"."id", "public"."CustomerStamp"."customerPhone", "public"."CustomerStamp"."stampsCollected", "public"."CustomerStamp"."totalRedeemed", "public"."CustomerStamp"."lastScannedAt", "public"."CustomerStamp"."lastReviewAt", "public"."CustomerStamp"."createdAt" FROM "public"."CustomerStamp" WHERE ("public"."CustomerStamp"."merchantId" = $1 AND "public"."CustomerStamp"."deletedAt" IS NULL) ORDER BY "public"."CustomerStamp"."lastScannedAt" DESC, "public"."CustomerStamp"."createdAt" DESC LIMIT $2 OFFSET $3
 GET /api/merchant/customers?page=1&pageSize=20 200 in 3860ms
prisma:query SELECT "public"."Merchant"."id", "public"."Merchant"."cognitoSub", "public"."Merchant"."businessName", "public"."Merchant"."category", "public"."Merchant"."phoneNumber", "public"."Merchant"."logoUrl", "public"."Merchant"."websiteUrl", "public"."Merchant"."facebookUrl", "public"."Merchant"."instagramUrl", "public"."Merchant"."subscriptionStatus"::text, "public"."Merchant"."subscriptionTier"::text, "public"."Merchant"."subscriptionExpiresAt", "public"."Merchant"."createdAt", "public"."Merchant"."updatedAt", "public"."Merchant"."deletedAt" FROM "public"."Merchant" WHERE ("public"."Merchant"."id" = $1 AND "public"."Merchant"."deletedAt" IS NULL) LIMIT $2 OFFSET $3
prisma:query SELECT COUNT(*) FROM (SELECT "public"."CustomerStamp"."id" FROM "public"."CustomerStamp" WHERE ("public"."CustomerStamp"."merchantId" = $1 AND "public"."CustomerStamp"."deletedAt" IS NULL) OFFSET $2) AS "sub"
prisma:query SELECT COUNT(*) FROM (SELECT "public"."CustomerStamp"."id" FROM "public"."CustomerStamp" WHERE ("public"."CustomerStamp"."merchantId" = $1 AND "public"."CustomerStamp"."deletedAt" IS NULL) OFFSET $2) AS "sub"
prisma:query SELECT "public"."CustomerStamp"."id", "public"."CustomerStamp"."customerPhone", "public"."CustomerStamp"."stampsCollected", "public"."CustomerStamp"."totalRedeemed", "public"."CustomerStamp"."lastScannedAt", "public"."CustomerStamp"."lastReviewAt", "public"."CustomerStamp"."createdAt" FROM "public"."CustomerStamp" WHERE ("public"."CustomerStamp"."merchantId" = $1 AND "public"."CustomerStamp"."deletedAt" IS NULL) ORDER BY "public"."CustomerStamp"."lastScannedAt" DESC, "public"."CustomerStamp"."createdAt" DESC LIMIT $2 OFFSET $3
 GET /api/merchant/customers?page=1&pageSize=20 200 in 104ms
 ○ Compiling /branches ...
 ✓ Compiled /branches in 2.9s (861 modules)
 GET /branches 200 in 3795ms
prisma:query SELECT "public"."Merchant"."id", "public"."Merchant"."cognitoSub", "public"."Merchant"."businessName", "public"."Merchant"."category", "public"."Merchant"."phoneNumber", "public"."Merchant"."logoUrl", "public"."Merchant"."websiteUrl", "public"."Merchant"."facebookUrl", "public"."Merchant"."instagramUrl", "public"."Merchant"."subscriptionStatus"::text, "public"."Merchant"."subscriptionTier"::text, "public"."Merchant"."subscriptionExpiresAt", "public"."Merchant"."createdAt", "public"."Merchant"."updatedAt", "public"."Merchant"."deletedAt" FROM "public"."Merchant" WHERE ("public"."Merchant"."id" = $1 AND 1=1) LIMIT $2 OFFSET $3
 GET /api/auth/me 200 in 147ms
prisma:query SELECT "public"."Merchant"."id", "public"."Merchant"."cognitoSub", "public"."Merchant"."businessName", "public"."Merchant"."category", "public"."Merchant"."phoneNumber", "public"."Merchant"."logoUrl", "public"."Merchant"."websiteUrl", "public"."Merchant"."facebookUrl", "public"."Merchant"."instagramUrl", "public"."Merchant"."subscriptionStatus"::text, "public"."Merchant"."subscriptionTier"::text, "public"."Merchant"."subscriptionExpiresAt", "public"."Merchant"."createdAt", "public"."Merchant"."updatedAt", "public"."Merchant"."deletedAt" FROM "public"."Merchant" WHERE ("public"."Merchant"."id" = $1 AND 1=1) LIMIT $2 OFFSET $3
 GET /api/auth/me 200 in 153ms
 ○ Compiling /api/branches ...
 ✓ Compiled /api/branches in 2.4s (818 modules)
prisma:query SELECT 1
prisma:query SELECT "public"."Merchant"."id", "public"."Merchant"."cognitoSub", "public"."Merchant"."businessName", "public"."Merchant"."category", "public"."Merchant"."phoneNumber", "public"."Merchant"."logoUrl", "public"."Merchant"."websiteUrl", "public"."Merchant"."facebookUrl", "public"."Merchant"."instagramUrl", "public"."Merchant"."subscriptionStatus"::text, "public"."Merchant"."subscriptionTier"::text, "public"."Merchant"."subscriptionExpiresAt", "public"."Merchant"."createdAt", "public"."Merchant"."updatedAt", "public"."Merchant"."deletedAt" FROM "public"."Merchant" WHERE ("public"."Merchant"."id" = $1 AND "public"."Merchant"."deletedAt" IS NULL) LIMIT $2 OFFSET $3
prisma:query SELECT "public"."Branch"."id", "public"."Branch"."merchantId", "public"."Branch"."branchName", "public"."Branch"."address", "public"."Branch"."latitude", "public"."Branch"."longitude", "public"."Branch"."createdAt", "public"."Branch"."updatedAt", "public"."Branch"."deletedAt" FROM "public"."Branch" WHERE ("public"."Branch"."merchantId" = $1 AND "public"."Branch"."deletedAt" IS NULL) ORDER BY "public"."Branch"."createdAt" ASC OFFSET $2
 GET /api/branches 200 in 6160ms
prisma:query SELECT "public"."Merchant"."id", "public"."Merchant"."cognitoSub", "public"."Merchant"."businessName", "public"."Merchant"."category", "public"."Merchant"."phoneNumber", "public"."Merchant"."logoUrl", "public"."Merchant"."websiteUrl", "public"."Merchant"."facebookUrl", "public"."Merchant"."instagramUrl", "public"."Merchant"."subscriptionStatus"::text, "public"."Merchant"."subscriptionTier"::text, "public"."Merchant"."subscriptionExpiresAt", "public"."Merchant"."createdAt", "public"."Merchant"."updatedAt", "public"."Merchant"."deletedAt" FROM "public"."Merchant" WHERE ("public"."Merchant"."id" = $1 AND "public"."Merchant"."deletedAt" IS NULL) LIMIT $2 OFFSET $3
prisma:query SELECT "public"."Branch"."id", "public"."Branch"."merchantId", "public"."Branch"."branchName", "public"."Branch"."address", "public"."Branch"."latitude", "public"."Branch"."longitude", "public"."Branch"."createdAt", "public"."Branch"."updatedAt", "public"."Branch"."deletedAt" FROM "public"."Branch" WHERE ("public"."Branch"."merchantId" = $1 AND "public"."Branch"."deletedAt" IS NULL) ORDER BY "public"."Branch"."createdAt" ASC OFFSET $2
 GET /api/branches 200 in 97ms
 ○ Compiling /billing ...
 ✓ Compiled /billing in 5.3s (831 modules)
 GET /billing 200 in 7079ms
prisma:query SELECT "public"."Merchant"."id", "public"."Merchant"."cognitoSub", "public"."Merchant"."businessName", "public"."Merchant"."category", "public"."Merchant"."phoneNumber", "public"."Merchant"."logoUrl", "public"."Merchant"."websiteUrl", "public"."Merchant"."facebookUrl", "public"."Merchant"."instagramUrl", "public"."Merchant"."subscriptionStatus"::text, "public"."Merchant"."subscriptionTier"::text, "public"."Merchant"."subscriptionExpiresAt", "public"."Merchant"."createdAt", "public"."Merchant"."updatedAt", "public"."Merchant"."deletedAt" FROM "public"."Merchant" WHERE ("public"."Merchant"."id" = $1 AND 1=1) LIMIT $2 OFFSET $3
 GET /api/auth/me 200 in 249ms
prisma:query SELECT "public"."Merchant"."id", "public"."Merchant"."cognitoSub", "public"."Merchant"."businessName", "public"."Merchant"."category", "public"."Merchant"."phoneNumber", "public"."Merchant"."logoUrl", "public"."Merchant"."websiteUrl", "public"."Merchant"."facebookUrl", "public"."Merchant"."instagramUrl", "public"."Merchant"."subscriptionStatus"::text, "public"."Merchant"."subscriptionTier"::text, "public"."Merchant"."subscriptionExpiresAt", "public"."Merchant"."createdAt", "public"."Merchant"."updatedAt", "public"."Merchant"."deletedAt" FROM "public"."Merchant" WHERE ("public"."Merchant"."id" = $1 AND 1=1) LIMIT $2 OFFSET $3
 GET /api/auth/me 200 in 70ms
 ○ Compiling /api/billing ...
 ✓ Compiled /api/billing in 2.5s (828 modules)
prisma:query SELECT 1
prisma:query SELECT "public"."Merchant"."id", "public"."Merchant"."cognitoSub", "public"."Merchant"."businessName", "public"."Merchant"."category", "public"."Merchant"."phoneNumber", "public"."Merchant"."logoUrl", "public"."Merchant"."websiteUrl", "public"."Merchant"."facebookUrl", "public"."Merchant"."instagramUrl", "public"."Merchant"."subscriptionStatus"::text, "public"."Merchant"."subscriptionTier"::text, "public"."Merchant"."subscriptionExpiresAt", "public"."Merchant"."createdAt", "public"."Merchant"."updatedAt", "public"."Merchant"."deletedAt" FROM "public"."Merchant" WHERE ("public"."Merchant"."id" = $1 AND "public"."Merchant"."deletedAt" IS NULL) LIMIT $2 OFFSET $3
prisma:query SELECT "public"."PaymentRequest"."id", "public"."PaymentRequest"."merchantId", "public"."PaymentRequest"."paymentMethod"::text, "public"."PaymentRequest"."senderNumber", "public"."PaymentRequest"."trxId", "public"."PaymentRequest"."amount", "public"."PaymentRequest"."requestedTier"::text, "public"."PaymentRequest"."screenshotPath", "public"."PaymentRequest"."status"::text, "public"."PaymentRequest"."createdAt", "public"."PaymentRequest"."updatedAt", "public"."PaymentRequest"."deletedAt" FROM "public"."PaymentRequest" WHERE ("public"."PaymentRequest"."merchantId" = $1 AND "public"."PaymentRequest"."deletedAt" IS NULL) ORDER BY "public"."PaymentRequest"."createdAt" DESC LIMIT $2 OFFSET $3
 GET /api/billing 200 in 3094ms
prisma:query SELECT "public"."Merchant"."id", "public"."Merchant"."cognitoSub", "public"."Merchant"."businessName", "public"."Merchant"."category", "public"."Merchant"."phoneNumber", "public"."Merchant"."logoUrl", "public"."Merchant"."websiteUrl", "public"."Merchant"."facebookUrl", "public"."Merchant"."instagramUrl", "public"."Merchant"."subscriptionStatus"::text, "public"."Merchant"."subscriptionTier"::text, "public"."Merchant"."subscriptionExpiresAt", "public"."Merchant"."createdAt", "public"."Merchant"."updatedAt", "public"."Merchant"."deletedAt" FROM "public"."Merchant" WHERE ("public"."Merchant"."id" = $1 AND "public"."Merchant"."deletedAt" IS NULL) LIMIT $2 OFFSET $3
prisma:query SELECT "public"."PaymentRequest"."id", "public"."PaymentRequest"."merchantId", "public"."PaymentRequest"."paymentMethod"::text, "public"."PaymentRequest"."senderNumber", "public"."PaymentRequest"."trxId", "public"."PaymentRequest"."amount", "public"."PaymentRequest"."requestedTier"::text, "public"."PaymentRequest"."screenshotPath", "public"."PaymentRequest"."status"::text, "public"."PaymentRequest"."createdAt", "public"."PaymentRequest"."updatedAt", "public"."PaymentRequest"."deletedAt" FROM "public"."PaymentRequest" WHERE ("public"."PaymentRequest"."merchantId" = $1 AND "public"."PaymentRequest"."deletedAt" IS NULL) ORDER BY "public"."PaymentRequest"."createdAt" DESC LIMIT $2 OFFSET $3
 GET /api/billing 200 in 163ms
 ○ Compiling /billing/checkout ...
 ✓ Compiled /billing/checkout in 2.8s (832 modules)
 GET /billing/checkout 200 in 4819ms
prisma:query SELECT "public"."Merchant"."id", "public"."Merchant"."cognitoSub", "public"."Merchant"."businessName", "public"."Merchant"."category", "public"."Merchant"."phoneNumber", "public"."Merchant"."logoUrl", "public"."Merchant"."websiteUrl", "public"."Merchant"."facebookUrl", "public"."Merchant"."instagramUrl", "public"."Merchant"."subscriptionStatus"::text, "public"."Merchant"."subscriptionTier"::text, "public"."Merchant"."subscriptionExpiresAt", "public"."Merchant"."createdAt", "public"."Merchant"."updatedAt", "public"."Merchant"."deletedAt" FROM "public"."Merchant" WHERE ("public"."Merchant"."id" = $1 AND 1=1) LIMIT $2 OFFSET $3
 GET /api/auth/me 200 in 103ms
prisma:query SELECT "public"."Merchant"."id", "public"."Merchant"."cognitoSub", "public"."Merchant"."businessName", "public"."Merchant"."category", "public"."Merchant"."phoneNumber", "public"."Merchant"."logoUrl", "public"."Merchant"."websiteUrl", "public"."Merchant"."facebookUrl", "public"."Merchant"."instagramUrl", "public"."Merchant"."subscriptionStatus"::text, "public"."Merchant"."subscriptionTier"::text, "public"."Merchant"."subscriptionExpiresAt", "public"."Merchant"."createdAt", "public"."Merchant"."updatedAt", "public"."Merchant"."deletedAt" FROM "public"."Merchant" WHERE ("public"."Merchant"."id" = $1 AND 1=1) LIMIT $2 OFFSET $3
 GET /api/auth/me 200 in 127ms
 ○ Compiling /offers/new ...
 ✓ Compiled /offers/new in 2.8s (816 modules)
 GET /offers/new 200 in 3952ms
prisma:query SELECT 1
prisma:query SELECT "public"."Merchant"."id", "public"."Merchant"."cognitoSub", "public"."Merchant"."businessName", "public"."Merchant"."category", "public"."Merchant"."phoneNumber", "public"."Merchant"."logoUrl", "public"."Merchant"."websiteUrl", "public"."Merchant"."facebookUrl", "public"."Merchant"."instagramUrl", "public"."Merchant"."subscriptionStatus"::text, "public"."Merchant"."subscriptionTier"::text, "public"."Merchant"."subscriptionExpiresAt", "public"."Merchant"."createdAt", "public"."Merchant"."updatedAt", "public"."Merchant"."deletedAt" FROM "public"."Merchant" WHERE ("public"."Merchant"."id" = $1 AND 1=1) LIMIT $2 OFFSET $3
 GET /api/auth/me 200 in 235ms
prisma:query SELECT "public"."Merchant"."id", "public"."Merchant"."cognitoSub", "public"."Merchant"."businessName", "public"."Merchant"."category", "public"."Merchant"."phoneNumber", "public"."Merchant"."logoUrl", "public"."Merchant"."websiteUrl", "public"."Merchant"."facebookUrl", "public"."Merchant"."instagramUrl", "public"."Merchant"."subscriptionStatus"::text, "public"."Merchant"."subscriptionTier"::text, "public"."Merchant"."subscriptionExpiresAt", "public"."Merchant"."createdAt", "public"."Merchant"."updatedAt", "public"."Merchant"."deletedAt" FROM "public"."Merchant" WHERE ("public"."Merchant"."id" = $1 AND 1=1) LIMIT $2 OFFSET $3
 GET /api/auth/me 200 in 49ms
 ○ Compiling /offers/[id] ...
 ✓ Compiled /offers/[id] in 3.2s (813 modules)
 GET /offers/cmueb0jc1000srrgal7d5zwhz 200 in 4005ms
prisma:query SELECT "public"."Merchant"."id", "public"."Merchant"."cognitoSub", "public"."Merchant"."businessName", "public"."Merchant"."category", "public"."Merchant"."phoneNumber", "public"."Merchant"."logoUrl", "public"."Merchant"."websiteUrl", "public"."Merchant"."facebookUrl", "public"."Merchant"."instagramUrl", "public"."Merchant"."subscriptionStatus"::text, "public"."Merchant"."subscriptionTier"::text, "public"."Merchant"."subscriptionExpiresAt", "public"."Merchant"."createdAt", "public"."Merchant"."updatedAt", "public"."Merchant"."deletedAt" FROM "public"."Merchant" WHERE ("public"."Merchant"."id" = $1 AND 1=1) LIMIT $2 OFFSET $3
 GET /api/auth/me 200 in 149ms
prisma:query SELECT "public"."Merchant"."id", "public"."Merchant"."cognitoSub", "public"."Merchant"."businessName", "public"."Merchant"."category", "public"."Merchant"."phoneNumber", "public"."Merchant"."logoUrl", "public"."Merchant"."websiteUrl", "public"."Merchant"."facebookUrl", "public"."Merchant"."instagramUrl", "public"."Merchant"."subscriptionStatus"::text, "public"."Merchant"."subscriptionTier"::text, "public"."Merchant"."subscriptionExpiresAt", "public"."Merchant"."createdAt", "public"."Merchant"."updatedAt", "public"."Merchant"."deletedAt" FROM "public"."Merchant" WHERE ("public"."Merchant"."id" = $1 AND 1=1) LIMIT $2 OFFSET $3
 GET /api/auth/me 200 in 59ms
 ○ Compiling /api/offers/[id] ...
 ✓ Compiled /api/offers/[id] in 2.1s (813 modules)
prisma:query SELECT "public"."Merchant"."id", "public"."Merchant"."cognitoSub", "public"."Merchant"."businessName", "public"."Merchant"."category", "public"."Merchant"."phoneNumber", "public"."Merchant"."logoUrl", "public"."Merchant"."websiteUrl", "public"."Merchant"."facebookUrl", "public"."Merchant"."instagramUrl", "public"."Merchant"."subscriptionStatus"::text, "public"."Merchant"."subscriptionTier"::text, "public"."Merchant"."subscriptionExpiresAt", "public"."Merchant"."createdAt", "public"."Merchant"."updatedAt", "public"."Merchant"."deletedAt" FROM "public"."Merchant" WHERE ("public"."Merchant"."id" = $1 AND "public"."Merchant"."deletedAt" IS NULL) LIMIT $2 OFFSET $3
prisma:query SELECT "public"."Offer"."id", "public"."Offer"."merchantId", "public"."Offer"."title", "public"."Offer"."offerType"::text, "public"."Offer"."rewardType"::text, "public"."Offer"."requiredStamps", "public"."Offer"."scratchMode"::text, "public"."Offer"."scratchCursor", "public"."Offer"."scratchOrder", "public"."Offer"."durationDays", "public"."Offer"."posterTemplateUrl", "public"."Offer"."finalPosterUrl", "public"."Offer"."isActive", "public"."Offer"."createdAt", "public"."Offer"."updatedAt", "public"."Offer"."deletedAt" FROM "public"."Offer" WHERE ("public"."Offer"."id" = $1 AND "public"."Offer"."merchantId" = $2 AND "public"."Offer"."deletedAt" IS NULL) LIMIT $3 OFFSET $4
prisma:query SELECT "public"."ScratchItem"."id", "public"."ScratchItem"."offerId", "public"."ScratchItem"."label", "public"."ScratchItem"."sortOrder", "public"."ScratchItem"."createdAt", "public"."ScratchItem"."updatedAt" FROM "public"."ScratchItem" WHERE "public"."ScratchItem"."offerId" IN ($1) ORDER BY "public"."ScratchItem"."sortOrder" ASC OFFSET $2
 GET /api/offers/cmueb0jc1000srrgal7d5zwhz 200 in 2753ms
prisma:query SELECT "public"."Merchant"."id", "public"."Merchant"."cognitoSub", "public"."Merchant"."businessName", "public"."Merchant"."category", "public"."Merchant"."phoneNumber", "public"."Merchant"."logoUrl", "public"."Merchant"."websiteUrl", "public"."Merchant"."facebookUrl", "public"."Merchant"."instagramUrl", "public"."Merchant"."subscriptionStatus"::text, "public"."Merchant"."subscriptionTier"::text, "public"."Merchant"."subscriptionExpiresAt", "public"."Merchant"."createdAt", "public"."Merchant"."updatedAt", "public"."Merchant"."deletedAt" FROM "public"."Merchant" WHERE ("public"."Merchant"."id" = $1 AND "public"."Merchant"."deletedAt" IS NULL) LIMIT $2 OFFSET $3
prisma:query SELECT "public"."Offer"."id", "public"."Offer"."merchantId", "public"."Offer"."title", "public"."Offer"."offerType"::text, "public"."Offer"."rewardType"::text, "public"."Offer"."requiredStamps", "public"."Offer"."scratchMode"::text, "public"."Offer"."scratchCursor", "public"."Offer"."scratchOrder", "public"."Offer"."durationDays", "public"."Offer"."posterTemplateUrl", "public"."Offer"."finalPosterUrl", "public"."Offer"."isActive", "public"."Offer"."createdAt", "public"."Offer"."updatedAt", "public"."Offer"."deletedAt" FROM "public"."Offer" WHERE ("public"."Offer"."id" = $1 AND "public"."Offer"."merchantId" = $2 AND "public"."Offer"."deletedAt" IS NULL) LIMIT $3 OFFSET $4
prisma:query SELECT "public"."ScratchItem"."id", "public"."ScratchItem"."offerId", "public"."ScratchItem"."label", "public"."ScratchItem"."sortOrder", "public"."ScratchItem"."createdAt", "public"."ScratchItem"."updatedAt" FROM "public"."ScratchItem" WHERE "public"."ScratchItem"."offerId" IN ($1) ORDER BY "public"."ScratchItem"."sortOrder" ASC OFFSET $2
 GET /api/offers/cmueb0jc1000srrgal7d5zwhz 200 in 259ms
 ○ Compiling /offers/[id]/qr ...
 ✓ Compiled /offers/[id]/qr in 2.8s (821 modules)
 GET /offers/cmueb0jc1000srrgal7d5zwhz/qr 200 in 3765ms
prisma:query SELECT 1
prisma:query SELECT "public"."Merchant"."id", "public"."Merchant"."cognitoSub", "public"."Merchant"."businessName", "public"."Merchant"."category", "public"."Merchant"."phoneNumber", "public"."Merchant"."logoUrl", "public"."Merchant"."websiteUrl", "public"."Merchant"."facebookUrl", "public"."Merchant"."instagramUrl", "public"."Merchant"."subscriptionStatus"::text, "public"."Merchant"."subscriptionTier"::text, "public"."Merchant"."subscriptionExpiresAt", "public"."Merchant"."createdAt", "public"."Merchant"."updatedAt", "public"."Merchant"."deletedAt" FROM "public"."Merchant" WHERE ("public"."Merchant"."id" = $1 AND 1=1) LIMIT $2 OFFSET $3
 GET /api/auth/me 200 in 262ms
prisma:query SELECT "public"."Merchant"."id", "public"."Merchant"."cognitoSub", "public"."Merchant"."businessName", "public"."Merchant"."category", "public"."Merchant"."phoneNumber", "public"."Merchant"."logoUrl", "public"."Merchant"."websiteUrl", "public"."Merchant"."facebookUrl", "public"."Merchant"."instagramUrl", "public"."Merchant"."subscriptionStatus"::text, "public"."Merchant"."subscriptionTier"::text, "public"."Merchant"."subscriptionExpiresAt", "public"."Merchant"."createdAt", "public"."Merchant"."updatedAt", "public"."Merchant"."deletedAt" FROM "public"."Merchant" WHERE ("public"."Merchant"."id" = $1 AND 1=1) LIMIT $2 OFFSET $3
 GET /api/auth/me 200 in 101ms
 ○ Compiling /api/offers/[id]/qr ...
 ✓ Compiled /api/offers/[id]/qr in 2.5s (883 modules)
prisma:query SELECT "public"."Merchant"."id", "public"."Merchant"."cognitoSub", "public"."Merchant"."businessName", "public"."Merchant"."category", "public"."Merchant"."phoneNumber", "public"."Merchant"."logoUrl", "public"."Merchant"."websiteUrl", "public"."Merchant"."facebookUrl", "public"."Merchant"."instagramUrl", "public"."Merchant"."subscriptionStatus"::text, "public"."Merchant"."subscriptionTier"::text, "public"."Merchant"."subscriptionExpiresAt", "public"."Merchant"."createdAt", "public"."Merchant"."updatedAt", "public"."Merchant"."deletedAt" FROM "public"."Merchant" WHERE ("public"."Merchant"."id" = $1 AND "public"."Merchant"."deletedAt" IS NULL) LIMIT $2 OFFSET $3
prisma:query SELECT "public"."Offer"."id", "public"."Offer"."merchantId", "public"."Offer"."title", "public"."Offer"."offerType"::text, "public"."Offer"."rewardType"::text, "public"."Offer"."requiredStamps", "public"."Offer"."scratchMode"::text, "public"."Offer"."scratchCursor", "public"."Offer"."scratchOrder", "public"."Offer"."durationDays", "public"."Offer"."posterTemplateUrl", "public"."Offer"."finalPosterUrl", "public"."Offer"."isActive", "public"."Offer"."createdAt", "public"."Offer"."updatedAt", "public"."Offer"."deletedAt" FROM "public"."Offer" WHERE ("public"."Offer"."id" = $1 AND "public"."Offer"."merchantId" = $2 AND "public"."Offer"."deletedAt" IS NULL) LIMIT $3 OFFSET $4
prisma:query SELECT "public"."ScratchItem"."id", "public"."ScratchItem"."offerId", "public"."ScratchItem"."label", "public"."ScratchItem"."sortOrder", "public"."ScratchItem"."createdAt", "public"."ScratchItem"."updatedAt" FROM "public"."ScratchItem" WHERE "public"."ScratchItem"."offerId" IN ($1) ORDER BY "public"."ScratchItem"."sortOrder" ASC OFFSET $2
 GET /api/offers/cmueb0jc1000srrgal7d5zwhz/qr 200 in 5038ms
prisma:query SELECT "public"."Merchant"."id", "public"."Merchant"."cognitoSub", "public"."Merchant"."businessName", "public"."Merchant"."category", "public"."Merchant"."phoneNumber", "public"."Merchant"."logoUrl", "public"."Merchant"."websiteUrl", "public"."Merchant"."facebookUrl", "public"."Merchant"."instagramUrl", "public"."Merchant"."subscriptionStatus"::text, "public"."Merchant"."subscriptionTier"::text, "public"."Merchant"."subscriptionExpiresAt", "public"."Merchant"."createdAt", "public"."Merchant"."updatedAt", "public"."Merchant"."deletedAt" FROM "public"."Merchant" WHERE ("public"."Merchant"."id" = $1 AND "public"."Merchant"."deletedAt" IS NULL) LIMIT $2 OFFSET $3
prisma:query SELECT "public"."Offer"."id", "public"."Offer"."merchantId", "public"."Offer"."title", "public"."Offer"."offerType"::text, "public"."Offer"."rewardType"::text, "public"."Offer"."requiredStamps", "public"."Offer"."scratchMode"::text, "public"."Offer"."scratchCursor", "public"."Offer"."scratchOrder", "public"."Offer"."durationDays", "public"."Offer"."posterTemplateUrl", "public"."Offer"."finalPosterUrl", "public"."Offer"."isActive", "public"."Offer"."createdAt", "public"."Offer"."updatedAt", "public"."Offer"."deletedAt" FROM "public"."Offer" WHERE ("public"."Offer"."id" = $1 AND "public"."Offer"."merchantId" = $2 AND "public"."Offer"."deletedAt" IS NULL) LIMIT $3 OFFSET $4
prisma:query SELECT "public"."ScratchItem"."id", "public"."ScratchItem"."offerId", "public"."ScratchItem"."label", "public"."ScratchItem"."sortOrder", "public"."ScratchItem"."createdAt", "public"."ScratchItem"."updatedAt" FROM "public"."ScratchItem" WHERE "public"."ScratchItem"."offerId" IN ($1) ORDER BY "public"."ScratchItem"."sortOrder" ASC OFFSET $2
 GET /api/offers/cmueb0jc1000srrgal7d5zwhz/qr 200 in 1553ms
 ○ Compiling /settings ...
 ✓ Compiled /settings in 2.7s (880 modules)
 GET /settings 200 in 3650ms
prisma:query SELECT 1
prisma:query SELECT "public"."Merchant"."id", "public"."Merchant"."cognitoSub", "public"."Merchant"."businessName", "public"."Merchant"."category", "public"."Merchant"."phoneNumber", "public"."Merchant"."logoUrl", "public"."Merchant"."websiteUrl", "public"."Merchant"."facebookUrl", "public"."Merchant"."instagramUrl", "public"."Merchant"."subscriptionStatus"::text, "public"."Merchant"."subscriptionTier"::text, "public"."Merchant"."subscriptionExpiresAt", "public"."Merchant"."createdAt", "public"."Merchant"."updatedAt", "public"."Merchant"."deletedAt" FROM "public"."Merchant" WHERE ("public"."Merchant"."id" = $1 AND 1=1) LIMIT $2 OFFSET $3
 GET /api/auth/me 200 in 77ms
prisma:query SELECT "public"."Merchant"."id", "public"."Merchant"."cognitoSub", "public"."Merchant"."businessName", "public"."Merchant"."category", "public"."Merchant"."phoneNumber", "public"."Merchant"."logoUrl", "public"."Merchant"."websiteUrl", "public"."Merchant"."facebookUrl", "public"."Merchant"."instagramUrl", "public"."Merchant"."subscriptionStatus"::text, "public"."Merchant"."subscriptionTier"::text, "public"."Merchant"."subscriptionExpiresAt", "public"."Merchant"."createdAt", "public"."Merchant"."updatedAt", "public"."Merchant"."deletedAt" FROM "public"."Merchant" WHERE ("public"."Merchant"."id" = $1 AND 1=1) LIMIT $2 OFFSET $3
 GET /api/auth/me 200 in 59ms
 ○ Compiling /api/merchant/settings ...
 ✓ Compiled /api/merchant/settings in 1576ms (882 modules)
 ○ Compiling /api/auth/otp/send ...
 ✓ Compiled /api/auth/otp/send in 1548ms (885 modules)
prisma:query SELECT "public"."Merchant"."id", "public"."Merchant"."cognitoSub", "public"."Merchant"."businessName", "public"."Merchant"."category", "public"."Merchant"."phoneNumber", "public"."Merchant"."logoUrl", "public"."Merchant"."websiteUrl", "public"."Merchant"."facebookUrl", "public"."Merchant"."instagramUrl", "public"."Merchant"."subscriptionStatus"::text, "public"."Merchant"."subscriptionTier"::text, "public"."Merchant"."subscriptionExpiresAt", "public"."Merchant"."createdAt", "public"."Merchant"."updatedAt", "public"."Merchant"."deletedAt" FROM "public"."Merchant" WHERE ("public"."Merchant"."id" = $1 AND "public"."Merchant"."deletedAt" IS NULL) LIMIT $2 OFFSET $3
 GET /api/merchant/settings 200 in 5005ms
[OTP:dev] 01674372768 -> 583455
 POST /api/auth/otp/send 200 in 3878ms
prisma:query SELECT "public"."Merchant"."id", "public"."Merchant"."cognitoSub", "public"."Merchant"."businessName", "public"."Merchant"."category", "public"."Merchant"."phoneNumber", "public"."Merchant"."logoUrl", "public"."Merchant"."websiteUrl", "public"."Merchant"."facebookUrl", "public"."Merchant"."instagramUrl", "public"."Merchant"."subscriptionStatus"::text, "public"."Merchant"."subscriptionTier"::text, "public"."Merchant"."subscriptionExpiresAt", "public"."Merchant"."createdAt", "public"."Merchant"."updatedAt", "public"."Merchant"."deletedAt" FROM "public"."Merchant" WHERE ("public"."Merchant"."id" = $1 AND "public"."Merchant"."deletedAt" IS NULL) LIMIT $2 OFFSET $3
 GET /api/merchant/settings 200 in 586ms
 ○ Compiling /api/auth/otp/verify ...
 ✓ Compiled /api/auth/otp/verify in 1350ms (887 modules)
prisma:query SELECT "public"."Merchant"."id", "public"."Merchant"."cognitoSub", "public"."Merchant"."businessName", "public"."Merchant"."category", "public"."Merchant"."phoneNumber", "public"."Merchant"."logoUrl", "public"."Merchant"."websiteUrl", "public"."Merchant"."facebookUrl", "public"."Merchant"."instagramUrl", "public"."Merchant"."subscriptionStatus"::text, "public"."Merchant"."subscriptionTier"::text, "public"."Merchant"."subscriptionExpiresAt", "public"."Merchant"."createdAt", "public"."Merchant"."updatedAt", "public"."Merchant"."deletedAt" FROM "public"."Merchant" WHERE ("public"."Merchant"."phoneNumber" = $1 AND 1=1) LIMIT $2 OFFSET $3
 POST /api/auth/otp/verify 200 in 2064ms
 ○ Compiling /scan/[offerId] ...
 ✓ Compiled /scan/[offerId] in 4.1s (914 modules)
 GET /scan/cmueb0jc1000srrgal7d5zwhz 200 in 6342ms
prisma:query SELECT 1
prisma:query SELECT "public"."Merchant"."id", "public"."Merchant"."cognitoSub", "public"."Merchant"."businessName", "public"."Merchant"."category", "public"."Merchant"."phoneNumber", "public"."Merchant"."logoUrl", "public"."Merchant"."websiteUrl", "public"."Merchant"."facebookUrl", "public"."Merchant"."instagramUrl", "public"."Merchant"."subscriptionStatus"::text, "public"."Merchant"."subscriptionTier"::text, "public"."Merchant"."subscriptionExpiresAt", "public"."Merchant"."createdAt", "public"."Merchant"."updatedAt", "public"."Merchant"."deletedAt" FROM "public"."Merchant" WHERE ("public"."Merchant"."id" = $1 AND 1=1) LIMIT $2 OFFSET $3
 GET /api/auth/me 200 in 150ms
 ○ Compiling /api/customer/offers/[offerId] ...
 ✓ Compiled /api/customer/offers/[offerId] in 3.7s (906 modules)
prisma:query SELECT "public"."Offer"."id", "public"."Offer"."merchantId", "public"."Offer"."title", "public"."Offer"."offerType"::text, "public"."Offer"."rewardType"::text, "public"."Offer"."requiredStamps", "public"."Offer"."scratchMode"::text, "public"."Offer"."scratchCursor", "public"."Offer"."scratchOrder", "public"."Offer"."durationDays", "public"."Offer"."posterTemplateUrl", "public"."Offer"."finalPosterUrl", "public"."Offer"."isActive", "public"."Offer"."createdAt", "public"."Offer"."updatedAt", "public"."Offer"."deletedAt" FROM "public"."Offer" WHERE ("public"."Offer"."id" = $1 AND "public"."Offer"."deletedAt" IS NULL) LIMIT $2 OFFSET $3
prisma:query SELECT "public"."Merchant"."id", "public"."Merchant"."cognitoSub", "public"."Merchant"."businessName", "public"."Merchant"."category", "public"."Merchant"."phoneNumber", "public"."Merchant"."logoUrl", "public"."Merchant"."websiteUrl", "public"."Merchant"."facebookUrl", "public"."Merchant"."instagramUrl", "public"."Merchant"."subscriptionStatus"::text, "public"."Merchant"."subscriptionTier"::text, "public"."Merchant"."subscriptionExpiresAt", "public"."Merchant"."createdAt", "public"."Merchant"."updatedAt", "public"."Merchant"."deletedAt" FROM "public"."Merchant" WHERE "public"."Merchant"."id" IN ($1) OFFSET $2
prisma:query SELECT "public"."Branch"."id", "public"."Branch"."merchantId", "public"."Branch"."branchName", "public"."Branch"."address", "public"."Branch"."latitude", "public"."Branch"."longitude", "public"."Branch"."createdAt", "public"."Branch"."updatedAt", "public"."Branch"."deletedAt" FROM "public"."Branch" WHERE ("public"."Branch"."deletedAt" IS NULL AND "public"."Branch"."merchantId" IN ($1)) OFFSET $2
prisma:query SELECT "public"."ScratchItem"."id", "public"."ScratchItem"."offerId" FROM "public"."ScratchItem" WHERE "public"."ScratchItem"."offerId" IN ($1) OFFSET $2
prisma:query SELECT "public"."Merchant"."id", "public"."Merchant"."cognitoSub", "public"."Merchant"."businessName", "public"."Merchant"."category", "public"."Merchant"."phoneNumber", "public"."Merchant"."logoUrl", "public"."Merchant"."websiteUrl", "public"."Merchant"."facebookUrl", "public"."Merchant"."instagramUrl", "public"."Merchant"."subscriptionStatus"::text, "public"."Merchant"."subscriptionTier"::text, "public"."Merchant"."subscriptionExpiresAt", "public"."Merchant"."createdAt", "public"."Merchant"."updatedAt", "public"."Merchant"."deletedAt" FROM "public"."Merchant" WHERE ("public"."Merchant"."id" = $1 AND 1=1) LIMIT $2 OFFSET $3
 GET /api/auth/me 200 in 6750ms
prisma:query SELECT "public"."CustomerStamp"."id", "public"."CustomerStamp"."merchantId", "public"."CustomerStamp"."customerPhone", "public"."CustomerStamp"."stampsCollected", "public"."CustomerStamp"."totalRedeemed", "public"."CustomerStamp"."lastScannedAt", "public"."CustomerStamp"."lastReviewAt", "public"."CustomerStamp"."createdAt", "public"."CustomerStamp"."updatedAt", "public"."CustomerStamp"."deletedAt" FROM "public"."CustomerStamp" WHERE (("public"."CustomerStamp"."merchantId" = $1 AND "public"."CustomerStamp"."customerPhone" = $2) AND 1=1) LIMIT $3 OFFSET $4
 GET /api/customer/offers/cmueb0jc1000srrgal7d5zwhz 200 in 7035ms
prisma:query SELECT "public"."Offer"."id", "public"."Offer"."merchantId", "public"."Offer"."title", "public"."Offer"."offerType"::text, "public"."Offer"."rewardType"::text, "public"."Offer"."requiredStamps", "public"."Offer"."scratchMode"::text, "public"."Offer"."scratchCursor", "public"."Offer"."scratchOrder", "public"."Offer"."durationDays", "public"."Offer"."posterTemplateUrl", "public"."Offer"."finalPosterUrl", "public"."Offer"."isActive", "public"."Offer"."createdAt", "public"."Offer"."updatedAt", "public"."Offer"."deletedAt" FROM "public"."Offer" WHERE ("public"."Offer"."id" = $1 AND "public"."Offer"."deletedAt" IS NULL) LIMIT $2 OFFSET $3
prisma:query SELECT "public"."Merchant"."id", "public"."Merchant"."cognitoSub", "public"."Merchant"."businessName", "public"."Merchant"."category", "public"."Merchant"."phoneNumber", "public"."Merchant"."logoUrl", "public"."Merchant"."websiteUrl", "public"."Merchant"."facebookUrl", "public"."Merchant"."instagramUrl", "public"."Merchant"."subscriptionStatus"::text, "public"."Merchant"."subscriptionTier"::text, "public"."Merchant"."subscriptionExpiresAt", "public"."Merchant"."createdAt", "public"."Merchant"."updatedAt", "public"."Merchant"."deletedAt" FROM "public"."Merchant" WHERE "public"."Merchant"."id" IN ($1) OFFSET $2
prisma:query SELECT "public"."Branch"."id", "public"."Branch"."merchantId", "public"."Branch"."branchName", "public"."Branch"."address", "public"."Branch"."latitude", "public"."Branch"."longitude", "public"."Branch"."createdAt", "public"."Branch"."updatedAt", "public"."Branch"."deletedAt" FROM "public"."Branch" WHERE ("public"."Branch"."deletedAt" IS NULL AND "public"."Branch"."merchantId" IN ($1)) OFFSET $2
prisma:query SELECT "public"."ScratchItem"."id", "public"."ScratchItem"."offerId" FROM "public"."ScratchItem" WHERE "public"."ScratchItem"."offerId" IN ($1) OFFSET $2
prisma:query SELECT "public"."CustomerStamp"."id", "public"."CustomerStamp"."merchantId", "public"."CustomerStamp"."customerPhone", "public"."CustomerStamp"."stampsCollected", "public"."CustomerStamp"."totalRedeemed", "public"."CustomerStamp"."lastScannedAt", "public"."CustomerStamp"."lastReviewAt", "public"."CustomerStamp"."createdAt", "public"."CustomerStamp"."updatedAt", "public"."CustomerStamp"."deletedAt" FROM "public"."CustomerStamp" WHERE (("public"."CustomerStamp"."merchantId" = $1 AND "public"."CustomerStamp"."customerPhone" = $2) AND 1=1) LIMIT $3 OFFSET $4
 GET /api/customer/offers/cmueb0jc1000srrgal7d5zwhz 200 in 132ms
 ○ Compiling /stamp-card ...
 ✓ Compiled /stamp-card in 2.5s (904 modules)
 GET /stamp-card 200 in 3857ms
 ○ Compiling /api/customer/cards ...
 ✓ Compiled /welcome in 1766ms (904 modules)
 ✓ Compiled (909 modules)
prisma:query SELECT 1
prisma:query SELECT "public"."CustomerStamp"."id", "public"."CustomerStamp"."merchantId", "public"."CustomerStamp"."customerPhone", "public"."CustomerStamp"."stampsCollected", "public"."CustomerStamp"."totalRedeemed", "public"."CustomerStamp"."lastScannedAt", "public"."CustomerStamp"."lastReviewAt", "public"."CustomerStamp"."createdAt", "public"."CustomerStamp"."updatedAt", "public"."CustomerStamp"."deletedAt" FROM "public"."CustomerStamp" WHERE ("public"."CustomerStamp"."customerPhone" = $1 AND "public"."CustomerStamp"."deletedAt" IS NULL) ORDER BY "public"."CustomerStamp"."updatedAt" DESC OFFSET $2
prisma:query SELECT "public"."Merchant"."id", "public"."Merchant"."businessName", "public"."Merchant"."category", "public"."Merchant"."logoUrl", "public"."Merchant"."deletedAt" FROM "public"."Merchant" WHERE "public"."Merchant"."id" IN ($1,$2) OFFSET $3
prisma:query SELECT "public"."Merchant"."id", "public"."Merchant"."cognitoSub", "public"."Merchant"."businessName", "public"."Merchant"."category", "public"."Merchant"."phoneNumber", "public"."Merchant"."logoUrl", "public"."Merchant"."websiteUrl", "public"."Merchant"."facebookUrl", "public"."Merchant"."instagramUrl", "public"."Merchant"."subscriptionStatus"::text, "public"."Merchant"."subscriptionTier"::text, "public"."Merchant"."subscriptionExpiresAt", "public"."Merchant"."createdAt", "public"."Merchant"."updatedAt", "public"."Merchant"."deletedAt" FROM "public"."Merchant" WHERE ("public"."Merchant"."id" = $1 AND 1=1) LIMIT $2 OFFSET $3
 GET /api/auth/me 200 in 4355ms
prisma:query SELECT "public"."Offer"."id", "public"."Offer"."title", "public"."Offer"."rewardType"::text, "public"."Offer"."requiredStamps", "public"."Offer"."isActive", "public"."Offer"."createdAt" FROM "public"."Offer" WHERE ("public"."Offer"."merchantId" = $1 AND "public"."Offer"."deletedAt" IS NULL AND "public"."Offer"."isActive" = $2 AND "public"."Offer"."offerType" = CAST($3::text AS "public"."OfferType")) ORDER BY "public"."Offer"."createdAt" DESC LIMIT $4 OFFSET $5
prisma:query SELECT "public"."Offer"."id", "public"."Offer"."title", "public"."Offer"."rewardType"::text, "public"."Offer"."requiredStamps", "public"."Offer"."isActive", "public"."Offer"."createdAt" FROM "public"."Offer" WHERE ("public"."Offer"."merchantId" = $1 AND "public"."Offer"."deletedAt" IS NULL AND "public"."Offer"."isActive" = $2 AND "public"."Offer"."offerType" = CAST($3::text AS "public"."OfferType")) ORDER BY "public"."Offer"."createdAt" DESC LIMIT $4 OFFSET $5
 GET /api/customer/cards 200 in 4553ms
 GET /welcome 200 in 3817ms
prisma:query SELECT "public"."Merchant"."id", "public"."Merchant"."cognitoSub", "public"."Merchant"."businessName", "public"."Merchant"."category", "public"."Merchant"."phoneNumber", "public"."Merchant"."logoUrl", "public"."Merchant"."websiteUrl", "public"."Merchant"."facebookUrl", "public"."Merchant"."instagramUrl", "public"."Merchant"."subscriptionStatus"::text, "public"."Merchant"."subscriptionTier"::text, "public"."Merchant"."subscriptionExpiresAt", "public"."Merchant"."createdAt", "public"."Merchant"."updatedAt", "public"."Merchant"."deletedAt" FROM "public"."Merchant" WHERE ("public"."Merchant"."id" = $1 AND 1=1) LIMIT $2 OFFSET $3
 GET /api/auth/me 200 in 322ms
prisma:query SELECT "public"."CustomerStamp"."id", "public"."CustomerStamp"."merchantId", "public"."CustomerStamp"."customerPhone", "public"."CustomerStamp"."stampsCollected", "public"."CustomerStamp"."totalRedeemed", "public"."CustomerStamp"."lastScannedAt", "public"."CustomerStamp"."lastReviewAt", "public"."CustomerStamp"."createdAt", "public"."CustomerStamp"."updatedAt", "public"."CustomerStamp"."deletedAt" FROM "public"."CustomerStamp" WHERE ("public"."CustomerStamp"."customerPhone" = $1 AND "public"."CustomerStamp"."deletedAt" IS NULL) ORDER BY "public"."CustomerStamp"."updatedAt" DESC OFFSET $2
prisma:query SELECT "public"."Merchant"."id", "public"."Merchant"."businessName", "public"."Merchant"."category", "public"."Merchant"."logoUrl", "public"."Merchant"."deletedAt" FROM "public"."Merchant" WHERE "public"."Merchant"."id" IN ($1,$2) OFFSET $3
prisma:query SELECT "public"."Offer"."id", "public"."Offer"."title", "public"."Offer"."rewardType"::text, "public"."Offer"."requiredStamps", "public"."Offer"."isActive", "public"."Offer"."createdAt" FROM "public"."Offer" WHERE ("public"."Offer"."merchantId" = $1 AND "public"."Offer"."deletedAt" IS NULL AND "public"."Offer"."isActive" = $2 AND "public"."Offer"."offerType" = CAST($3::text AS "public"."OfferType")) ORDER BY "public"."Offer"."createdAt" DESC LIMIT $4 OFFSET $5
prisma:query SELECT "public"."Offer"."id", "public"."Offer"."title", "public"."Offer"."rewardType"::text, "public"."Offer"."requiredStamps", "public"."Offer"."isActive", "public"."Offer"."createdAt" FROM "public"."Offer" WHERE ("public"."Offer"."merchantId" = $1 AND "public"."Offer"."deletedAt" IS NULL AND "public"."Offer"."isActive" = $2 AND "public"."Offer"."offerType" = CAST($3::text AS "public"."OfferType")) ORDER BY "public"."Offer"."createdAt" DESC LIMIT $4 OFFSET $5
 GET /api/customer/cards 200 in 493ms
 ○ Compiling /reward ...
 ✓ Compiled /reward in 2.8s (914 modules)
 GET /reward 200 in 3761ms
prisma:query SELECT "public"."CustomerStamp"."id", "public"."CustomerStamp"."merchantId", "public"."CustomerStamp"."customerPhone", "public"."CustomerStamp"."stampsCollected", "public"."CustomerStamp"."totalRedeemed", "public"."CustomerStamp"."lastScannedAt", "public"."CustomerStamp"."lastReviewAt", "public"."CustomerStamp"."createdAt", "public"."CustomerStamp"."updatedAt", "public"."CustomerStamp"."deletedAt" FROM "public"."CustomerStamp" WHERE ("public"."CustomerStamp"."customerPhone" = $1 AND "public"."CustomerStamp"."deletedAt" IS NULL) ORDER BY "public"."CustomerStamp"."updatedAt" DESC OFFSET $2
prisma:query SELECT "public"."Merchant"."id", "public"."Merchant"."businessName", "public"."Merchant"."category", "public"."Merchant"."logoUrl", "public"."Merchant"."deletedAt" FROM "public"."Merchant" WHERE "public"."Merchant"."id" IN ($1,$2) OFFSET $3
prisma:query SELECT "public"."Offer"."id", "public"."Offer"."title", "public"."Offer"."rewardType"::text, "public"."Offer"."requiredStamps", "public"."Offer"."isActive", "public"."Offer"."createdAt" FROM "public"."Offer" WHERE ("public"."Offer"."merchantId" = $1 AND "public"."Offer"."deletedAt" IS NULL AND "public"."Offer"."isActive" = $2 AND "public"."Offer"."offerType" = CAST($3::text AS "public"."OfferType")) ORDER BY "public"."Offer"."createdAt" DESC LIMIT $4 OFFSET $5
prisma:query SELECT "public"."Merchant"."id", "public"."Merchant"."cognitoSub", "public"."Merchant"."businessName", "public"."Merchant"."category", "public"."Merchant"."phoneNumber", "public"."Merchant"."logoUrl", "public"."Merchant"."websiteUrl", "public"."Merchant"."facebookUrl", "public"."Merchant"."instagramUrl", "public"."Merchant"."subscriptionStatus"::text, "public"."Merchant"."subscriptionTier"::text, "public"."Merchant"."subscriptionExpiresAt", "public"."Merchant"."createdAt", "public"."Merchant"."updatedAt", "public"."Merchant"."deletedAt" FROM "public"."Merchant" WHERE ("public"."Merchant"."id" = $1 AND 1=1) LIMIT $2 OFFSET $3
 GET /api/auth/me 200 in 204ms
prisma:query SELECT "public"."Offer"."id", "public"."Offer"."title", "public"."Offer"."rewardType"::text, "public"."Offer"."requiredStamps", "public"."Offer"."isActive", "public"."Offer"."createdAt" FROM "public"."Offer" WHERE ("public"."Offer"."merchantId" = $1 AND "public"."Offer"."deletedAt" IS NULL AND "public"."Offer"."isActive" = $2 AND "public"."Offer"."offerType" = CAST($3::text AS "public"."OfferType")) ORDER BY "public"."Offer"."createdAt" DESC LIMIT $4 OFFSET $5
 GET /api/customer/cards 200 in 221ms
prisma:query SELECT "public"."Merchant"."id", "public"."Merchant"."cognitoSub", "public"."Merchant"."businessName", "public"."Merchant"."category", "public"."Merchant"."phoneNumber", "public"."Merchant"."logoUrl", "public"."Merchant"."websiteUrl", "public"."Merchant"."facebookUrl", "public"."Merchant"."instagramUrl", "public"."Merchant"."subscriptionStatus"::text, "public"."Merchant"."subscriptionTier"::text, "public"."Merchant"."subscriptionExpiresAt", "public"."Merchant"."createdAt", "public"."Merchant"."updatedAt", "public"."Merchant"."deletedAt" FROM "public"."Merchant" WHERE ("public"."Merchant"."id" = $1 AND 1=1) LIMIT $2 OFFSET $3
 GET /api/auth/me 200 in 108ms
prisma:query SELECT "public"."CustomerStamp"."id", "public"."CustomerStamp"."merchantId", "public"."CustomerStamp"."customerPhone", "public"."CustomerStamp"."stampsCollected", "public"."CustomerStamp"."totalRedeemed", "public"."CustomerStamp"."lastScannedAt", "public"."CustomerStamp"."lastReviewAt", "public"."CustomerStamp"."createdAt", "public"."CustomerStamp"."updatedAt", "public"."CustomerStamp"."deletedAt" FROM "public"."CustomerStamp" WHERE ("public"."CustomerStamp"."customerPhone" = $1 AND "public"."CustomerStamp"."deletedAt" IS NULL) ORDER BY "public"."CustomerStamp"."updatedAt" DESC OFFSET $2
prisma:query SELECT "public"."Merchant"."id", "public"."Merchant"."businessName", "public"."Merchant"."category", "public"."Merchant"."logoUrl", "public"."Merchant"."deletedAt" FROM "public"."Merchant" WHERE "public"."Merchant"."id" IN ($1,$2) OFFSET $3
prisma:query SELECT "public"."Offer"."id", "public"."Offer"."title", "public"."Offer"."rewardType"::text, "public"."Offer"."requiredStamps", "public"."Offer"."isActive", "public"."Offer"."createdAt" FROM "public"."Offer" WHERE ("public"."Offer"."merchantId" = $1 AND "public"."Offer"."deletedAt" IS NULL AND "public"."Offer"."isActive" = $2 AND "public"."Offer"."offerType" = CAST($3::text AS "public"."OfferType")) ORDER BY "public"."Offer"."createdAt" DESC LIMIT $4 OFFSET $5
prisma:query SELECT "public"."Offer"."id", "public"."Offer"."title", "public"."Offer"."rewardType"::text, "public"."Offer"."requiredStamps", "public"."Offer"."isActive", "public"."Offer"."createdAt" FROM "public"."Offer" WHERE ("public"."Offer"."merchantId" = $1 AND "public"."Offer"."deletedAt" IS NULL AND "public"."Offer"."isActive" = $2 AND "public"."Offer"."offerType" = CAST($3::text AS "public"."OfferType")) ORDER BY "public"."Offer"."createdAt" DESC LIMIT $4 OFFSET $5
 GET /api/customer/cards 200 in 152ms
 ○ Compiling /profile ...
 ✓ Compiled /profile in 2.9s (909 modules)
 GET /profile 200 in 3993ms
prisma:query SELECT 1
prisma:query SELECT "public"."CustomerStamp"."id", "public"."CustomerStamp"."merchantId", "public"."CustomerStamp"."customerPhone", "public"."CustomerStamp"."stampsCollected", "public"."CustomerStamp"."totalRedeemed", "public"."CustomerStamp"."lastScannedAt", "public"."CustomerStamp"."lastReviewAt", "public"."CustomerStamp"."createdAt", "public"."CustomerStamp"."updatedAt", "public"."CustomerStamp"."deletedAt" FROM "public"."CustomerStamp" WHERE ("public"."CustomerStamp"."customerPhone" = $1 AND "public"."CustomerStamp"."deletedAt" IS NULL) ORDER BY "public"."CustomerStamp"."updatedAt" DESC OFFSET $2
prisma:query SELECT "public"."Merchant"."id", "public"."Merchant"."businessName", "public"."Merchant"."category", "public"."Merchant"."logoUrl", "public"."Merchant"."deletedAt" FROM "public"."Merchant" WHERE "public"."Merchant"."id" IN ($1,$2) OFFSET $3
prisma:query SELECT "public"."Merchant"."id", "public"."Merchant"."cognitoSub", "public"."Merchant"."businessName", "public"."Merchant"."category", "public"."Merchant"."phoneNumber", "public"."Merchant"."logoUrl", "public"."Merchant"."websiteUrl", "public"."Merchant"."facebookUrl", "public"."Merchant"."instagramUrl", "public"."Merchant"."subscriptionStatus"::text, "public"."Merchant"."subscriptionTier"::text, "public"."Merchant"."subscriptionExpiresAt", "public"."Merchant"."createdAt", "public"."Merchant"."updatedAt", "public"."Merchant"."deletedAt" FROM "public"."Merchant" WHERE ("public"."Merchant"."id" = $1 AND 1=1) LIMIT $2 OFFSET $3
 GET /api/auth/me 200 in 378ms
prisma:query SELECT "public"."Offer"."id", "public"."Offer"."title", "public"."Offer"."rewardType"::text, "public"."Offer"."requiredStamps", "public"."Offer"."isActive", "public"."Offer"."createdAt" FROM "public"."Offer" WHERE ("public"."Offer"."merchantId" = $1 AND "public"."Offer"."deletedAt" IS NULL AND "public"."Offer"."isActive" = $2 AND "public"."Offer"."offerType" = CAST($3::text AS "public"."OfferType")) ORDER BY "public"."Offer"."createdAt" DESC LIMIT $4 OFFSET $5
prisma:query SELECT "public"."Offer"."id", "public"."Offer"."title", "public"."Offer"."rewardType"::text, "public"."Offer"."requiredStamps", "public"."Offer"."isActive", "public"."Offer"."createdAt" FROM "public"."Offer" WHERE ("public"."Offer"."merchantId" = $1 AND "public"."Offer"."deletedAt" IS NULL AND "public"."Offer"."isActive" = $2 AND "public"."Offer"."offerType" = CAST($3::text AS "public"."OfferType")) ORDER BY "public"."Offer"."createdAt" DESC LIMIT $4 OFFSET $5
 GET /api/customer/cards 200 in 399ms
prisma:query SELECT "public"."Merchant"."id", "public"."Merchant"."cognitoSub", "public"."Merchant"."businessName", "public"."Merchant"."category", "public"."Merchant"."phoneNumber", "public"."Merchant"."logoUrl", "public"."Merchant"."websiteUrl", "public"."Merchant"."facebookUrl", "public"."Merchant"."instagramUrl", "public"."Merchant"."subscriptionStatus"::text, "public"."Merchant"."subscriptionTier"::text, "public"."Merchant"."subscriptionExpiresAt", "public"."Merchant"."createdAt", "public"."Merchant"."updatedAt", "public"."Merchant"."deletedAt" FROM "public"."Merchant" WHERE ("public"."Merchant"."id" = $1 AND 1=1) LIMIT $2 OFFSET $3
 GET /api/auth/me 200 in 145ms
prisma:query SELECT "public"."CustomerStamp"."id", "public"."CustomerStamp"."merchantId", "public"."CustomerStamp"."customerPhone", "public"."CustomerStamp"."stampsCollected", "public"."CustomerStamp"."totalRedeemed", "public"."CustomerStamp"."lastScannedAt", "public"."CustomerStamp"."lastReviewAt", "public"."CustomerStamp"."createdAt", "public"."CustomerStamp"."updatedAt", "public"."CustomerStamp"."deletedAt" FROM "public"."CustomerStamp" WHERE ("public"."CustomerStamp"."customerPhone" = $1 AND "public"."CustomerStamp"."deletedAt" IS NULL) ORDER BY "public"."CustomerStamp"."updatedAt" DESC OFFSET $2
prisma:query SELECT "public"."Merchant"."id", "public"."Merchant"."businessName", "public"."Merchant"."category", "public"."Merchant"."logoUrl", "public"."Merchant"."deletedAt" FROM "public"."Merchant" WHERE "public"."Merchant"."id" IN ($1,$2) OFFSET $3
prisma:query SELECT "public"."Offer"."id", "public"."Offer"."title", "public"."Offer"."rewardType"::text, "public"."Offer"."requiredStamps", "public"."Offer"."isActive", "public"."Offer"."createdAt" FROM "public"."Offer" WHERE ("public"."Offer"."merchantId" = $1 AND "public"."Offer"."deletedAt" IS NULL AND "public"."Offer"."isActive" = $2 AND "public"."Offer"."offerType" = CAST($3::text AS "public"."OfferType")) ORDER BY "public"."Offer"."createdAt" DESC LIMIT $4 OFFSET $5
prisma:query SELECT "public"."Offer"."id", "public"."Offer"."title", "public"."Offer"."rewardType"::text, "public"."Offer"."requiredStamps", "public"."Offer"."isActive", "public"."Offer"."createdAt" FROM "public"."Offer" WHERE ("public"."Offer"."merchantId" = $1 AND "public"."Offer"."deletedAt" IS NULL AND "public"."Offer"."isActive" = $2 AND "public"."Offer"."offerType" = CAST($3::text AS "public"."OfferType")) ORDER BY "public"."Offer"."createdAt" DESC LIMIT $4 OFFSET $5
 GET /api/customer/cards 200 in 175ms
prisma:query SELECT "public"."Merchant"."id", "public"."Merchant"."cognitoSub", "public"."Merchant"."businessName", "public"."Merchant"."category", "public"."Merchant"."phoneNumber", "public"."Merchant"."logoUrl", "public"."Merchant"."websiteUrl", "public"."Merchant"."facebookUrl", "public"."Merchant"."instagramUrl", "public"."Merchant"."subscriptionStatus"::text, "public"."Merchant"."subscriptionTier"::text, "public"."Merchant"."subscriptionExpiresAt", "public"."Merchant"."createdAt", "public"."Merchant"."updatedAt", "public"."Merchant"."deletedAt" FROM "public"."Merchant" WHERE ("public"."Merchant"."id" = $1 AND 1=1) LIMIT $2 OFFSET $3
 GET /api/auth/me 200 in 127ms
prisma:query SELECT "public"."Merchant"."id", "public"."Merchant"."cognitoSub", "public"."Merchant"."businessName", "public"."Merchant"."category", "public"."Merchant"."phoneNumber", "public"."Merchant"."logoUrl", "public"."Merchant"."websiteUrl", "public"."Merchant"."facebookUrl", "public"."Merchant"."instagramUrl", "public"."Merchant"."subscriptionStatus"::text, "public"."Merchant"."subscriptionTier"::text, "public"."Merchant"."subscriptionExpiresAt", "public"."Merchant"."createdAt", "public"."Merchant"."updatedAt", "public"."Merchant"."deletedAt" FROM "public"."Merchant" WHERE ("public"."Merchant"."id" = $1 AND 1=1) LIMIT $2 OFFSET $3
 GET /api/auth/me 200 in 64ms
 ○ Compiling /api/admin/login ...
 ✓ Compiled /api/admin/login in 1481ms (833 modules)
 POST /api/admin/login 200 in 1771ms
 ○ Compiling /admin ...
 ✓ Compiled /admin in 2.7s (874 modules)
 GET /admin 200 in 8371ms
 ○ Compiling /api/admin/session ...
 ✓ Compiled /api/admin/session in 2.9s (859 modules)
 GET /api/admin/session 200 in 3383ms
 GET /api/admin/session 200 in 89ms
 ○ Compiling /api/admin/stats ...
 ✓ Compiled /api/admin/stats in 1627ms (861 modules)
prisma:query SELECT 1
prisma:query BEGIN
prisma:query SELECT COUNT(*), "public"."Merchant"."subscriptionStatus"::text FROM "public"."Merchant" WHERE 1=1 GROUP BY "public"."Merchant"."subscriptionStatus" ORDER BY "public"."Merchant"."subscriptionStatus" ASC OFFSET $1
prisma:query SELECT COUNT(*) FROM (SELECT "public"."Merchant"."id" FROM "public"."Merchant" WHERE 1=1 OFFSET $1) AS "sub"
prisma:query SELECT COUNT(*) FROM (SELECT "public"."Merchant"."id" FROM "public"."Merchant" WHERE "public"."Merchant"."deletedAt" IS NOT NULL OFFSET $1) AS "sub"
prisma:query SELECT COUNT(*) FROM (SELECT "public"."Offer"."id" FROM "public"."Offer" WHERE "public"."Offer"."deletedAt" IS NULL OFFSET $1) AS "sub"
prisma:query SELECT COUNT(*) FROM (SELECT "public"."Branch"."id" FROM "public"."Branch" WHERE "public"."Branch"."deletedAt" IS NULL OFFSET $1) AS "sub"
prisma:query SELECT COUNT(*) FROM (SELECT "public"."CustomerStamp"."id" FROM "public"."CustomerStamp" WHERE "public"."CustomerStamp"."deletedAt" IS NULL OFFSET $1) AS "sub"
prisma:query SELECT COUNT(*) FROM (SELECT "public"."ActivityEvent"."id" FROM "public"."ActivityEvent" WHERE ("public"."ActivityEvent"."type" = CAST($1::text AS "public"."ActivityType") AND "public"."ActivityEvent"."createdAt" >= $2) OFFSET $3) AS "sub"
prisma:query SELECT COUNT(*) FROM (SELECT "public"."Merchant"."id" FROM "public"."Merchant" WHERE "public"."Merchant"."createdAt" >= $1 OFFSET $2) AS "sub"
prisma:query SELECT COUNT(*), "public"."PaymentRequest"."status"::text FROM "public"."PaymentRequest" WHERE "public"."PaymentRequest"."deletedAt" IS NULL GROUP BY "public"."PaymentRequest"."status" ORDER BY "public"."PaymentRequest"."status" ASC OFFSET $1
prisma:query SELECT SUM("amount") FROM (SELECT "public"."PaymentRequest"."amount" FROM "public"."PaymentRequest" WHERE ("public"."PaymentRequest"."status" = CAST($1::text AS "public"."PaymentStatus") AND "public"."PaymentRequest"."deletedAt" IS NULL) OFFSET $2) AS "sub"
prisma:query SELECT SUM("amount") FROM (SELECT "public"."PaymentRequest"."amount" FROM "public"."PaymentRequest" WHERE ("public"."PaymentRequest"."status" = CAST($1::text AS "public"."PaymentStatus") AND "public"."PaymentRequest"."deletedAt" IS NULL) OFFSET $2) AS "sub"
prisma:query SELECT "public"."Merchant"."id", "public"."Merchant"."businessName", "public"."Merchant"."category", "public"."Merchant"."phoneNumber", "public"."Merchant"."subscriptionStatus"::text, "public"."Merchant"."subscriptionExpiresAt", "public"."Merchant"."createdAt", "public"."Merchant"."deletedAt" FROM "public"."Merchant" WHERE 1=1 ORDER BY "public"."Merchant"."createdAt" DESC LIMIT $1 OFFSET $2
prisma:query SELECT "public"."PaymentRequest"."id", "public"."PaymentRequest"."merchantId", "public"."PaymentRequest"."paymentMethod"::text, "public"."PaymentRequest"."senderNumber", "public"."PaymentRequest"."trxId", "public"."PaymentRequest"."amount", "public"."PaymentRequest"."requestedTier"::text, "public"."PaymentRequest"."screenshotPath", "public"."PaymentRequest"."status"::text, "public"."PaymentRequest"."createdAt", "public"."PaymentRequest"."updatedAt", "public"."PaymentRequest"."deletedAt" FROM "public"."PaymentRequest" WHERE ("public"."PaymentRequest"."status" = CAST($1::text AS "public"."PaymentStatus") AND "public"."PaymentRequest"."deletedAt" IS NULL) ORDER BY "public"."PaymentRequest"."createdAt" DESC LIMIT $2 OFFSET $3
prisma:query SELECT "public"."Merchant"."id", "public"."Merchant"."businessName", "public"."Merchant"."phoneNumber" FROM "public"."Merchant" WHERE "public"."Merchant"."id" IN ($1,$2,$3,$4,$5) OFFSET $6
prisma:query COMMIT
 GET /api/admin/stats 200 in 2357ms
prisma:query BEGIN
prisma:query SELECT COUNT(*), "public"."Merchant"."subscriptionStatus"::text FROM "public"."Merchant" WHERE 1=1 GROUP BY "public"."Merchant"."subscriptionStatus" ORDER BY "public"."Merchant"."subscriptionStatus" ASC OFFSET $1
prisma:query SELECT COUNT(*) FROM (SELECT "public"."Merchant"."id" FROM "public"."Merchant" WHERE 1=1 OFFSET $1) AS "sub"
prisma:query SELECT COUNT(*) FROM (SELECT "public"."Merchant"."id" FROM "public"."Merchant" WHERE "public"."Merchant"."deletedAt" IS NOT NULL OFFSET $1) AS "sub"
prisma:query SELECT COUNT(*) FROM (SELECT "public"."Offer"."id" FROM "public"."Offer" WHERE "public"."Offer"."deletedAt" IS NULL OFFSET $1) AS "sub"
prisma:query SELECT COUNT(*) FROM (SELECT "public"."Branch"."id" FROM "public"."Branch" WHERE "public"."Branch"."deletedAt" IS NULL OFFSET $1) AS "sub"
prisma:query SELECT COUNT(*) FROM (SELECT "public"."CustomerStamp"."id" FROM "public"."CustomerStamp" WHERE "public"."CustomerStamp"."deletedAt" IS NULL OFFSET $1) AS "sub"
prisma:query SELECT COUNT(*) FROM (SELECT "public"."ActivityEvent"."id" FROM "public"."ActivityEvent" WHERE ("public"."ActivityEvent"."type" = CAST($1::text AS "public"."ActivityType") AND "public"."ActivityEvent"."createdAt" >= $2) OFFSET $3) AS "sub"
prisma:query SELECT COUNT(*) FROM (SELECT "public"."Merchant"."id" FROM "public"."Merchant" WHERE "public"."Merchant"."createdAt" >= $1 OFFSET $2) AS "sub"
prisma:query SELECT COUNT(*), "public"."PaymentRequest"."status"::text FROM "public"."PaymentRequest" WHERE "public"."PaymentRequest"."deletedAt" IS NULL GROUP BY "public"."PaymentRequest"."status" ORDER BY "public"."PaymentRequest"."status" ASC OFFSET $1
prisma:query SELECT SUM("amount") FROM (SELECT "public"."PaymentRequest"."amount" FROM "public"."PaymentRequest" WHERE ("public"."PaymentRequest"."status" = CAST($1::text AS "public"."PaymentStatus") AND "public"."PaymentRequest"."deletedAt" IS NULL) OFFSET $2) AS "sub"
prisma:query SELECT SUM("amount") FROM (SELECT "public"."PaymentRequest"."amount" FROM "public"."PaymentRequest" WHERE ("public"."PaymentRequest"."status" = CAST($1::text AS "public"."PaymentStatus") AND "public"."PaymentRequest"."deletedAt" IS NULL) OFFSET $2) AS "sub"
prisma:query SELECT "public"."Merchant"."id", "public"."Merchant"."businessName", "public"."Merchant"."category", "public"."Merchant"."phoneNumber", "public"."Merchant"."subscriptionStatus"::text, "public"."Merchant"."subscriptionExpiresAt", "public"."Merchant"."createdAt", "public"."Merchant"."deletedAt" FROM "public"."Merchant" WHERE 1=1 ORDER BY "public"."Merchant"."createdAt" DESC LIMIT $1 OFFSET $2
prisma:query SELECT "public"."PaymentRequest"."id", "public"."PaymentRequest"."merchantId", "public"."PaymentRequest"."paymentMethod"::text, "public"."PaymentRequest"."senderNumber", "public"."PaymentRequest"."trxId", "public"."PaymentRequest"."amount", "public"."PaymentRequest"."requestedTier"::text, "public"."PaymentRequest"."screenshotPath", "public"."PaymentRequest"."status"::text, "public"."PaymentRequest"."createdAt", "public"."PaymentRequest"."updatedAt", "public"."PaymentRequest"."deletedAt" FROM "public"."PaymentRequest" WHERE ("public"."PaymentRequest"."status" = CAST($1::text AS "public"."PaymentStatus") AND "public"."PaymentRequest"."deletedAt" IS NULL) ORDER BY "public"."PaymentRequest"."createdAt" DESC LIMIT $2 OFFSET $3
prisma:query SELECT "public"."Merchant"."id", "public"."Merchant"."businessName", "public"."Merchant"."phoneNumber" FROM "public"."Merchant" WHERE "public"."Merchant"."id" IN ($1,$2,$3,$4,$5) OFFSET $6
prisma:query COMMIT
 GET /api/admin/stats 200 in 200ms
 ○ Compiling /admin/merchants ...
 ✓ Compiled /admin/merchants in 2.3s (871 modules)
 GET /admin/merchants 200 in 4496ms
 GET /api/admin/session 200 in 63ms
 GET /api/admin/session 200 in 57ms
 ○ Compiling /api/admin/merchants ...
 ✓ Compiled /api/admin/merchants in 1907ms (851 modules)
prisma:query BEGIN
prisma:query SELECT "public"."Merchant"."id", "public"."Merchant"."businessName", "public"."Merchant"."category", "public"."Merchant"."phoneNumber", "public"."Merchant"."logoUrl", "public"."Merchant"."websiteUrl", "public"."Merchant"."subscriptionStatus"::text, "public"."Merchant"."subscriptionExpiresAt", "public"."Merchant"."createdAt", "public"."Merchant"."deletedAt", COALESCE("aggr_selection_0_Offer"."_aggr_count_offers", 0) AS "_aggr_count_offers", COALESCE("aggr_selection_1_Branch"."_aggr_count_branches", 0) AS "_aggr_count_branches", COALESCE("aggr_selection_2_CustomerStamp"."_aggr_count_customerStamps", 0) AS "_aggr_count_customerStamps", COALESCE("aggr_selection_3_PaymentRequest"."_aggr_count_paymentRequests", 0) AS "_aggr_count_paymentRequests" FROM "public"."Merchant" LEFT JOIN (SELECT "public"."Offer"."merchantId", COUNT(*) AS "_aggr_count_offers" FROM "public"."Offer" WHERE "public"."Offer"."deletedAt" IS NULL GROUP BY "public"."Offer"."merchantId") AS "aggr_selection_0_Offer" ON ("public"."Merchant"."id" = "aggr_selection_0_Offer"."merchantId") LEFT JOIN (SELECT "public"."Branch"."merchantId", COUNT(*) AS "_aggr_count_branches" FROM "public"."Branch" WHERE "public"."Branch"."deletedAt" IS NULL GROUP BY "public"."Branch"."merchantId") AS "aggr_selection_1_Branch" ON ("public"."Merchant"."id" = "aggr_selection_1_Branch"."merchantId") LEFT JOIN (SELECT "public"."CustomerStamp"."merchantId", COUNT(*) AS "_aggr_count_customerStamps" FROM "public"."CustomerStamp" WHERE "public"."CustomerStamp"."deletedAt" IS NULL GROUP BY "public"."CustomerStamp"."merchantId") AS "aggr_selection_2_CustomerStamp" ON ("public"."Merchant"."id" = "aggr_selection_2_CustomerStamp"."merchantId") LEFT JOIN (SELECT "public"."PaymentRequest"."merchantId", COUNT(*) AS "_aggr_count_paymentRequests" FROM "public"."PaymentRequest" WHERE 1=1 GROUP BY "public"."PaymentRequest"."merchantId") AS "aggr_selection_3_PaymentRequest" ON ("public"."Merchant"."id" = "aggr_selection_3_PaymentRequest"."merchantId") WHERE 1=1 ORDER BY "public"."Merchant"."createdAt" DESC LIMIT $1 OFFSET $2
prisma:query SELECT COUNT(*) FROM (SELECT "public"."Merchant"."id" FROM "public"."Merchant" WHERE 1=1 OFFSET $1) AS "sub"
prisma:query SELECT COUNT(*), "public"."Merchant"."subscriptionStatus"::text FROM "public"."Merchant" WHERE 1=1 GROUP BY "public"."Merchant"."subscriptionStatus" ORDER BY "public"."Merchant"."subscriptionStatus" ASC OFFSET $1
prisma:query SELECT COUNT(*) FROM (SELECT "public"."Merchant"."id" FROM "public"."Merchant" WHERE "public"."Merchant"."deletedAt" IS NOT NULL OFFSET $1) AS "sub"
prisma:query COMMIT
 GET /api/admin/merchants?page=1&pageSize=20 200 in 2397ms
prisma:query BEGIN
prisma:query SELECT "public"."Merchant"."id", "public"."Merchant"."businessName", "public"."Merchant"."category", "public"."Merchant"."phoneNumber", "public"."Merchant"."logoUrl", "public"."Merchant"."websiteUrl", "public"."Merchant"."subscriptionStatus"::text, "public"."Merchant"."subscriptionExpiresAt", "public"."Merchant"."createdAt", "public"."Merchant"."deletedAt", COALESCE("aggr_selection_0_Offer"."_aggr_count_offers", 0) AS "_aggr_count_offers", COALESCE("aggr_selection_1_Branch"."_aggr_count_branches", 0) AS "_aggr_count_branches", COALESCE("aggr_selection_2_CustomerStamp"."_aggr_count_customerStamps", 0) AS "_aggr_count_customerStamps", COALESCE("aggr_selection_3_PaymentRequest"."_aggr_count_paymentRequests", 0) AS "_aggr_count_paymentRequests" FROM "public"."Merchant" LEFT JOIN (SELECT "public"."Offer"."merchantId", COUNT(*) AS "_aggr_count_offers" FROM "public"."Offer" WHERE "public"."Offer"."deletedAt" IS NULL GROUP BY "public"."Offer"."merchantId") AS "aggr_selection_0_Offer" ON ("public"."Merchant"."id" = "aggr_selection_0_Offer"."merchantId") LEFT JOIN (SELECT "public"."Branch"."merchantId", COUNT(*) AS "_aggr_count_branches" FROM "public"."Branch" WHERE "public"."Branch"."deletedAt" IS NULL GROUP BY "public"."Branch"."merchantId") AS "aggr_selection_1_Branch" ON ("public"."Merchant"."id" = "aggr_selection_1_Branch"."merchantId") LEFT JOIN (SELECT "public"."CustomerStamp"."merchantId", COUNT(*) AS "_aggr_count_customerStamps" FROM "public"."CustomerStamp" WHERE "public"."CustomerStamp"."deletedAt" IS NULL GROUP BY "public"."CustomerStamp"."merchantId") AS "aggr_selection_2_CustomerStamp" ON ("public"."Merchant"."id" = "aggr_selection_2_CustomerStamp"."merchantId") LEFT JOIN (SELECT "public"."PaymentRequest"."merchantId", COUNT(*) AS "_aggr_count_paymentRequests" FROM "public"."PaymentRequest" WHERE 1=1 GROUP BY "public"."PaymentRequest"."merchantId") AS "aggr_selection_3_PaymentRequest" ON ("public"."Merchant"."id" = "aggr_selection_3_PaymentRequest"."merchantId") WHERE 1=1 ORDER BY "public"."Merchant"."createdAt" DESC LIMIT $1 OFFSET $2
prisma:query SELECT COUNT(*) FROM (SELECT "public"."Merchant"."id" FROM "public"."Merchant" WHERE 1=1 OFFSET $1) AS "sub"
prisma:query SELECT COUNT(*), "public"."Merchant"."subscriptionStatus"::text FROM "public"."Merchant" WHERE 1=1 GROUP BY "public"."Merchant"."subscriptionStatus" ORDER BY "public"."Merchant"."subscriptionStatus" ASC OFFSET $1
prisma:query SELECT COUNT(*) FROM (SELECT "public"."Merchant"."id" FROM "public"."Merchant" WHERE "public"."Merchant"."deletedAt" IS NOT NULL OFFSET $1) AS "sub"
prisma:query COMMIT
 GET /api/admin/merchants?page=1&pageSize=20 200 in 243ms
 ○ Compiling /admin/billing ...
 ✓ Compiled /admin/billing in 2.1s (847 modules)
 GET /admin/billing 200 in 3106ms
 GET /api/admin/session 200 in 98ms
 GET /api/admin/session 200 in 51ms
 ○ Compiling /api/admin/payments ...
 ✓ Compiled /api/admin/payments in 2.2s (844 modules)
prisma:query SELECT 1
prisma:query BEGIN
prisma:query SELECT "public"."PaymentRequest"."id", "public"."PaymentRequest"."merchantId", "public"."PaymentRequest"."paymentMethod"::text, "public"."PaymentRequest"."senderNumber", "public"."PaymentRequest"."trxId", "public"."PaymentRequest"."amount", "public"."PaymentRequest"."requestedTier"::text, "public"."PaymentRequest"."screenshotPath", "public"."PaymentRequest"."status"::text, "public"."PaymentRequest"."createdAt", "public"."PaymentRequest"."updatedAt", "public"."PaymentRequest"."deletedAt" FROM "public"."PaymentRequest" WHERE ("public"."PaymentRequest"."deletedAt" IS NULL AND "public"."PaymentRequest"."status" = CAST($1::text AS "public"."PaymentStatus")) ORDER BY "public"."PaymentRequest"."createdAt" DESC LIMIT $2 OFFSET $3
prisma:query SELECT "public"."Merchant"."id", "public"."Merchant"."businessName", "public"."Merchant"."phoneNumber", "public"."Merchant"."subscriptionStatus"::text FROM "public"."Merchant" WHERE "public"."Merchant"."id" IN ($1,$2,$3,$4,$5,$6,$7) OFFSET $8
prisma:query SELECT COUNT(*) FROM (SELECT "public"."PaymentRequest"."id" FROM "public"."PaymentRequest" WHERE ("public"."PaymentRequest"."deletedAt" IS NULL AND "public"."PaymentRequest"."status" = CAST($1::text AS "public"."PaymentStatus")) OFFSET $2) AS "sub"
prisma:query SELECT COUNT(*), "public"."PaymentRequest"."status"::text FROM "public"."PaymentRequest" WHERE "public"."PaymentRequest"."deletedAt" IS NULL GROUP BY "public"."PaymentRequest"."status" ORDER BY "public"."PaymentRequest"."status" ASC OFFSET $1
prisma:query SELECT SUM("amount") FROM (SELECT "public"."PaymentRequest"."amount" FROM "public"."PaymentRequest" WHERE ("public"."PaymentRequest"."status" = CAST($1::text AS "public"."PaymentStatus") AND "public"."PaymentRequest"."deletedAt" IS NULL) OFFSET $2) AS "sub"
prisma:query COMMIT
 GET /api/admin/payments?status=PENDING&page=1&pageSize=20 200 in 2646ms
prisma:query BEGIN
prisma:query SELECT "public"."PaymentRequest"."id", "public"."PaymentRequest"."merchantId", "public"."PaymentRequest"."paymentMethod"::text, "public"."PaymentRequest"."senderNumber", "public"."PaymentRequest"."trxId", "public"."PaymentRequest"."amount", "public"."PaymentRequest"."requestedTier"::text, "public"."PaymentRequest"."screenshotPath", "public"."PaymentRequest"."status"::text, "public"."PaymentRequest"."createdAt", "public"."PaymentRequest"."updatedAt", "public"."PaymentRequest"."deletedAt" FROM "public"."PaymentRequest" WHERE ("public"."PaymentRequest"."deletedAt" IS NULL AND "public"."PaymentRequest"."status" = CAST($1::text AS "public"."PaymentStatus")) ORDER BY "public"."PaymentRequest"."createdAt" DESC LIMIT $2 OFFSET $3
prisma:query SELECT "public"."Merchant"."id", "public"."Merchant"."businessName", "public"."Merchant"."phoneNumber", "public"."Merchant"."subscriptionStatus"::text FROM "public"."Merchant" WHERE "public"."Merchant"."id" IN ($1,$2,$3,$4,$5,$6,$7) OFFSET $8
prisma:query SELECT COUNT(*) FROM (SELECT "public"."PaymentRequest"."id" FROM "public"."PaymentRequest" WHERE ("public"."PaymentRequest"."deletedAt" IS NULL AND "public"."PaymentRequest"."status" = CAST($1::text AS "public"."PaymentStatus")) OFFSET $2) AS "sub"
prisma:query SELECT COUNT(*), "public"."PaymentRequest"."status"::text FROM "public"."PaymentRequest" WHERE "public"."PaymentRequest"."deletedAt" IS NULL GROUP BY "public"."PaymentRequest"."status" ORDER BY "public"."PaymentRequest"."status" ASC OFFSET $1
prisma:query SELECT SUM("amount") FROM (SELECT "public"."PaymentRequest"."amount" FROM "public"."PaymentRequest" WHERE ("public"."PaymentRequest"."status" = CAST($1::text AS "public"."PaymentStatus") AND "public"."PaymentRequest"."deletedAt" IS NULL) OFFSET $2) AS "sub"
prisma:query COMMIT
 GET /api/admin/payments?status=PENDING&page=1&pageSize=20 200 in 115ms
 ○ Compiling /welcome ...
 ✓ Compiled /welcome in 2.3s (834 modules)
 GET /welcome 200 in 3218ms
 ○ Compiling /otp ...
 ✓ Compiled /otp in 2.6s (838 modules)
 GET /otp 200 in 3557ms
 ○ Compiling /business-setup ...
 ✓ Compiled /business-setup in 1751ms (683 modules)
 GET /business-setup 200 in 2884ms
 ○ Compiling /scan ...
 ✓ Compiled /scan in 1286ms (686 modules)
 GET /scan 200 in 2846ms
 ○ Compiling /api/auth/me ...
 ✓ Compiled /api/auth/me in 1411ms (817 modules)
 GET /api/auth/me 401 in 5915ms
 GET /api/auth/me 401 in 153ms
 ○ Compiling /admin/login ...
 ✓ Compiled /admin/login in 1784ms (822 modules)
 GET /api/auth/me 401 in 5098ms
 GET /admin/login 200 in 6102ms
 ○ Compiling /api/auth/otp/send ...
 ✓ Compiled /api/auth/otp/send in 1074ms (820 modules)
[OTP:dev] 01741995455 -> 188707
 POST /api/auth/otp/send 200 in 1399ms
 ○ Compiling /api/auth/otp/verify ...
 ✓ Compiled /api/auth/otp/verify in 1552ms (822 modules)
prisma:query SELECT "public"."Merchant"."id", "public"."Merchant"."cognitoSub", "public"."Merchant"."businessName", "public"."Merchant"."category", "public"."Merchant"."phoneNumber", "public"."Merchant"."logoUrl", "public"."Merchant"."websiteUrl", "public"."Merchant"."facebookUrl", "public"."Merchant"."instagramUrl", "public"."Merchant"."subscriptionStatus"::text, "public"."Merchant"."subscriptionTier"::text, "public"."Merchant"."subscriptionExpiresAt", "public"."Merchant"."createdAt", "public"."Merchant"."updatedAt", "public"."Merchant"."deletedAt" FROM "public"."Merchant" WHERE ("public"."Merchant"."phoneNumber" = $1 AND 1=1) LIMIT $2 OFFSET $3
 POST /api/auth/otp/verify 200 in 2172ms
 ○ Compiling /dashboard ...
 ✓ Compiled /dashboard in 1477ms (842 modules)
 GET /dashboard 200 in 2110ms
prisma:query SELECT "public"."Merchant"."id", "public"."Merchant"."cognitoSub", "public"."Merchant"."businessName", "public"."Merchant"."category", "public"."Merchant"."phoneNumber", "public"."Merchant"."logoUrl", "public"."Merchant"."websiteUrl", "public"."Merchant"."facebookUrl", "public"."Merchant"."instagramUrl", "public"."Merchant"."subscriptionStatus"::text, "public"."Merchant"."subscriptionTier"::text, "public"."Merchant"."subscriptionExpiresAt", "public"."Merchant"."createdAt", "public"."Merchant"."updatedAt", "public"."Merchant"."deletedAt" FROM "public"."Merchant" WHERE ("public"."Merchant"."id" = $1 AND 1=1) LIMIT $2 OFFSET $3
 GET /api/auth/me 200 in 146ms
prisma:query SELECT "public"."Merchant"."id", "public"."Merchant"."cognitoSub", "public"."Merchant"."businessName", "public"."Merchant"."category", "public"."Merchant"."phoneNumber", "public"."Merchant"."logoUrl", "public"."Merchant"."websiteUrl", "public"."Merchant"."facebookUrl", "public"."Merchant"."instagramUrl", "public"."Merchant"."subscriptionStatus"::text, "public"."Merchant"."subscriptionTier"::text, "public"."Merchant"."subscriptionExpiresAt", "public"."Merchant"."createdAt", "public"."Merchant"."updatedAt", "public"."Merchant"."deletedAt" FROM "public"."Merchant" WHERE ("public"."Merchant"."id" = $1 AND 1=1) LIMIT $2 OFFSET $3
 GET /api/auth/me 200 in 33ms
 ○ Compiling /api/offers ...
 ✓ Compiled /api/offers in 1303ms (803 modules)
 ✓ Compiled (805 modules)
 ○ Compiling /analytics ...
prisma:query SELECT "public"."Merchant"."id", "public"."Merchant"."cognitoSub", "public"."Merchant"."businessName", "public"."Merchant"."category", "public"."Merchant"."phoneNumber", "public"."Merchant"."logoUrl", "public"."Merchant"."websiteUrl", "public"."Merchant"."facebookUrl", "public"."Merchant"."instagramUrl", "public"."Merchant"."subscriptionStatus"::text, "public"."Merchant"."subscriptionTier"::text, "public"."Merchant"."subscriptionExpiresAt", "public"."Merchant"."createdAt", "public"."Merchant"."updatedAt", "public"."Merchant"."deletedAt" FROM "public"."Merchant" WHERE ("public"."Merchant"."id" = $1 AND "public"."Merchant"."deletedAt" IS NULL) LIMIT $2 OFFSET $3
prisma:query SELECT "public"."Merchant"."id", "public"."Merchant"."cognitoSub", "public"."Merchant"."businessName", "public"."Merchant"."category", "public"."Merchant"."phoneNumber", "public"."Merchant"."logoUrl", "public"."Merchant"."websiteUrl", "public"."Merchant"."facebookUrl", "public"."Merchant"."instagramUrl", "public"."Merchant"."subscriptionStatus"::text, "public"."Merchant"."subscriptionTier"::text, "public"."Merchant"."subscriptionExpiresAt", "public"."Merchant"."createdAt", "public"."Merchant"."updatedAt", "public"."Merchant"."deletedAt" FROM "public"."Merchant" WHERE ("public"."Merchant"."id" = $1 AND "public"."Merchant"."deletedAt" IS NULL) LIMIT $2 OFFSET $3
prisma:query SELECT COUNT(*) FROM (SELECT "public"."Offer"."id" FROM "public"."Offer" WHERE ("public"."Offer"."merchantId" = $1 AND "public"."Offer"."deletedAt" IS NULL) OFFSET $2) AS "sub"
prisma:query SELECT "public"."Offer"."id", "public"."Offer"."merchantId", "public"."Offer"."title", "public"."Offer"."offerType"::text, "public"."Offer"."rewardType"::text, "public"."Offer"."requiredStamps", "public"."Offer"."scratchMode"::text, "public"."Offer"."scratchCursor", "public"."Offer"."scratchOrder", "public"."Offer"."durationDays", "public"."Offer"."posterTemplateUrl", "public"."Offer"."finalPosterUrl", "public"."Offer"."isActive", "public"."Offer"."createdAt", "public"."Offer"."updatedAt", "public"."Offer"."deletedAt" FROM "public"."Offer" WHERE ("public"."Offer"."merchantId" = $1 AND "public"."Offer"."deletedAt" IS NULL) ORDER BY "public"."Offer"."createdAt" DESC OFFSET $2
prisma:query SELECT "public"."ScratchItem"."id", "public"."ScratchItem"."offerId", "public"."ScratchItem"."label", "public"."ScratchItem"."sortOrder", "public"."ScratchItem"."createdAt", "public"."ScratchItem"."updatedAt" FROM "public"."ScratchItem" WHERE "public"."ScratchItem"."offerId" IN ($1,$2,$3,$4) ORDER BY "public"."ScratchItem"."sortOrder" ASC OFFSET $5
 GET /api/offers 200 in 5920ms
prisma:query SELECT COUNT(*) FROM (SELECT "public"."CustomerStamp"."id" FROM "public"."CustomerStamp" WHERE ("public"."CustomerStamp"."merchantId" = $1 AND "public"."CustomerStamp"."deletedAt" IS NULL) OFFSET $2) AS "sub"
prisma:query SELECT COUNT(*) FROM (SELECT "public"."Offer"."id" FROM "public"."Offer" WHERE ("public"."Offer"."merchantId" = $1 AND "public"."Offer"."deletedAt" IS NULL AND "public"."Offer"."isActive" = $2) OFFSET $3) AS "sub"
prisma:query SELECT SUM("stampsCollected"), SUM("totalRedeemed") FROM (SELECT "public"."CustomerStamp"."stampsCollected", "public"."CustomerStamp"."totalRedeemed" FROM "public"."CustomerStamp" WHERE ("public"."CustomerStamp"."merchantId" = $1 AND "public"."CustomerStamp"."deletedAt" IS NULL) OFFSET $2) AS "sub"
prisma:query SELECT COUNT(*) FROM (SELECT "public"."Branch"."id" FROM "public"."Branch" WHERE ("public"."Branch"."merchantId" = $1 AND "public"."Branch"."deletedAt" IS NULL) OFFSET $2) AS "sub"
 GET /api/merchant/stats 200 in 6767ms
 ✓ Compiled /analytics in 4.5s (812 modules)
 ✓ Compiled in 5ms (812 modules)
 ✓ Compiled in 0ms (812 modules)
prisma:query SELECT "public"."Merchant"."id", "public"."Merchant"."cognitoSub", "public"."Merchant"."businessName", "public"."Merchant"."category", "public"."Merchant"."phoneNumber", "public"."Merchant"."logoUrl", "public"."Merchant"."websiteUrl", "public"."Merchant"."facebookUrl", "public"."Merchant"."instagramUrl", "public"."Merchant"."subscriptionStatus"::text, "public"."Merchant"."subscriptionTier"::text, "public"."Merchant"."subscriptionExpiresAt", "public"."Merchant"."createdAt", "public"."Merchant"."updatedAt", "public"."Merchant"."deletedAt" FROM "public"."Merchant" WHERE ("public"."Merchant"."id" = $1 AND "public"."Merchant"."deletedAt" IS NULL) LIMIT $2 OFFSET $3
prisma:query SELECT COUNT(*) FROM (SELECT "public"."Offer"."id" FROM "public"."Offer" WHERE ("public"."Offer"."merchantId" = $1 AND "public"."Offer"."deletedAt" IS NULL) OFFSET $2) AS "sub"
prisma:query SELECT COUNT(*) FROM (SELECT "public"."Branch"."id" FROM "public"."Branch" WHERE ("public"."Branch"."merchantId" = $1 AND "public"."Branch"."deletedAt" IS NULL) OFFSET $2) AS "sub"
prisma:query SELECT COUNT(*) FROM (SELECT "public"."Offer"."id" FROM "public"."Offer" WHERE ("public"."Offer"."merchantId" = $1 AND "public"."Offer"."deletedAt" IS NULL AND "public"."Offer"."isActive" = $2) OFFSET $3) AS "sub"
prisma:query SELECT COUNT(*) FROM (SELECT "public"."CustomerStamp"."id" FROM "public"."CustomerStamp" WHERE ("public"."CustomerStamp"."merchantId" = $1 AND "public"."CustomerStamp"."deletedAt" IS NULL) OFFSET $2) AS "sub"
prisma:query SELECT SUM("stampsCollected"), SUM("totalRedeemed") FROM (SELECT "public"."CustomerStamp"."stampsCollected", "public"."CustomerStamp"."totalRedeemed" FROM "public"."CustomerStamp" WHERE ("public"."CustomerStamp"."merchantId" = $1 AND "public"."CustomerStamp"."deletedAt" IS NULL) OFFSET $2) AS "sub"
 GET /api/merchant/stats 200 in 4207ms
prisma:query SELECT "public"."Merchant"."id", "public"."Merchant"."cognitoSub", "public"."Merchant"."businessName", "public"."Merchant"."category", "public"."Merchant"."phoneNumber", "public"."Merchant"."logoUrl", "public"."Merchant"."websiteUrl", "public"."Merchant"."facebookUrl", "public"."Merchant"."instagramUrl", "public"."Merchant"."subscriptionStatus"::text, "public"."Merchant"."subscriptionTier"::text, "public"."Merchant"."subscriptionExpiresAt", "public"."Merchant"."createdAt", "public"."Merchant"."updatedAt", "public"."Merchant"."deletedAt" FROM "public"."Merchant" WHERE ("public"."Merchant"."id" = $1 AND "public"."Merchant"."deletedAt" IS NULL) LIMIT $2 OFFSET $3
prisma:query SELECT "public"."Offer"."id", "public"."Offer"."merchantId", "public"."Offer"."title", "public"."Offer"."offerType"::text, "public"."Offer"."rewardType"::text, "public"."Offer"."requiredStamps", "public"."Offer"."scratchMode"::text, "public"."Offer"."scratchCursor", "public"."Offer"."scratchOrder", "public"."Offer"."durationDays", "public"."Offer"."posterTemplateUrl", "public"."Offer"."finalPosterUrl", "public"."Offer"."isActive", "public"."Offer"."createdAt", "public"."Offer"."updatedAt", "public"."Offer"."deletedAt" FROM "public"."Offer" WHERE ("public"."Offer"."merchantId" = $1 AND "public"."Offer"."deletedAt" IS NULL) ORDER BY "public"."Offer"."createdAt" DESC OFFSET $2
prisma:query SELECT "public"."ScratchItem"."id", "public"."ScratchItem"."offerId", "public"."ScratchItem"."label", "public"."ScratchItem"."sortOrder", "public"."ScratchItem"."createdAt", "public"."ScratchItem"."updatedAt" FROM "public"."ScratchItem" WHERE "public"."ScratchItem"."offerId" IN ($1,$2,$3,$4) ORDER BY "public"."ScratchItem"."sortOrder" ASC OFFSET $5
 GET /api/offers 200 in 8280ms
 GET /analytics 200 in 11475ms
prisma:query SELECT "public"."Merchant"."id", "public"."Merchant"."cognitoSub", "public"."Merchant"."businessName", "public"."Merchant"."category", "public"."Merchant"."phoneNumber", "public"."Merchant"."logoUrl", "public"."Merchant"."websiteUrl", "public"."Merchant"."facebookUrl", "public"."Merchant"."instagramUrl", "public"."Merchant"."subscriptionStatus"::text, "public"."Merchant"."subscriptionTier"::text, "public"."Merchant"."subscriptionExpiresAt", "public"."Merchant"."createdAt", "public"."Merchant"."updatedAt", "public"."Merchant"."deletedAt" FROM "public"."Merchant" WHERE ("public"."Merchant"."id" = $1 AND 1=1) LIMIT $2 OFFSET $3
 GET /api/auth/me 200 in 198ms
prisma:query SELECT "public"."Merchant"."id", "public"."Merchant"."cognitoSub", "public"."Merchant"."businessName", "public"."Merchant"."category", "public"."Merchant"."phoneNumber", "public"."Merchant"."logoUrl", "public"."Merchant"."websiteUrl", "public"."Merchant"."facebookUrl", "public"."Merchant"."instagramUrl", "public"."Merchant"."subscriptionStatus"::text, "public"."Merchant"."subscriptionTier"::text, "public"."Merchant"."subscriptionExpiresAt", "public"."Merchant"."createdAt", "public"."Merchant"."updatedAt", "public"."Merchant"."deletedAt" FROM "public"."Merchant" WHERE ("public"."Merchant"."id" = $1 AND 1=1) LIMIT $2 OFFSET $3
 GET /api/auth/me 200 in 68ms
 ○ Compiling /api/merchant/analytics ...
 ✓ Compiled /api/merchant/analytics in 1356ms (810 modules)
prisma:query SELECT "public"."Merchant"."id", "public"."Merchant"."cognitoSub", "public"."Merchant"."businessName", "public"."Merchant"."category", "public"."Merchant"."phoneNumber", "public"."Merchant"."logoUrl", "public"."Merchant"."websiteUrl", "public"."Merchant"."facebookUrl", "public"."Merchant"."instagramUrl", "public"."Merchant"."subscriptionStatus"::text, "public"."Merchant"."subscriptionTier"::text, "public"."Merchant"."subscriptionExpiresAt", "public"."Merchant"."createdAt", "public"."Merchant"."updatedAt", "public"."Merchant"."deletedAt" FROM "public"."Merchant" WHERE ("public"."Merchant"."id" = $1 AND "public"."Merchant"."deletedAt" IS NULL) LIMIT $2 OFFSET $3
prisma:query SELECT "public"."Offer"."id", "public"."Offer"."title", "public"."Offer"."offerType"::text FROM "public"."Offer" WHERE "public"."Offer"."merchantId" = $1 OFFSET $2
prisma:query SELECT "public"."CustomerStamp"."id", "public"."CustomerStamp"."customerPhone", "public"."CustomerStamp"."createdAt" FROM "public"."CustomerStamp" WHERE ("public"."CustomerStamp"."merchantId" = $1 AND "public"."CustomerStamp"."deletedAt" IS NULL) OFFSET $2
prisma:query SELECT "public"."ActivityEvent"."id", "public"."ActivityEvent"."type"::text, "public"."ActivityEvent"."offerId", "public"."ActivityEvent"."customerPhone", "public"."ActivityEvent"."createdAt" FROM "public"."ActivityEvent" WHERE ("public"."ActivityEvent"."merchantId" = $1 AND "public"."ActivityEvent"."createdAt" >= $2 AND "public"."ActivityEvent"."createdAt" < $3) OFFSET $4
prisma:query SELECT "public"."ScratchResult"."id", "public"."ScratchResult"."offerId", "public"."ScratchResult"."customerPhone", "public"."ScratchResult"."scratchedAt" FROM "public"."ScratchResult" WHERE ("public"."ScratchResult"."merchantId" = $1 AND "public"."ScratchResult"."scratchedAt" >= $2 AND "public"."ScratchResult"."scratchedAt" < $3) OFFSET $4
 GET /api/merchant/analytics?from=2026-08-26&to=2026-09-24 200 in 1726ms
prisma:query SELECT "public"."Merchant"."id", "public"."Merchant"."cognitoSub", "public"."Merchant"."businessName", "public"."Merchant"."category", "public"."Merchant"."phoneNumber", "public"."Merchant"."logoUrl", "public"."Merchant"."websiteUrl", "public"."Merchant"."facebookUrl", "public"."Merchant"."instagramUrl", "public"."Merchant"."subscriptionStatus"::text, "public"."Merchant"."subscriptionTier"::text, "public"."Merchant"."subscriptionExpiresAt", "public"."Merchant"."createdAt", "public"."Merchant"."updatedAt", "public"."Merchant"."deletedAt" FROM "public"."Merchant" WHERE ("public"."Merchant"."id" = $1 AND "public"."Merchant"."deletedAt" IS NULL) LIMIT $2 OFFSET $3
prisma:query SELECT "public"."ScratchResult"."id", "public"."ScratchResult"."offerId", "public"."ScratchResult"."customerPhone", "public"."ScratchResult"."scratchedAt" FROM "public"."ScratchResult" WHERE ("public"."ScratchResult"."merchantId" = $1 AND "public"."ScratchResult"."scratchedAt" >= $2 AND "public"."ScratchResult"."scratchedAt" < $3) OFFSET $4
prisma:query SELECT "public"."ActivityEvent"."id", "public"."ActivityEvent"."type"::text, "public"."ActivityEvent"."offerId", "public"."ActivityEvent"."customerPhone", "public"."ActivityEvent"."createdAt" FROM "public"."ActivityEvent" WHERE ("public"."ActivityEvent"."merchantId" = $1 AND "public"."ActivityEvent"."createdAt" >= $2 AND "public"."ActivityEvent"."createdAt" < $3) OFFSET $4
prisma:query SELECT "public"."Offer"."id", "public"."Offer"."title", "public"."Offer"."offerType"::text FROM "public"."Offer" WHERE "public"."Offer"."merchantId" = $1 OFFSET $2
prisma:query SELECT "public"."CustomerStamp"."id", "public"."CustomerStamp"."customerPhone", "public"."CustomerStamp"."createdAt" FROM "public"."CustomerStamp" WHERE ("public"."CustomerStamp"."merchantId" = $1 AND "public"."CustomerStamp"."deletedAt" IS NULL) OFFSET $2
 GET /api/merchant/analytics?from=2026-08-26&to=2026-09-24 200 in 233ms
 ○ Compiling /customers ...
 ✓ Compiled /customers in 1696ms (813 modules)
 GET /customers 200 in 2536ms
prisma:query SELECT 1
prisma:query SELECT "public"."Merchant"."id", "public"."Merchant"."cognitoSub", "public"."Merchant"."businessName", "public"."Merchant"."category", "public"."Merchant"."phoneNumber", "public"."Merchant"."logoUrl", "public"."Merchant"."websiteUrl", "public"."Merchant"."facebookUrl", "public"."Merchant"."instagramUrl", "public"."Merchant"."subscriptionStatus"::text, "public"."Merchant"."subscriptionTier"::text, "public"."Merchant"."subscriptionExpiresAt", "public"."Merchant"."createdAt", "public"."Merchant"."updatedAt", "public"."Merchant"."deletedAt" FROM "public"."Merchant" WHERE ("public"."Merchant"."id" = $1 AND 1=1) LIMIT $2 OFFSET $3
 GET /api/auth/me 200 in 55ms
prisma:query SELECT "public"."Merchant"."id", "public"."Merchant"."cognitoSub", "public"."Merchant"."businessName", "public"."Merchant"."category", "public"."Merchant"."phoneNumber", "public"."Merchant"."logoUrl", "public"."Merchant"."websiteUrl", "public"."Merchant"."facebookUrl", "public"."Merchant"."instagramUrl", "public"."Merchant"."subscriptionStatus"::text, "public"."Merchant"."subscriptionTier"::text, "public"."Merchant"."subscriptionExpiresAt", "public"."Merchant"."createdAt", "public"."Merchant"."updatedAt", "public"."Merchant"."deletedAt" FROM "public"."Merchant" WHERE ("public"."Merchant"."id" = $1 AND 1=1) LIMIT $2 OFFSET $3
 GET /api/auth/me 200 in 82ms
 ○ Compiling /api/merchant/customers ...
 ✓ Compiled /api/merchant/customers in 3s (815 modules)
prisma:query SELECT "public"."Merchant"."id", "public"."Merchant"."cognitoSub", "public"."Merchant"."businessName", "public"."Merchant"."category", "public"."Merchant"."phoneNumber", "public"."Merchant"."logoUrl", "public"."Merchant"."websiteUrl", "public"."Merchant"."facebookUrl", "public"."Merchant"."instagramUrl", "public"."Merchant"."subscriptionStatus"::text, "public"."Merchant"."subscriptionTier"::text, "public"."Merchant"."subscriptionExpiresAt", "public"."Merchant"."createdAt", "public"."Merchant"."updatedAt", "public"."Merchant"."deletedAt" FROM "public"."Merchant" WHERE ("public"."Merchant"."id" = $1 AND "public"."Merchant"."deletedAt" IS NULL) LIMIT $2 OFFSET $3
prisma:query SELECT 1
prisma:query SELECT 1
prisma:query SELECT COUNT(*) FROM (SELECT "public"."CustomerStamp"."id" FROM "public"."CustomerStamp" WHERE ("public"."CustomerStamp"."merchantId" = $1 AND "public"."CustomerStamp"."deletedAt" IS NULL) OFFSET $2) AS "sub"
prisma:query SELECT COUNT(*) FROM (SELECT "public"."CustomerStamp"."id" FROM "public"."CustomerStamp" WHERE ("public"."CustomerStamp"."merchantId" = $1 AND "public"."CustomerStamp"."deletedAt" IS NULL) OFFSET $2) AS "sub"
prisma:query SELECT "public"."CustomerStamp"."id", "public"."CustomerStamp"."customerPhone", "public"."CustomerStamp"."stampsCollected", "public"."CustomerStamp"."totalRedeemed", "public"."CustomerStamp"."lastScannedAt", "public"."CustomerStamp"."lastReviewAt", "public"."CustomerStamp"."createdAt" FROM "public"."CustomerStamp" WHERE ("public"."CustomerStamp"."merchantId" = $1 AND "public"."CustomerStamp"."deletedAt" IS NULL) ORDER BY "public"."CustomerStamp"."lastScannedAt" DESC, "public"."CustomerStamp"."createdAt" DESC LIMIT $2 OFFSET $3
 GET /api/merchant/customers?page=1&pageSize=20 200 in 3887ms
 ○ Compiling /branches ...
 ✓ Compiled /branches in 2.9s (822 modules)
prisma:query SELECT "public"."Merchant"."id", "public"."Merchant"."cognitoSub", "public"."Merchant"."businessName", "public"."Merchant"."category", "public"."Merchant"."phoneNumber", "public"."Merchant"."logoUrl", "public"."Merchant"."websiteUrl", "public"."Merchant"."facebookUrl", "public"."Merchant"."instagramUrl", "public"."Merchant"."subscriptionStatus"::text, "public"."Merchant"."subscriptionTier"::text, "public"."Merchant"."subscriptionExpiresAt", "public"."Merchant"."createdAt", "public"."Merchant"."updatedAt", "public"."Merchant"."deletedAt" FROM "public"."Merchant" WHERE ("public"."Merchant"."id" = $1 AND "public"."Merchant"."deletedAt" IS NULL) LIMIT $2 OFFSET $3
prisma:query SELECT COUNT(*) FROM (SELECT "public"."CustomerStamp"."id" FROM "public"."CustomerStamp" WHERE ("public"."CustomerStamp"."merchantId" = $1 AND "public"."CustomerStamp"."deletedAt" IS NULL) OFFSET $2) AS "sub"
prisma:query SELECT "public"."CustomerStamp"."id", "public"."CustomerStamp"."customerPhone", "public"."CustomerStamp"."stampsCollected", "public"."CustomerStamp"."totalRedeemed", "public"."CustomerStamp"."lastScannedAt", "public"."CustomerStamp"."lastReviewAt", "public"."CustomerStamp"."createdAt" FROM "public"."CustomerStamp" WHERE ("public"."CustomerStamp"."merchantId" = $1 AND "public"."CustomerStamp"."deletedAt" IS NULL) ORDER BY "public"."CustomerStamp"."lastScannedAt" DESC, "public"."CustomerStamp"."createdAt" DESC LIMIT $2 OFFSET $3
prisma:query SELECT COUNT(*) FROM (SELECT "public"."CustomerStamp"."id" FROM "public"."CustomerStamp" WHERE ("public"."CustomerStamp"."merchantId" = $1 AND "public"."CustomerStamp"."deletedAt" IS NULL) OFFSET $2) AS "sub"
 GET /api/merchant/customers?page=1&pageSize=20 200 in 5241ms
 GET /branches 200 in 5950ms
prisma:query SELECT "public"."Merchant"."id", "public"."Merchant"."cognitoSub", "public"."Merchant"."businessName", "public"."Merchant"."category", "public"."Merchant"."phoneNumber", "public"."Merchant"."logoUrl", "public"."Merchant"."websiteUrl", "public"."Merchant"."facebookUrl", "public"."Merchant"."instagramUrl", "public"."Merchant"."subscriptionStatus"::text, "public"."Merchant"."subscriptionTier"::text, "public"."Merchant"."subscriptionExpiresAt", "public"."Merchant"."createdAt", "public"."Merchant"."updatedAt", "public"."Merchant"."deletedAt" FROM "public"."Merchant" WHERE ("public"."Merchant"."id" = $1 AND 1=1) LIMIT $2 OFFSET $3
 GET /api/auth/me 200 in 202ms
prisma:query SELECT "public"."Merchant"."id", "public"."Merchant"."cognitoSub", "public"."Merchant"."businessName", "public"."Merchant"."category", "public"."Merchant"."phoneNumber", "public"."Merchant"."logoUrl", "public"."Merchant"."websiteUrl", "public"."Merchant"."facebookUrl", "public"."Merchant"."instagramUrl", "public"."Merchant"."subscriptionStatus"::text, "public"."Merchant"."subscriptionTier"::text, "public"."Merchant"."subscriptionExpiresAt", "public"."Merchant"."createdAt", "public"."Merchant"."updatedAt", "public"."Merchant"."deletedAt" FROM "public"."Merchant" WHERE ("public"."Merchant"."id" = $1 AND 1=1) LIMIT $2 OFFSET $3
 GET /api/auth/me 200 in 56ms
 ○ Compiling /api/branches ...
 ✓ Compiled /api/branches in 1569ms (818 modules)
prisma:query SELECT "public"."Merchant"."id", "public"."Merchant"."cognitoSub", "public"."Merchant"."businessName", "public"."Merchant"."category", "public"."Merchant"."phoneNumber", "public"."Merchant"."logoUrl", "public"."Merchant"."websiteUrl", "public"."Merchant"."facebookUrl", "public"."Merchant"."instagramUrl", "public"."Merchant"."subscriptionStatus"::text, "public"."Merchant"."subscriptionTier"::text, "public"."Merchant"."subscriptionExpiresAt", "public"."Merchant"."createdAt", "public"."Merchant"."updatedAt", "public"."Merchant"."deletedAt" FROM "public"."Merchant" WHERE ("public"."Merchant"."id" = $1 AND "public"."Merchant"."deletedAt" IS NULL) LIMIT $2 OFFSET $3
prisma:query SELECT "public"."Branch"."id", "public"."Branch"."merchantId", "public"."Branch"."branchName", "public"."Branch"."address", "public"."Branch"."latitude", "public"."Branch"."longitude", "public"."Branch"."createdAt", "public"."Branch"."updatedAt", "public"."Branch"."deletedAt" FROM "public"."Branch" WHERE ("public"."Branch"."merchantId" = $1 AND "public"."Branch"."deletedAt" IS NULL) ORDER BY "public"."Branch"."createdAt" ASC OFFSET $2
 GET /api/branches 200 in 2240ms
prisma:query SELECT "public"."Merchant"."id", "public"."Merchant"."cognitoSub", "public"."Merchant"."businessName", "public"."Merchant"."category", "public"."Merchant"."phoneNumber", "public"."Merchant"."logoUrl", "public"."Merchant"."websiteUrl", "public"."Merchant"."facebookUrl", "public"."Merchant"."instagramUrl", "public"."Merchant"."subscriptionStatus"::text, "public"."Merchant"."subscriptionTier"::text, "public"."Merchant"."subscriptionExpiresAt", "public"."Merchant"."createdAt", "public"."Merchant"."updatedAt", "public"."Merchant"."deletedAt" FROM "public"."Merchant" WHERE ("public"."Merchant"."id" = $1 AND "public"."Merchant"."deletedAt" IS NULL) LIMIT $2 OFFSET $3
prisma:query SELECT "public"."Branch"."id", "public"."Branch"."merchantId", "public"."Branch"."branchName", "public"."Branch"."address", "public"."Branch"."latitude", "public"."Branch"."longitude", "public"."Branch"."createdAt", "public"."Branch"."updatedAt", "public"."Branch"."deletedAt" FROM "public"."Branch" WHERE ("public"."Branch"."merchantId" = $1 AND "public"."Branch"."deletedAt" IS NULL) ORDER BY "public"."Branch"."createdAt" ASC OFFSET $2
 GET /api/branches 200 in 285ms
 ○ Compiling /billing ...
 ✓ Compiled /billing in 1495ms (831 modules)
 GET /billing 200 in 2586ms
prisma:query SELECT 1
prisma:query SELECT "public"."Merchant"."id", "public"."Merchant"."cognitoSub", "public"."Merchant"."businessName", "public"."Merchant"."category", "public"."Merchant"."phoneNumber", "public"."Merchant"."logoUrl", "public"."Merchant"."websiteUrl", "public"."Merchant"."facebookUrl", "public"."Merchant"."instagramUrl", "public"."Merchant"."subscriptionStatus"::text, "public"."Merchant"."subscriptionTier"::text, "public"."Merchant"."subscriptionExpiresAt", "public"."Merchant"."createdAt", "public"."Merchant"."updatedAt", "public"."Merchant"."deletedAt" FROM "public"."Merchant" WHERE ("public"."Merchant"."id" = $1 AND 1=1) LIMIT $2 OFFSET $3
 GET /api/auth/me 200 in 167ms
prisma:query SELECT "public"."Merchant"."id", "public"."Merchant"."cognitoSub", "public"."Merchant"."businessName", "public"."Merchant"."category", "public"."Merchant"."phoneNumber", "public"."Merchant"."logoUrl", "public"."Merchant"."websiteUrl", "public"."Merchant"."facebookUrl", "public"."Merchant"."instagramUrl", "public"."Merchant"."subscriptionStatus"::text, "public"."Merchant"."subscriptionTier"::text, "public"."Merchant"."subscriptionExpiresAt", "public"."Merchant"."createdAt", "public"."Merchant"."updatedAt", "public"."Merchant"."deletedAt" FROM "public"."Merchant" WHERE ("public"."Merchant"."id" = $1 AND 1=1) LIMIT $2 OFFSET $3
 GET /api/auth/me 200 in 71ms
 ○ Compiling /api/billing ...
 ✓ Compiled /api/billing in 2.1s (833 modules)
prisma:query SELECT "public"."Merchant"."id", "public"."Merchant"."cognitoSub", "public"."Merchant"."businessName", "public"."Merchant"."category", "public"."Merchant"."phoneNumber", "public"."Merchant"."logoUrl", "public"."Merchant"."websiteUrl", "public"."Merchant"."facebookUrl", "public"."Merchant"."instagramUrl", "public"."Merchant"."subscriptionStatus"::text, "public"."Merchant"."subscriptionTier"::text, "public"."Merchant"."subscriptionExpiresAt", "public"."Merchant"."createdAt", "public"."Merchant"."updatedAt", "public"."Merchant"."deletedAt" FROM "public"."Merchant" WHERE ("public"."Merchant"."id" = $1 AND "public"."Merchant"."deletedAt" IS NULL) LIMIT $2 OFFSET $3
prisma:query SELECT "public"."PaymentRequest"."id", "public"."PaymentRequest"."merchantId", "public"."PaymentRequest"."paymentMethod"::text, "public"."PaymentRequest"."senderNumber", "public"."PaymentRequest"."trxId", "public"."PaymentRequest"."amount", "public"."PaymentRequest"."requestedTier"::text, "public"."PaymentRequest"."screenshotPath", "public"."PaymentRequest"."status"::text, "public"."PaymentRequest"."createdAt", "public"."PaymentRequest"."updatedAt", "public"."PaymentRequest"."deletedAt" FROM "public"."PaymentRequest" WHERE ("public"."PaymentRequest"."merchantId" = $1 AND "public"."PaymentRequest"."deletedAt" IS NULL) ORDER BY "public"."PaymentRequest"."createdAt" DESC LIMIT $2 OFFSET $3
 GET /api/billing 200 in 2630ms
 ○ Compiling /billing/checkout ...
 ✓ Compiled /billing/checkout in 1560ms (837 modules)
prisma:query SELECT "public"."Merchant"."id", "public"."Merchant"."cognitoSub", "public"."Merchant"."businessName", "public"."Merchant"."category", "public"."Merchant"."phoneNumber", "public"."Merchant"."logoUrl", "public"."Merchant"."websiteUrl", "public"."Merchant"."facebookUrl", "public"."Merchant"."instagramUrl", "public"."Merchant"."subscriptionStatus"::text, "public"."Merchant"."subscriptionTier"::text, "public"."Merchant"."subscriptionExpiresAt", "public"."Merchant"."createdAt", "public"."Merchant"."updatedAt", "public"."Merchant"."deletedAt" FROM "public"."Merchant" WHERE ("public"."Merchant"."id" = $1 AND "public"."Merchant"."deletedAt" IS NULL) LIMIT $2 OFFSET $3
prisma:query SELECT "public"."PaymentRequest"."id", "public"."PaymentRequest"."merchantId", "public"."PaymentRequest"."paymentMethod"::text, "public"."PaymentRequest"."senderNumber", "public"."PaymentRequest"."trxId", "public"."PaymentRequest"."amount", "public"."PaymentRequest"."requestedTier"::text, "public"."PaymentRequest"."screenshotPath", "public"."PaymentRequest"."status"::text, "public"."PaymentRequest"."createdAt", "public"."PaymentRequest"."updatedAt", "public"."PaymentRequest"."deletedAt" FROM "public"."PaymentRequest" WHERE ("public"."PaymentRequest"."merchantId" = $1 AND "public"."PaymentRequest"."deletedAt" IS NULL) ORDER BY "public"."PaymentRequest"."createdAt" DESC LIMIT $2 OFFSET $3
 GET /api/billing 200 in 3701ms
 GET /billing/checkout 200 in 4245ms
prisma:query SELECT "public"."Merchant"."id", "public"."Merchant"."cognitoSub", "public"."Merchant"."businessName", "public"."Merchant"."category", "public"."Merchant"."phoneNumber", "public"."Merchant"."logoUrl", "public"."Merchant"."websiteUrl", "public"."Merchant"."facebookUrl", "public"."Merchant"."instagramUrl", "public"."Merchant"."subscriptionStatus"::text, "public"."Merchant"."subscriptionTier"::text, "public"."Merchant"."subscriptionExpiresAt", "public"."Merchant"."createdAt", "public"."Merchant"."updatedAt", "public"."Merchant"."deletedAt" FROM "public"."Merchant" WHERE ("public"."Merchant"."id" = $1 AND 1=1) LIMIT $2 OFFSET $3
 GET /api/auth/me 200 in 56ms
prisma:query SELECT "public"."Merchant"."id", "public"."Merchant"."cognitoSub", "public"."Merchant"."businessName", "public"."Merchant"."category", "public"."Merchant"."phoneNumber", "public"."Merchant"."logoUrl", "public"."Merchant"."websiteUrl", "public"."Merchant"."facebookUrl", "public"."Merchant"."instagramUrl", "public"."Merchant"."subscriptionStatus"::text, "public"."Merchant"."subscriptionTier"::text, "public"."Merchant"."subscriptionExpiresAt", "public"."Merchant"."createdAt", "public"."Merchant"."updatedAt", "public"."Merchant"."deletedAt" FROM "public"."Merchant" WHERE ("public"."Merchant"."id" = $1 AND 1=1) LIMIT $2 OFFSET $3
 GET /api/auth/me 200 in 62ms
 ○ Compiling /offers/new ...
 ✓ Compiled /offers/new in 2.8s (821 modules)
 GET /offers/new 200 in 3538ms
prisma:query SELECT 1
prisma:query SELECT "public"."Merchant"."id", "public"."Merchant"."cognitoSub", "public"."Merchant"."businessName", "public"."Merchant"."category", "public"."Merchant"."phoneNumber", "public"."Merchant"."logoUrl", "public"."Merchant"."websiteUrl", "public"."Merchant"."facebookUrl", "public"."Merchant"."instagramUrl", "public"."Merchant"."subscriptionStatus"::text, "public"."Merchant"."subscriptionTier"::text, "public"."Merchant"."subscriptionExpiresAt", "public"."Merchant"."createdAt", "public"."Merchant"."updatedAt", "public"."Merchant"."deletedAt" FROM "public"."Merchant" WHERE ("public"."Merchant"."id" = $1 AND 1=1) LIMIT $2 OFFSET $3
 GET /api/auth/me 200 in 87ms
prisma:query SELECT "public"."Merchant"."id", "public"."Merchant"."cognitoSub", "public"."Merchant"."businessName", "public"."Merchant"."category", "public"."Merchant"."phoneNumber", "public"."Merchant"."logoUrl", "public"."Merchant"."websiteUrl", "public"."Merchant"."facebookUrl", "public"."Merchant"."instagramUrl", "public"."Merchant"."subscriptionStatus"::text, "public"."Merchant"."subscriptionTier"::text, "public"."Merchant"."subscriptionExpiresAt", "public"."Merchant"."createdAt", "public"."Merchant"."updatedAt", "public"."Merchant"."deletedAt" FROM "public"."Merchant" WHERE ("public"."Merchant"."id" = $1 AND 1=1) LIMIT $2 OFFSET $3
 GET /api/auth/me 200 in 67ms
 ○ Compiling /offers/[id] ...
 ✓ Compiled /offers/[id] in 1683ms (825 modules)
 GET /offers/cmueb0jc1000srrgal7d5zwhz 200 in 3033ms
prisma:query SELECT "public"."Merchant"."id", "public"."Merchant"."cognitoSub", "public"."Merchant"."businessName", "public"."Merchant"."category", "public"."Merchant"."phoneNumber", "public"."Merchant"."logoUrl", "public"."Merchant"."websiteUrl", "public"."Merchant"."facebookUrl", "public"."Merchant"."instagramUrl", "public"."Merchant"."subscriptionStatus"::text, "public"."Merchant"."subscriptionTier"::text, "public"."Merchant"."subscriptionExpiresAt", "public"."Merchant"."createdAt", "public"."Merchant"."updatedAt", "public"."Merchant"."deletedAt" FROM "public"."Merchant" WHERE ("public"."Merchant"."id" = $1 AND 1=1) LIMIT $2 OFFSET $3
 GET /api/auth/me 200 in 132ms
prisma:query SELECT "public"."Merchant"."id", "public"."Merchant"."cognitoSub", "public"."Merchant"."businessName", "public"."Merchant"."category", "public"."Merchant"."phoneNumber", "public"."Merchant"."logoUrl", "public"."Merchant"."websiteUrl", "public"."Merchant"."facebookUrl", "public"."Merchant"."instagramUrl", "public"."Merchant"."subscriptionStatus"::text, "public"."Merchant"."subscriptionTier"::text, "public"."Merchant"."subscriptionExpiresAt", "public"."Merchant"."createdAt", "public"."Merchant"."updatedAt", "public"."Merchant"."deletedAt" FROM "public"."Merchant" WHERE ("public"."Merchant"."id" = $1 AND 1=1) LIMIT $2 OFFSET $3
 GET /api/auth/me 200 in 89ms
 ○ Compiling /api/offers/[id] ...
 ✓ Compiled /api/offers/[id] in 1470ms (820 modules)
prisma:query SELECT "public"."Merchant"."id", "public"."Merchant"."cognitoSub", "public"."Merchant"."businessName", "public"."Merchant"."category", "public"."Merchant"."phoneNumber", "public"."Merchant"."logoUrl", "public"."Merchant"."websiteUrl", "public"."Merchant"."facebookUrl", "public"."Merchant"."instagramUrl", "public"."Merchant"."subscriptionStatus"::text, "public"."Merchant"."subscriptionTier"::text, "public"."Merchant"."subscriptionExpiresAt", "public"."Merchant"."createdAt", "public"."Merchant"."updatedAt", "public"."Merchant"."deletedAt" FROM "public"."Merchant" WHERE ("public"."Merchant"."id" = $1 AND "public"."Merchant"."deletedAt" IS NULL) LIMIT $2 OFFSET $3
prisma:query SELECT "public"."Offer"."id", "public"."Offer"."merchantId", "public"."Offer"."title", "public"."Offer"."offerType"::text, "public"."Offer"."rewardType"::text, "public"."Offer"."requiredStamps", "public"."Offer"."scratchMode"::text, "public"."Offer"."scratchCursor", "public"."Offer"."scratchOrder", "public"."Offer"."durationDays", "public"."Offer"."posterTemplateUrl", "public"."Offer"."finalPosterUrl", "public"."Offer"."isActive", "public"."Offer"."createdAt", "public"."Offer"."updatedAt", "public"."Offer"."deletedAt" FROM "public"."Offer" WHERE ("public"."Offer"."id" = $1 AND "public"."Offer"."merchantId" = $2 AND "public"."Offer"."deletedAt" IS NULL) LIMIT $3 OFFSET $4
prisma:query SELECT "public"."ScratchItem"."id", "public"."ScratchItem"."offerId", "public"."ScratchItem"."label", "public"."ScratchItem"."sortOrder", "public"."ScratchItem"."createdAt", "public"."ScratchItem"."updatedAt" FROM "public"."ScratchItem" WHERE "public"."ScratchItem"."offerId" IN ($1) ORDER BY "public"."ScratchItem"."sortOrder" ASC OFFSET $2
 GET /api/offers/cmueb0jc1000srrgal7d5zwhz 200 in 1979ms
prisma:query SELECT "public"."Merchant"."id", "public"."Merchant"."cognitoSub", "public"."Merchant"."businessName", "public"."Merchant"."category", "public"."Merchant"."phoneNumber", "public"."Merchant"."logoUrl", "public"."Merchant"."websiteUrl", "public"."Merchant"."facebookUrl", "public"."Merchant"."instagramUrl", "public"."Merchant"."subscriptionStatus"::text, "public"."Merchant"."subscriptionTier"::text, "public"."Merchant"."subscriptionExpiresAt", "public"."Merchant"."createdAt", "public"."Merchant"."updatedAt", "public"."Merchant"."deletedAt" FROM "public"."Merchant" WHERE ("public"."Merchant"."id" = $1 AND "public"."Merchant"."deletedAt" IS NULL) LIMIT $2 OFFSET $3
prisma:query SELECT "public"."Offer"."id", "public"."Offer"."merchantId", "public"."Offer"."title", "public"."Offer"."offerType"::text, "public"."Offer"."rewardType"::text, "public"."Offer"."requiredStamps", "public"."Offer"."scratchMode"::text, "public"."Offer"."scratchCursor", "public"."Offer"."scratchOrder", "public"."Offer"."durationDays", "public"."Offer"."posterTemplateUrl", "public"."Offer"."finalPosterUrl", "public"."Offer"."isActive", "public"."Offer"."createdAt", "public"."Offer"."updatedAt", "public"."Offer"."deletedAt" FROM "public"."Offer" WHERE ("public"."Offer"."id" = $1 AND "public"."Offer"."merchantId" = $2 AND "public"."Offer"."deletedAt" IS NULL) LIMIT $3 OFFSET $4
prisma:query SELECT "public"."ScratchItem"."id", "public"."ScratchItem"."offerId", "public"."ScratchItem"."label", "public"."ScratchItem"."sortOrder", "public"."ScratchItem"."createdAt", "public"."ScratchItem"."updatedAt" FROM "public"."ScratchItem" WHERE "public"."ScratchItem"."offerId" IN ($1) ORDER BY "public"."ScratchItem"."sortOrder" ASC OFFSET $2
 GET /api/offers/cmueb0jc1000srrgal7d5zwhz 200 in 113ms
 ○ Compiling /offers/[id]/qr ...
 ✓ Compiled /offers/[id]/qr in 2.7s (827 modules)
 GET /offers/cmueb0jc1000srrgal7d5zwhz/qr 200 in 3714ms
prisma:query SELECT 1
prisma:query SELECT "public"."Merchant"."id", "public"."Merchant"."cognitoSub", "public"."Merchant"."businessName", "public"."Merchant"."category", "public"."Merchant"."phoneNumber", "public"."Merchant"."logoUrl", "public"."Merchant"."websiteUrl", "public"."Merchant"."facebookUrl", "public"."Merchant"."instagramUrl", "public"."Merchant"."subscriptionStatus"::text, "public"."Merchant"."subscriptionTier"::text, "public"."Merchant"."subscriptionExpiresAt", "public"."Merchant"."createdAt", "public"."Merchant"."updatedAt", "public"."Merchant"."deletedAt" FROM "public"."Merchant" WHERE ("public"."Merchant"."id" = $1 AND 1=1) LIMIT $2 OFFSET $3
 GET /api/auth/me 200 in 45ms
prisma:query SELECT "public"."Merchant"."id", "public"."Merchant"."cognitoSub", "public"."Merchant"."businessName", "public"."Merchant"."category", "public"."Merchant"."phoneNumber", "public"."Merchant"."logoUrl", "public"."Merchant"."websiteUrl", "public"."Merchant"."facebookUrl", "public"."Merchant"."instagramUrl", "public"."Merchant"."subscriptionStatus"::text, "public"."Merchant"."subscriptionTier"::text, "public"."Merchant"."subscriptionExpiresAt", "public"."Merchant"."createdAt", "public"."Merchant"."updatedAt", "public"."Merchant"."deletedAt" FROM "public"."Merchant" WHERE ("public"."Merchant"."id" = $1 AND 1=1) LIMIT $2 OFFSET $3
 GET /api/auth/me 200 in 73ms
 ○ Compiling /api/offers/[id]/qr ...
 ✓ Compiled /api/offers/[id]/qr in 1464ms (885 modules)
prisma:query SELECT "public"."Merchant"."id", "public"."Merchant"."cognitoSub", "public"."Merchant"."businessName", "public"."Merchant"."category", "public"."Merchant"."phoneNumber", "public"."Merchant"."logoUrl", "public"."Merchant"."websiteUrl", "public"."Merchant"."facebookUrl", "public"."Merchant"."instagramUrl", "public"."Merchant"."subscriptionStatus"::text, "public"."Merchant"."subscriptionTier"::text, "public"."Merchant"."subscriptionExpiresAt", "public"."Merchant"."createdAt", "public"."Merchant"."updatedAt", "public"."Merchant"."deletedAt" FROM "public"."Merchant" WHERE ("public"."Merchant"."id" = $1 AND "public"."Merchant"."deletedAt" IS NULL) LIMIT $2 OFFSET $3
prisma:query SELECT "public"."Offer"."id", "public"."Offer"."merchantId", "public"."Offer"."title", "public"."Offer"."offerType"::text, "public"."Offer"."rewardType"::text, "public"."Offer"."requiredStamps", "public"."Offer"."scratchMode"::text, "public"."Offer"."scratchCursor", "public"."Offer"."scratchOrder", "public"."Offer"."durationDays", "public"."Offer"."posterTemplateUrl", "public"."Offer"."finalPosterUrl", "public"."Offer"."isActive", "public"."Offer"."createdAt", "public"."Offer"."updatedAt", "public"."Offer"."deletedAt" FROM "public"."Offer" WHERE ("public"."Offer"."id" = $1 AND "public"."Offer"."merchantId" = $2 AND "public"."Offer"."deletedAt" IS NULL) LIMIT $3 OFFSET $4
prisma:query SELECT "public"."ScratchItem"."id", "public"."ScratchItem"."offerId", "public"."ScratchItem"."label", "public"."ScratchItem"."sortOrder", "public"."ScratchItem"."createdAt", "public"."ScratchItem"."updatedAt" FROM "public"."ScratchItem" WHERE "public"."ScratchItem"."offerId" IN ($1) ORDER BY "public"."ScratchItem"."sortOrder" ASC OFFSET $2
 GET /api/offers/cmueb0jc1000srrgal7d5zwhz/qr 200 in 3970ms
prisma:query SELECT "public"."Merchant"."id", "public"."Merchant"."cognitoSub", "public"."Merchant"."businessName", "public"."Merchant"."category", "public"."Merchant"."phoneNumber", "public"."Merchant"."logoUrl", "public"."Merchant"."websiteUrl", "public"."Merchant"."facebookUrl", "public"."Merchant"."instagramUrl", "public"."Merchant"."subscriptionStatus"::text, "public"."Merchant"."subscriptionTier"::text, "public"."Merchant"."subscriptionExpiresAt", "public"."Merchant"."createdAt", "public"."Merchant"."updatedAt", "public"."Merchant"."deletedAt" FROM "public"."Merchant" WHERE ("public"."Merchant"."id" = $1 AND "public"."Merchant"."deletedAt" IS NULL) LIMIT $2 OFFSET $3
prisma:query SELECT "public"."Offer"."id", "public"."Offer"."merchantId", "public"."Offer"."title", "public"."Offer"."offerType"::text, "public"."Offer"."rewardType"::text, "public"."Offer"."requiredStamps", "public"."Offer"."scratchMode"::text, "public"."Offer"."scratchCursor", "public"."Offer"."scratchOrder", "public"."Offer"."durationDays", "public"."Offer"."posterTemplateUrl", "public"."Offer"."finalPosterUrl", "public"."Offer"."isActive", "public"."Offer"."createdAt", "public"."Offer"."updatedAt", "public"."Offer"."deletedAt" FROM "public"."Offer" WHERE ("public"."Offer"."id" = $1 AND "public"."Offer"."merchantId" = $2 AND "public"."Offer"."deletedAt" IS NULL) LIMIT $3 OFFSET $4
prisma:query SELECT "public"."ScratchItem"."id", "public"."ScratchItem"."offerId", "public"."ScratchItem"."label", "public"."ScratchItem"."sortOrder", "public"."ScratchItem"."createdAt", "public"."ScratchItem"."updatedAt" FROM "public"."ScratchItem" WHERE "public"."ScratchItem"."offerId" IN ($1) ORDER BY "public"."ScratchItem"."sortOrder" ASC OFFSET $2
 ○ Compiling /settings ...
 GET /api/offers/cmueb0jc1000srrgal7d5zwhz/qr 200 in 1972ms
 ✓ Compiled /settings in 4s (892 modules)
 GET /settings 200 in 4750ms
prisma:query SELECT "public"."Merchant"."id", "public"."Merchant"."cognitoSub", "public"."Merchant"."businessName", "public"."Merchant"."category", "public"."Merchant"."phoneNumber", "public"."Merchant"."logoUrl", "public"."Merchant"."websiteUrl", "public"."Merchant"."facebookUrl", "public"."Merchant"."instagramUrl", "public"."Merchant"."subscriptionStatus"::text, "public"."Merchant"."subscriptionTier"::text, "public"."Merchant"."subscriptionExpiresAt", "public"."Merchant"."createdAt", "public"."Merchant"."updatedAt", "public"."Merchant"."deletedAt" FROM "public"."Merchant" WHERE ("public"."Merchant"."id" = $1 AND 1=1) LIMIT $2 OFFSET $3
 GET /api/auth/me 200 in 160ms
prisma:query SELECT "public"."Merchant"."id", "public"."Merchant"."cognitoSub", "public"."Merchant"."businessName", "public"."Merchant"."category", "public"."Merchant"."phoneNumber", "public"."Merchant"."logoUrl", "public"."Merchant"."websiteUrl", "public"."Merchant"."facebookUrl", "public"."Merchant"."instagramUrl", "public"."Merchant"."subscriptionStatus"::text, "public"."Merchant"."subscriptionTier"::text, "public"."Merchant"."subscriptionExpiresAt", "public"."Merchant"."createdAt", "public"."Merchant"."updatedAt", "public"."Merchant"."deletedAt" FROM "public"."Merchant" WHERE ("public"."Merchant"."id" = $1 AND 1=1) LIMIT $2 OFFSET $3
 GET /api/auth/me 200 in 55ms
 ○ Compiling /api/merchant/settings ...
 ✓ Compiled /api/merchant/settings in 1448ms (894 modules)
prisma:query SELECT "public"."Merchant"."id", "public"."Merchant"."cognitoSub", "public"."Merchant"."businessName", "public"."Merchant"."category", "public"."Merchant"."phoneNumber", "public"."Merchant"."logoUrl", "public"."Merchant"."websiteUrl", "public"."Merchant"."facebookUrl", "public"."Merchant"."instagramUrl", "public"."Merchant"."subscriptionStatus"::text, "public"."Merchant"."subscriptionTier"::text, "public"."Merchant"."subscriptionExpiresAt", "public"."Merchant"."createdAt", "public"."Merchant"."updatedAt", "public"."Merchant"."deletedAt" FROM "public"."Merchant" WHERE ("public"."Merchant"."id" = $1 AND "public"."Merchant"."deletedAt" IS NULL) LIMIT $2 OFFSET $3
 GET /api/merchant/settings 200 in 1851ms
prisma:query SELECT "public"."Merchant"."id", "public"."Merchant"."cognitoSub", "public"."Merchant"."businessName", "public"."Merchant"."category", "public"."Merchant"."phoneNumber", "public"."Merchant"."logoUrl", "public"."Merchant"."websiteUrl", "public"."Merchant"."facebookUrl", "public"."Merchant"."instagramUrl", "public"."Merchant"."subscriptionStatus"::text, "public"."Merchant"."subscriptionTier"::text, "public"."Merchant"."subscriptionExpiresAt", "public"."Merchant"."createdAt", "public"."Merchant"."updatedAt", "public"."Merchant"."deletedAt" FROM "public"."Merchant" WHERE ("public"."Merchant"."id" = $1 AND "public"."Merchant"."deletedAt" IS NULL) LIMIT $2 OFFSET $3
 GET /api/merchant/settings 200 in 167ms
 ○ Compiling /api/auth/otp/send ...
 ✓ Compiled /api/auth/otp/send in 1997ms (897 modules)
[OTP:dev] 01674372768 -> 892645
 POST /api/auth/otp/send 200 in 2482ms
 ○ Compiling /api/auth/otp/verify ...
 ✓ Compiled /api/auth/otp/verify in 1880ms (899 modules)
prisma:query SELECT 1
prisma:query SELECT "public"."Merchant"."id", "public"."Merchant"."cognitoSub", "public"."Merchant"."businessName", "public"."Merchant"."category", "public"."Merchant"."phoneNumber", "public"."Merchant"."logoUrl", "public"."Merchant"."websiteUrl", "public"."Merchant"."facebookUrl", "public"."Merchant"."instagramUrl", "public"."Merchant"."subscriptionStatus"::text, "public"."Merchant"."subscriptionTier"::text, "public"."Merchant"."subscriptionExpiresAt", "public"."Merchant"."createdAt", "public"."Merchant"."updatedAt", "public"."Merchant"."deletedAt" FROM "public"."Merchant" WHERE ("public"."Merchant"."phoneNumber" = $1 AND 1=1) LIMIT $2 OFFSET $3
 POST /api/auth/otp/verify 200 in 2292ms
 ○ Compiling /scan/[offerId] ...
 ✓ Compiled /scan/[offerId] in 2.1s (899 modules)
 GET /scan/cmueb0jc1000srrgal7d5zwhz 200 in 2844ms
 ○ Compiling /api/customer/offers/[offerId] ...
 ✓ Compiled /api/customer/offers/[offerId] in 1360ms (903 modules)
prisma:query SELECT "public"."Offer"."id", "public"."Offer"."merchantId", "public"."Offer"."title", "public"."Offer"."offerType"::text, "public"."Offer"."rewardType"::text, "public"."Offer"."requiredStamps", "public"."Offer"."scratchMode"::text, "public"."Offer"."scratchCursor", "public"."Offer"."scratchOrder", "public"."Offer"."durationDays", "public"."Offer"."posterTemplateUrl", "public"."Offer"."finalPosterUrl", "public"."Offer"."isActive", "public"."Offer"."createdAt", "public"."Offer"."updatedAt", "public"."Offer"."deletedAt" FROM "public"."Offer" WHERE ("public"."Offer"."id" = $1 AND "public"."Offer"."deletedAt" IS NULL) LIMIT $2 OFFSET $3
prisma:query SELECT "public"."Merchant"."id", "public"."Merchant"."cognitoSub", "public"."Merchant"."businessName", "public"."Merchant"."category", "public"."Merchant"."phoneNumber", "public"."Merchant"."logoUrl", "public"."Merchant"."websiteUrl", "public"."Merchant"."facebookUrl", "public"."Merchant"."instagramUrl", "public"."Merchant"."subscriptionStatus"::text, "public"."Merchant"."subscriptionTier"::text, "public"."Merchant"."subscriptionExpiresAt", "public"."Merchant"."createdAt", "public"."Merchant"."updatedAt", "public"."Merchant"."deletedAt" FROM "public"."Merchant" WHERE "public"."Merchant"."id" IN ($1) OFFSET $2
prisma:query SELECT 1
prisma:query SELECT "public"."Branch"."id", "public"."Branch"."merchantId", "public"."Branch"."branchName", "public"."Branch"."address", "public"."Branch"."latitude", "public"."Branch"."longitude", "public"."Branch"."createdAt", "public"."Branch"."updatedAt", "public"."Branch"."deletedAt" FROM "public"."Branch" WHERE ("public"."Branch"."deletedAt" IS NULL AND "public"."Branch"."merchantId" IN ($1)) OFFSET $2
prisma:query SELECT "public"."Merchant"."id", "public"."Merchant"."cognitoSub", "public"."Merchant"."businessName", "public"."Merchant"."category", "public"."Merchant"."phoneNumber", "public"."Merchant"."logoUrl", "public"."Merchant"."websiteUrl", "public"."Merchant"."facebookUrl", "public"."Merchant"."instagramUrl", "public"."Merchant"."subscriptionStatus"::text, "public"."Merchant"."subscriptionTier"::text, "public"."Merchant"."subscriptionExpiresAt", "public"."Merchant"."createdAt", "public"."Merchant"."updatedAt", "public"."Merchant"."deletedAt" FROM "public"."Merchant" WHERE ("public"."Merchant"."id" = $1 AND 1=1) LIMIT $2 OFFSET $3
prisma:query SELECT "public"."ScratchItem"."id", "public"."ScratchItem"."offerId" FROM "public"."ScratchItem" WHERE "public"."ScratchItem"."offerId" IN ($1) OFFSET $2
 GET /api/auth/me 200 in 3608ms
prisma:query SELECT "public"."CustomerStamp"."id", "public"."CustomerStamp"."merchantId", "public"."CustomerStamp"."customerPhone", "public"."CustomerStamp"."stampsCollected", "public"."CustomerStamp"."totalRedeemed", "public"."CustomerStamp"."lastScannedAt", "public"."CustomerStamp"."lastReviewAt", "public"."CustomerStamp"."createdAt", "public"."CustomerStamp"."updatedAt", "public"."CustomerStamp"."deletedAt" FROM "public"."CustomerStamp" WHERE (("public"."CustomerStamp"."merchantId" = $1 AND "public"."CustomerStamp"."customerPhone" = $2) AND 1=1) LIMIT $3 OFFSET $4
 GET /api/customer/offers/cmueb0jc1000srrgal7d5zwhz 200 in 3658ms
 ○ Compiling /stamp-card ...
 ✓ Compiled /stamp-card in 2.8s (909 modules)
prisma:query SELECT 1
prisma:query SELECT "public"."Offer"."id", "public"."Offer"."merchantId", "public"."Offer"."title", "public"."Offer"."offerType"::text, "public"."Offer"."rewardType"::text, "public"."Offer"."requiredStamps", "public"."Offer"."scratchMode"::text, "public"."Offer"."scratchCursor", "public"."Offer"."scratchOrder", "public"."Offer"."durationDays", "public"."Offer"."posterTemplateUrl", "public"."Offer"."finalPosterUrl", "public"."Offer"."isActive", "public"."Offer"."createdAt", "public"."Offer"."updatedAt", "public"."Offer"."deletedAt" FROM "public"."Offer" WHERE ("public"."Offer"."id" = $1 AND "public"."Offer"."deletedAt" IS NULL) LIMIT $2 OFFSET $3
prisma:query SELECT "public"."Merchant"."id", "public"."Merchant"."cognitoSub", "public"."Merchant"."businessName", "public"."Merchant"."category", "public"."Merchant"."phoneNumber", "public"."Merchant"."logoUrl", "public"."Merchant"."websiteUrl", "public"."Merchant"."facebookUrl", "public"."Merchant"."instagramUrl", "public"."Merchant"."subscriptionStatus"::text, "public"."Merchant"."subscriptionTier"::text, "public"."Merchant"."subscriptionExpiresAt", "public"."Merchant"."createdAt", "public"."Merchant"."updatedAt", "public"."Merchant"."deletedAt" FROM "public"."Merchant" WHERE "public"."Merchant"."id" IN ($1) OFFSET $2
prisma:query SELECT "public"."Branch"."id", "public"."Branch"."merchantId", "public"."Branch"."branchName", "public"."Branch"."address", "public"."Branch"."latitude", "public"."Branch"."longitude", "public"."Branch"."createdAt", "public"."Branch"."updatedAt", "public"."Branch"."deletedAt" FROM "public"."Branch" WHERE ("public"."Branch"."deletedAt" IS NULL AND "public"."Branch"."merchantId" IN ($1)) OFFSET $2
prisma:query SELECT "public"."ScratchItem"."id", "public"."ScratchItem"."offerId" FROM "public"."ScratchItem" WHERE "public"."ScratchItem"."offerId" IN ($1) OFFSET $2
prisma:query SELECT "public"."Merchant"."id", "public"."Merchant"."cognitoSub", "public"."Merchant"."businessName", "public"."Merchant"."category", "public"."Merchant"."phoneNumber", "public"."Merchant"."logoUrl", "public"."Merchant"."websiteUrl", "public"."Merchant"."facebookUrl", "public"."Merchant"."instagramUrl", "public"."Merchant"."subscriptionStatus"::text, "public"."Merchant"."subscriptionTier"::text, "public"."Merchant"."subscriptionExpiresAt", "public"."Merchant"."createdAt", "public"."Merchant"."updatedAt", "public"."Merchant"."deletedAt" FROM "public"."Merchant" WHERE ("public"."Merchant"."id" = $1 AND 1=1) LIMIT $2 OFFSET $3
 GET /api/auth/me 200 in 5433ms
prisma:query SELECT "public"."CustomerStamp"."id", "public"."CustomerStamp"."merchantId", "public"."CustomerStamp"."customerPhone", "public"."CustomerStamp"."stampsCollected", "public"."CustomerStamp"."totalRedeemed", "public"."CustomerStamp"."lastScannedAt", "public"."CustomerStamp"."lastReviewAt", "public"."CustomerStamp"."createdAt", "public"."CustomerStamp"."updatedAt", "public"."CustomerStamp"."deletedAt" FROM "public"."CustomerStamp" WHERE (("public"."CustomerStamp"."merchantId" = $1 AND "public"."CustomerStamp"."customerPhone" = $2) AND 1=1) LIMIT $3 OFFSET $4
 GET /api/customer/offers/cmueb0jc1000srrgal7d5zwhz 200 in 5056ms
 GET /stamp-card 200 in 6665ms
 ○ Compiling /api/customer/cards ...
 ✓ Compiled /api/customer/cards in 1741ms (911 modules)
 ○ Compiling /reward ...
 ✓ Compiled /reward in 1772ms (916 modules)
prisma:query SELECT "public"."CustomerStamp"."id", "public"."CustomerStamp"."merchantId", "public"."CustomerStamp"."customerPhone", "public"."CustomerStamp"."stampsCollected", "public"."CustomerStamp"."totalRedeemed", "public"."CustomerStamp"."lastScannedAt", "public"."CustomerStamp"."lastReviewAt", "public"."CustomerStamp"."createdAt", "public"."CustomerStamp"."updatedAt", "public"."CustomerStamp"."deletedAt" FROM "public"."CustomerStamp" WHERE ("public"."CustomerStamp"."customerPhone" = $1 AND "public"."CustomerStamp"."deletedAt" IS NULL) ORDER BY "public"."CustomerStamp"."updatedAt" DESC OFFSET $2
prisma:query SELECT "public"."Merchant"."id", "public"."Merchant"."businessName", "public"."Merchant"."category", "public"."Merchant"."logoUrl", "public"."Merchant"."deletedAt" FROM "public"."Merchant" WHERE "public"."Merchant"."id" IN ($1,$2) OFFSET $3
prisma:query SELECT "public"."Merchant"."id", "public"."Merchant"."cognitoSub", "public"."Merchant"."businessName", "public"."Merchant"."category", "public"."Merchant"."phoneNumber", "public"."Merchant"."logoUrl", "public"."Merchant"."websiteUrl", "public"."Merchant"."facebookUrl", "public"."Merchant"."instagramUrl", "public"."Merchant"."subscriptionStatus"::text, "public"."Merchant"."subscriptionTier"::text, "public"."Merchant"."subscriptionExpiresAt", "public"."Merchant"."createdAt", "public"."Merchant"."updatedAt", "public"."Merchant"."deletedAt" FROM "public"."Merchant" WHERE ("public"."Merchant"."id" = $1 AND 1=1) LIMIT $2 OFFSET $3
prisma:query SELECT 1
 GET /api/auth/me 200 in 8925ms
prisma:query SELECT "public"."Offer"."id", "public"."Offer"."title", "public"."Offer"."rewardType"::text, "public"."Offer"."requiredStamps", "public"."Offer"."isActive", "public"."Offer"."createdAt" FROM "public"."Offer" WHERE ("public"."Offer"."merchantId" = $1 AND "public"."Offer"."deletedAt" IS NULL AND "public"."Offer"."isActive" = $2 AND "public"."Offer"."offerType" = CAST($3::text AS "public"."OfferType")) ORDER BY "public"."Offer"."createdAt" DESC LIMIT $4 OFFSET $5
prisma:query SELECT "public"."Offer"."id", "public"."Offer"."title", "public"."Offer"."rewardType"::text, "public"."Offer"."requiredStamps", "public"."Offer"."isActive", "public"."Offer"."createdAt" FROM "public"."Offer" WHERE ("public"."Offer"."merchantId" = $1 AND "public"."Offer"."deletedAt" IS NULL AND "public"."Offer"."isActive" = $2 AND "public"."Offer"."offerType" = CAST($3::text AS "public"."OfferType")) ORDER BY "public"."Offer"."createdAt" DESC LIMIT $4 OFFSET $5
 GET /api/customer/cards 200 in 9005ms
 GET /api/auth/me 200 in 810ms
prisma:query SELECT "public"."Merchant"."id", "public"."Merchant"."cognitoSub", "public"."Merchant"."businessName", "public"."Merchant"."category", "public"."Merchant"."phoneNumber", "public"."Merchant"."logoUrl", "public"."Merchant"."websiteUrl", "public"."Merchant"."facebookUrl", "public"."Merchant"."instagramUrl", "public"."Merchant"."subscriptionStatus"::text, "public"."Merchant"."subscriptionTier"::text, "public"."Merchant"."subscriptionExpiresAt", "public"."Merchant"."createdAt", "public"."Merchant"."updatedAt", "public"."Merchant"."deletedAt" FROM "public"."Merchant" WHERE ("public"."Merchant"."id" = $1 AND 1=1) LIMIT $2 OFFSET $3
 GET /reward 200 in 6859ms
prisma:query SELECT "public"."CustomerStamp"."id", "public"."CustomerStamp"."merchantId", "public"."CustomerStamp"."customerPhone", "public"."CustomerStamp"."stampsCollected", "public"."CustomerStamp"."totalRedeemed", "public"."CustomerStamp"."lastScannedAt", "public"."CustomerStamp"."lastReviewAt", "public"."CustomerStamp"."createdAt", "public"."CustomerStamp"."updatedAt", "public"."CustomerStamp"."deletedAt" FROM "public"."CustomerStamp" WHERE ("public"."CustomerStamp"."customerPhone" = $1 AND "public"."CustomerStamp"."deletedAt" IS NULL) ORDER BY "public"."CustomerStamp"."updatedAt" DESC OFFSET $2
prisma:query SELECT "public"."Merchant"."id", "public"."Merchant"."businessName", "public"."Merchant"."category", "public"."Merchant"."logoUrl", "public"."Merchant"."deletedAt" FROM "public"."Merchant" WHERE "public"."Merchant"."id" IN ($1,$2) OFFSET $3
prisma:query SELECT "public"."Offer"."id", "public"."Offer"."title", "public"."Offer"."rewardType"::text, "public"."Offer"."requiredStamps", "public"."Offer"."isActive", "public"."Offer"."createdAt" FROM "public"."Offer" WHERE ("public"."Offer"."merchantId" = $1 AND "public"."Offer"."deletedAt" IS NULL AND "public"."Offer"."isActive" = $2 AND "public"."Offer"."offerType" = CAST($3::text AS "public"."OfferType")) ORDER BY "public"."Offer"."createdAt" DESC LIMIT $4 OFFSET $5
prisma:query SELECT "public"."Offer"."id", "public"."Offer"."title", "public"."Offer"."rewardType"::text, "public"."Offer"."requiredStamps", "public"."Offer"."isActive", "public"."Offer"."createdAt" FROM "public"."Offer" WHERE ("public"."Offer"."merchantId" = $1 AND "public"."Offer"."deletedAt" IS NULL AND "public"."Offer"."isActive" = $2 AND "public"."Offer"."offerType" = CAST($3::text AS "public"."OfferType")) ORDER BY "public"."Offer"."createdAt" DESC LIMIT $4 OFFSET $5
prisma:query SELECT "public"."CustomerStamp"."id", "public"."CustomerStamp"."merchantId", "public"."CustomerStamp"."customerPhone", "public"."CustomerStamp"."stampsCollected", "public"."CustomerStamp"."totalRedeemed", "public"."CustomerStamp"."lastScannedAt", "public"."CustomerStamp"."lastReviewAt", "public"."CustomerStamp"."createdAt", "public"."CustomerStamp"."updatedAt", "public"."CustomerStamp"."deletedAt" FROM "public"."CustomerStamp" WHERE ("public"."CustomerStamp"."customerPhone" = $1 AND "public"."CustomerStamp"."deletedAt" IS NULL) ORDER BY "public"."CustomerStamp"."updatedAt" DESC OFFSET $2
prisma:query SELECT "public"."Merchant"."id", "public"."Merchant"."businessName", "public"."Merchant"."category", "public"."Merchant"."logoUrl", "public"."Merchant"."deletedAt" FROM "public"."Merchant" WHERE "public"."Merchant"."id" IN ($1,$2) OFFSET $3
prisma:query SELECT "public"."Offer"."id", "public"."Offer"."title", "public"."Offer"."rewardType"::text, "public"."Offer"."requiredStamps", "public"."Offer"."isActive", "public"."Offer"."createdAt" FROM "public"."Offer" WHERE ("public"."Offer"."merchantId" = $1 AND "public"."Offer"."deletedAt" IS NULL AND "public"."Offer"."isActive" = $2 AND "public"."Offer"."offerType" = CAST($3::text AS "public"."OfferType")) ORDER BY "public"."Offer"."createdAt" DESC LIMIT $4 OFFSET $5
prisma:query SELECT "public"."Merchant"."id", "public"."Merchant"."cognitoSub", "public"."Merchant"."businessName", "public"."Merchant"."category", "public"."Merchant"."phoneNumber", "public"."Merchant"."logoUrl", "public"."Merchant"."websiteUrl", "public"."Merchant"."facebookUrl", "public"."Merchant"."instagramUrl", "public"."Merchant"."subscriptionStatus"::text, "public"."Merchant"."subscriptionTier"::text, "public"."Merchant"."subscriptionExpiresAt", "public"."Merchant"."createdAt", "public"."Merchant"."updatedAt", "public"."Merchant"."deletedAt" FROM "public"."Merchant" WHERE ("public"."Merchant"."id" = $1 AND 1=1) LIMIT $2 OFFSET $3
 GET /api/auth/me 200 in 159ms
prisma:query SELECT "public"."Offer"."id", "public"."Offer"."title", "public"."Offer"."rewardType"::text, "public"."Offer"."requiredStamps", "public"."Offer"."isActive", "public"."Offer"."createdAt" FROM "public"."Offer" WHERE ("public"."Offer"."merchantId" = $1 AND "public"."Offer"."deletedAt" IS NULL AND "public"."Offer"."isActive" = $2 AND "public"."Offer"."offerType" = CAST($3::text AS "public"."OfferType")) ORDER BY "public"."Offer"."createdAt" DESC LIMIT $4 OFFSET $5
 GET /api/customer/cards 200 in 180ms
prisma:query SELECT "public"."Merchant"."id", "public"."Merchant"."cognitoSub", "public"."Merchant"."businessName", "public"."Merchant"."category", "public"."Merchant"."phoneNumber", "public"."Merchant"."logoUrl", "public"."Merchant"."websiteUrl", "public"."Merchant"."facebookUrl", "public"."Merchant"."instagramUrl", "public"."Merchant"."subscriptionStatus"::text, "public"."Merchant"."subscriptionTier"::text, "public"."Merchant"."subscriptionExpiresAt", "public"."Merchant"."createdAt", "public"."Merchant"."updatedAt", "public"."Merchant"."deletedAt" FROM "public"."Merchant" WHERE ("public"."Merchant"."id" = $1 AND 1=1) LIMIT $2 OFFSET $3
 GET /api/auth/me 200 in 143ms
prisma:query SELECT "public"."CustomerStamp"."id", "public"."CustomerStamp"."merchantId", "public"."CustomerStamp"."customerPhone", "public"."CustomerStamp"."stampsCollected", "public"."CustomerStamp"."totalRedeemed", "public"."CustomerStamp"."lastScannedAt", "public"."CustomerStamp"."lastReviewAt", "public"."CustomerStamp"."createdAt", "public"."CustomerStamp"."updatedAt", "public"."CustomerStamp"."deletedAt" FROM "public"."CustomerStamp" WHERE ("public"."CustomerStamp"."customerPhone" = $1 AND "public"."CustomerStamp"."deletedAt" IS NULL) ORDER BY "public"."CustomerStamp"."updatedAt" DESC OFFSET $2
prisma:query SELECT "public"."Merchant"."id", "public"."Merchant"."businessName", "public"."Merchant"."category", "public"."Merchant"."logoUrl", "public"."Merchant"."deletedAt" FROM "public"."Merchant" WHERE "public"."Merchant"."id" IN ($1,$2) OFFSET $3
prisma:query SELECT "public"."Offer"."id", "public"."Offer"."title", "public"."Offer"."rewardType"::text, "public"."Offer"."requiredStamps", "public"."Offer"."isActive", "public"."Offer"."createdAt" FROM "public"."Offer" WHERE ("public"."Offer"."merchantId" = $1 AND "public"."Offer"."deletedAt" IS NULL AND "public"."Offer"."isActive" = $2 AND "public"."Offer"."offerType" = CAST($3::text AS "public"."OfferType")) ORDER BY "public"."Offer"."createdAt" DESC LIMIT $4 OFFSET $5
prisma:query SELECT "public"."Offer"."id", "public"."Offer"."title", "public"."Offer"."rewardType"::text, "public"."Offer"."requiredStamps", "public"."Offer"."isActive", "public"."Offer"."createdAt" FROM "public"."Offer" WHERE ("public"."Offer"."merchantId" = $1 AND "public"."Offer"."deletedAt" IS NULL AND "public"."Offer"."isActive" = $2 AND "public"."Offer"."offerType" = CAST($3::text AS "public"."OfferType")) ORDER BY "public"."Offer"."createdAt" DESC LIMIT $4 OFFSET $5
 GET /api/customer/cards 200 in 206ms
 ○ Compiling /profile ...
 ✓ Compiled /profile in 1844ms (919 modules)
 GET /profile 200 in 2777ms
prisma:query SELECT "public"."Merchant"."id", "public"."Merchant"."cognitoSub", "public"."Merchant"."businessName", "public"."Merchant"."category", "public"."Merchant"."phoneNumber", "public"."Merchant"."logoUrl", "public"."Merchant"."websiteUrl", "public"."Merchant"."facebookUrl", "public"."Merchant"."instagramUrl", "public"."Merchant"."subscriptionStatus"::text, "public"."Merchant"."subscriptionTier"::text, "public"."Merchant"."subscriptionExpiresAt", "public"."Merchant"."createdAt", "public"."Merchant"."updatedAt", "public"."Merchant"."deletedAt" FROM "public"."Merchant" WHERE ("public"."Merchant"."id" = $1 AND 1=1) LIMIT $2 OFFSET $3
 GET /api/auth/me 200 in 204ms
prisma:query SELECT "public"."CustomerStamp"."id", "public"."CustomerStamp"."merchantId", "public"."CustomerStamp"."customerPhone", "public"."CustomerStamp"."stampsCollected", "public"."CustomerStamp"."totalRedeemed", "public"."CustomerStamp"."lastScannedAt", "public"."CustomerStamp"."lastReviewAt", "public"."CustomerStamp"."createdAt", "public"."CustomerStamp"."updatedAt", "public"."CustomerStamp"."deletedAt" FROM "public"."CustomerStamp" WHERE ("public"."CustomerStamp"."customerPhone" = $1 AND "public"."CustomerStamp"."deletedAt" IS NULL) ORDER BY "public"."CustomerStamp"."updatedAt" DESC OFFSET $2
prisma:query SELECT "public"."Merchant"."id", "public"."Merchant"."businessName", "public"."Merchant"."category", "public"."Merchant"."logoUrl", "public"."Merchant"."deletedAt" FROM "public"."Merchant" WHERE "public"."Merchant"."id" IN ($1,$2) OFFSET $3
prisma:query SELECT "public"."Offer"."id", "public"."Offer"."title", "public"."Offer"."rewardType"::text, "public"."Offer"."requiredStamps", "public"."Offer"."isActive", "public"."Offer"."createdAt" FROM "public"."Offer" WHERE ("public"."Offer"."merchantId" = $1 AND "public"."Offer"."deletedAt" IS NULL AND "public"."Offer"."isActive" = $2 AND "public"."Offer"."offerType" = CAST($3::text AS "public"."OfferType")) ORDER BY "public"."Offer"."createdAt" DESC LIMIT $4 OFFSET $5
prisma:query SELECT "public"."Offer"."id", "public"."Offer"."title", "public"."Offer"."rewardType"::text, "public"."Offer"."requiredStamps", "public"."Offer"."isActive", "public"."Offer"."createdAt" FROM "public"."Offer" WHERE ("public"."Offer"."merchantId" = $1 AND "public"."Offer"."deletedAt" IS NULL AND "public"."Offer"."isActive" = $2 AND "public"."Offer"."offerType" = CAST($3::text AS "public"."OfferType")) ORDER BY "public"."Offer"."createdAt" DESC LIMIT $4 OFFSET $5
 GET /api/customer/cards 200 in 279ms
prisma:query SELECT "public"."Merchant"."id", "public"."Merchant"."cognitoSub", "public"."Merchant"."businessName", "public"."Merchant"."category", "public"."Merchant"."phoneNumber", "public"."Merchant"."logoUrl", "public"."Merchant"."websiteUrl", "public"."Merchant"."facebookUrl", "public"."Merchant"."instagramUrl", "public"."Merchant"."subscriptionStatus"::text, "public"."Merchant"."subscriptionTier"::text, "public"."Merchant"."subscriptionExpiresAt", "public"."Merchant"."createdAt", "public"."Merchant"."updatedAt", "public"."Merchant"."deletedAt" FROM "public"."Merchant" WHERE ("public"."Merchant"."id" = $1 AND 1=1) LIMIT $2 OFFSET $3
 GET /api/auth/me 200 in 142ms
prisma:query SELECT "public"."CustomerStamp"."id", "public"."CustomerStamp"."merchantId", "public"."CustomerStamp"."customerPhone", "public"."CustomerStamp"."stampsCollected", "public"."CustomerStamp"."totalRedeemed", "public"."CustomerStamp"."lastScannedAt", "public"."CustomerStamp"."lastReviewAt", "public"."CustomerStamp"."createdAt", "public"."CustomerStamp"."updatedAt", "public"."CustomerStamp"."deletedAt" FROM "public"."CustomerStamp" WHERE ("public"."CustomerStamp"."customerPhone" = $1 AND "public"."CustomerStamp"."deletedAt" IS NULL) ORDER BY "public"."CustomerStamp"."updatedAt" DESC OFFSET $2
prisma:query SELECT "public"."Merchant"."id", "public"."Merchant"."businessName", "public"."Merchant"."category", "public"."Merchant"."logoUrl", "public"."Merchant"."deletedAt" FROM "public"."Merchant" WHERE "public"."Merchant"."id" IN ($1,$2) OFFSET $3
prisma:query SELECT "public"."Offer"."id", "public"."Offer"."title", "public"."Offer"."rewardType"::text, "public"."Offer"."requiredStamps", "public"."Offer"."isActive", "public"."Offer"."createdAt" FROM "public"."Offer" WHERE ("public"."Offer"."merchantId" = $1 AND "public"."Offer"."deletedAt" IS NULL AND "public"."Offer"."isActive" = $2 AND "public"."Offer"."offerType" = CAST($3::text AS "public"."OfferType")) ORDER BY "public"."Offer"."createdAt" DESC LIMIT $4 OFFSET $5
prisma:query SELECT "public"."Offer"."id", "public"."Offer"."title", "public"."Offer"."rewardType"::text, "public"."Offer"."requiredStamps", "public"."Offer"."isActive", "public"."Offer"."createdAt" FROM "public"."Offer" WHERE ("public"."Offer"."merchantId" = $1 AND "public"."Offer"."deletedAt" IS NULL AND "public"."Offer"."isActive" = $2 AND "public"."Offer"."offerType" = CAST($3::text AS "public"."OfferType")) ORDER BY "public"."Offer"."createdAt" DESC LIMIT $4 OFFSET $5
 GET /api/customer/cards 200 in 181ms
prisma:query SELECT "public"."Merchant"."id", "public"."Merchant"."cognitoSub", "public"."Merchant"."businessName", "public"."Merchant"."category", "public"."Merchant"."phoneNumber", "public"."Merchant"."logoUrl", "public"."Merchant"."websiteUrl", "public"."Merchant"."facebookUrl", "public"."Merchant"."instagramUrl", "public"."Merchant"."subscriptionStatus"::text, "public"."Merchant"."subscriptionTier"::text, "public"."Merchant"."subscriptionExpiresAt", "public"."Merchant"."createdAt", "public"."Merchant"."updatedAt", "public"."Merchant"."deletedAt" FROM "public"."Merchant" WHERE ("public"."Merchant"."id" = $1 AND 1=1) LIMIT $2 OFFSET $3
 GET /api/auth/me 200 in 130ms
prisma:query SELECT "public"."Merchant"."id", "public"."Merchant"."cognitoSub", "public"."Merchant"."businessName", "public"."Merchant"."category", "public"."Merchant"."phoneNumber", "public"."Merchant"."logoUrl", "public"."Merchant"."websiteUrl", "public"."Merchant"."facebookUrl", "public"."Merchant"."instagramUrl", "public"."Merchant"."subscriptionStatus"::text, "public"."Merchant"."subscriptionTier"::text, "public"."Merchant"."subscriptionExpiresAt", "public"."Merchant"."createdAt", "public"."Merchant"."updatedAt", "public"."Merchant"."deletedAt" FROM "public"."Merchant" WHERE ("public"."Merchant"."id" = $1 AND 1=1) LIMIT $2 OFFSET $3
 GET /api/auth/me 200 in 99ms
 ○ Compiling /api/admin/login ...
 ✓ Compiled /api/admin/login in 1623ms (911 modules)
 POST /api/admin/login 200 in 1871ms
 ○ Compiling /admin ...
 ✓ Compiled /admin in 3.8s (952 modules)
 GET /admin 200 in 9257ms
 ○ Compiling /api/admin/session ...
 ✓ Compiled /api/admin/session in 2.2s (880 modules)
 GET /api/admin/session 200 in 2841ms
 GET /api/admin/session 200 in 183ms
 ○ Compiling /admin/merchants ...
 ✓ Compiled /api/admin/stats in 3.5s (890 modules)
 ✓ Compiled (892 modules)
prisma:query SELECT 1
prisma:query BEGIN
prisma:query SELECT COUNT(*), "public"."Merchant"."subscriptionStatus"::text FROM "public"."Merchant" WHERE 1=1 GROUP BY "public"."Merchant"."subscriptionStatus" ORDER BY "public"."Merchant"."subscriptionStatus" ASC OFFSET $1
prisma:query SELECT COUNT(*) FROM (SELECT "public"."Merchant"."id" FROM "public"."Merchant" WHERE 1=1 OFFSET $1) AS "sub"
prisma:query SELECT COUNT(*) FROM (SELECT "public"."Merchant"."id" FROM "public"."Merchant" WHERE "public"."Merchant"."deletedAt" IS NOT NULL OFFSET $1) AS "sub"
prisma:query SELECT COUNT(*) FROM (SELECT "public"."Offer"."id" FROM "public"."Offer" WHERE "public"."Offer"."deletedAt" IS NULL OFFSET $1) AS "sub"
prisma:query SELECT COUNT(*) FROM (SELECT "public"."Branch"."id" FROM "public"."Branch" WHERE "public"."Branch"."deletedAt" IS NULL OFFSET $1) AS "sub"
prisma:query SELECT COUNT(*) FROM (SELECT "public"."CustomerStamp"."id" FROM "public"."CustomerStamp" WHERE "public"."CustomerStamp"."deletedAt" IS NULL OFFSET $1) AS "sub"
prisma:query SELECT COUNT(*) FROM (SELECT "public"."ActivityEvent"."id" FROM "public"."ActivityEvent" WHERE ("public"."ActivityEvent"."type" = CAST($1::text AS "public"."ActivityType") AND "public"."ActivityEvent"."createdAt" >= $2) OFFSET $3) AS "sub"
prisma:query SELECT COUNT(*) FROM (SELECT "public"."Merchant"."id" FROM "public"."Merchant" WHERE "public"."Merchant"."createdAt" >= $1 OFFSET $2) AS "sub"
prisma:query SELECT COUNT(*), "public"."PaymentRequest"."status"::text FROM "public"."PaymentRequest" WHERE "public"."PaymentRequest"."deletedAt" IS NULL GROUP BY "public"."PaymentRequest"."status" ORDER BY "public"."PaymentRequest"."status" ASC OFFSET $1
prisma:query SELECT SUM("amount") FROM (SELECT "public"."PaymentRequest"."amount" FROM "public"."PaymentRequest" WHERE ("public"."PaymentRequest"."status" = CAST($1::text AS "public"."PaymentStatus") AND "public"."PaymentRequest"."deletedAt" IS NULL) OFFSET $2) AS "sub"
prisma:query SELECT SUM("amount") FROM (SELECT "public"."PaymentRequest"."amount" FROM "public"."PaymentRequest" WHERE ("public"."PaymentRequest"."status" = CAST($1::text AS "public"."PaymentStatus") AND "public"."PaymentRequest"."deletedAt" IS NULL) OFFSET $2) AS "sub"
prisma:query SELECT "public"."Merchant"."id", "public"."Merchant"."businessName", "public"."Merchant"."category", "public"."Merchant"."phoneNumber", "public"."Merchant"."subscriptionStatus"::text, "public"."Merchant"."subscriptionExpiresAt", "public"."Merchant"."createdAt", "public"."Merchant"."deletedAt" FROM "public"."Merchant" WHERE 1=1 ORDER BY "public"."Merchant"."createdAt" DESC LIMIT $1 OFFSET $2
prisma:query SELECT "public"."PaymentRequest"."id", "public"."PaymentRequest"."merchantId", "public"."PaymentRequest"."paymentMethod"::text, "public"."PaymentRequest"."senderNumber", "public"."PaymentRequest"."trxId", "public"."PaymentRequest"."amount", "public"."PaymentRequest"."requestedTier"::text, "public"."PaymentRequest"."screenshotPath", "public"."PaymentRequest"."status"::text, "public"."PaymentRequest"."createdAt", "public"."PaymentRequest"."updatedAt", "public"."PaymentRequest"."deletedAt" FROM "public"."PaymentRequest" WHERE ("public"."PaymentRequest"."status" = CAST($1::text AS "public"."PaymentStatus") AND "public"."PaymentRequest"."deletedAt" IS NULL) ORDER BY "public"."PaymentRequest"."createdAt" DESC LIMIT $2 OFFSET $3
prisma:query SELECT "public"."Merchant"."id", "public"."Merchant"."businessName", "public"."Merchant"."phoneNumber" FROM "public"."Merchant" WHERE "public"."Merchant"."id" IN ($1,$2,$3,$4,$5) OFFSET $6
prisma:query COMMIT
 GET /api/admin/stats 200 in 7281ms
 GET /admin/merchants 200 in 8572ms
prisma:query BEGIN
prisma:query SELECT COUNT(*), "public"."Merchant"."subscriptionStatus"::text FROM "public"."Merchant" WHERE 1=1 GROUP BY "public"."Merchant"."subscriptionStatus" ORDER BY "public"."Merchant"."subscriptionStatus" ASC OFFSET $1
prisma:query SELECT COUNT(*) FROM (SELECT "public"."Merchant"."id" FROM "public"."Merchant" WHERE 1=1 OFFSET $1) AS "sub"
prisma:query SELECT COUNT(*) FROM (SELECT "public"."Merchant"."id" FROM "public"."Merchant" WHERE "public"."Merchant"."deletedAt" IS NOT NULL OFFSET $1) AS "sub"
prisma:query SELECT COUNT(*) FROM (SELECT "public"."Offer"."id" FROM "public"."Offer" WHERE "public"."Offer"."deletedAt" IS NULL OFFSET $1) AS "sub"
prisma:query SELECT COUNT(*) FROM (SELECT "public"."Branch"."id" FROM "public"."Branch" WHERE "public"."Branch"."deletedAt" IS NULL OFFSET $1) AS "sub"
prisma:query SELECT COUNT(*) FROM (SELECT "public"."CustomerStamp"."id" FROM "public"."CustomerStamp" WHERE "public"."CustomerStamp"."deletedAt" IS NULL OFFSET $1) AS "sub"
prisma:query SELECT COUNT(*) FROM (SELECT "public"."ActivityEvent"."id" FROM "public"."ActivityEvent" WHERE ("public"."ActivityEvent"."type" = CAST($1::text AS "public"."ActivityType") AND "public"."ActivityEvent"."createdAt" >= $2) OFFSET $3) AS "sub"
prisma:query SELECT COUNT(*) FROM (SELECT "public"."Merchant"."id" FROM "public"."Merchant" WHERE "public"."Merchant"."createdAt" >= $1 OFFSET $2) AS "sub"
prisma:query SELECT COUNT(*), "public"."PaymentRequest"."status"::text FROM "public"."PaymentRequest" WHERE "public"."PaymentRequest"."deletedAt" IS NULL GROUP BY "public"."PaymentRequest"."status" ORDER BY "public"."PaymentRequest"."status" ASC OFFSET $1
prisma:query SELECT SUM("amount") FROM (SELECT "public"."PaymentRequest"."amount" FROM "public"."PaymentRequest" WHERE ("public"."PaymentRequest"."status" = CAST($1::text AS "public"."PaymentStatus") AND "public"."PaymentRequest"."deletedAt" IS NULL) OFFSET $2) AS "sub"
prisma:query SELECT SUM("amount") FROM (SELECT "public"."PaymentRequest"."amount" FROM "public"."PaymentRequest" WHERE ("public"."PaymentRequest"."status" = CAST($1::text AS "public"."PaymentStatus") AND "public"."PaymentRequest"."deletedAt" IS NULL) OFFSET $2) AS "sub"
prisma:query SELECT "public"."Merchant"."id", "public"."Merchant"."businessName", "public"."Merchant"."category", "public"."Merchant"."phoneNumber", "public"."Merchant"."subscriptionStatus"::text, "public"."Merchant"."subscriptionExpiresAt", "public"."Merchant"."createdAt", "public"."Merchant"."deletedAt" FROM "public"."Merchant" WHERE 1=1 ORDER BY "public"."Merchant"."createdAt" DESC LIMIT $1 OFFSET $2
prisma:query SELECT "public"."PaymentRequest"."id", "public"."PaymentRequest"."merchantId", "public"."PaymentRequest"."paymentMethod"::text, "public"."PaymentRequest"."senderNumber", "public"."PaymentRequest"."trxId", "public"."PaymentRequest"."amount", "public"."PaymentRequest"."requestedTier"::text, "public"."PaymentRequest"."screenshotPath", "public"."PaymentRequest"."status"::text, "public"."PaymentRequest"."createdAt", "public"."PaymentRequest"."updatedAt", "public"."PaymentRequest"."deletedAt" FROM "public"."PaymentRequest" WHERE ("public"."PaymentRequest"."status" = CAST($1::text AS "public"."PaymentStatus") AND "public"."PaymentRequest"."deletedAt" IS NULL) ORDER BY "public"."PaymentRequest"."createdAt" DESC LIMIT $2 OFFSET $3
prisma:query SELECT "public"."Merchant"."id", "public"."Merchant"."businessName", "public"."Merchant"."phoneNumber" FROM "public"."Merchant" WHERE "public"."Merchant"."id" IN ($1,$2,$3,$4,$5) OFFSET $6
prisma:query COMMIT
 GET /api/admin/session 200 in 243ms
 GET /api/admin/session 200 in 60ms
 ○ Compiling /api/admin/merchants ...
 ✓ Compiled /api/admin/merchants in 2.6s (868 modules)
prisma:query BEGIN
prisma:query SELECT "public"."Merchant"."id", "public"."Merchant"."businessName", "public"."Merchant"."category", "public"."Merchant"."phoneNumber", "public"."Merchant"."logoUrl", "public"."Merchant"."websiteUrl", "public"."Merchant"."subscriptionStatus"::text, "public"."Merchant"."subscriptionExpiresAt", "public"."Merchant"."createdAt", "public"."Merchant"."deletedAt", COALESCE("aggr_selection_0_Offer"."_aggr_count_offers", 0) AS "_aggr_count_offers", COALESCE("aggr_selection_1_Branch"."_aggr_count_branches", 0) AS "_aggr_count_branches", COALESCE("aggr_selection_2_CustomerStamp"."_aggr_count_customerStamps", 0) AS "_aggr_count_customerStamps", COALESCE("aggr_selection_3_PaymentRequest"."_aggr_count_paymentRequests", 0) AS "_aggr_count_paymentRequests" FROM "public"."Merchant" LEFT JOIN (SELECT "public"."Offer"."merchantId", COUNT(*) AS "_aggr_count_offers" FROM "public"."Offer" WHERE "public"."Offer"."deletedAt" IS NULL GROUP BY "public"."Offer"."merchantId") AS "aggr_selection_0_Offer" ON ("public"."Merchant"."id" = "aggr_selection_0_Offer"."merchantId") LEFT JOIN (SELECT "public"."Branch"."merchantId", COUNT(*) AS "_aggr_count_branches" FROM "public"."Branch" WHERE "public"."Branch"."deletedAt" IS NULL GROUP BY "public"."Branch"."merchantId") AS "aggr_selection_1_Branch" ON ("public"."Merchant"."id" = "aggr_selection_1_Branch"."merchantId") LEFT JOIN (SELECT "public"."CustomerStamp"."merchantId", COUNT(*) AS "_aggr_count_customerStamps" FROM "public"."CustomerStamp" WHERE "public"."CustomerStamp"."deletedAt" IS NULL GROUP BY "public"."CustomerStamp"."merchantId") AS "aggr_selection_2_CustomerStamp" ON ("public"."Merchant"."id" = "aggr_selection_2_CustomerStamp"."merchantId") LEFT JOIN (SELECT "public"."PaymentRequest"."merchantId", COUNT(*) AS "_aggr_count_paymentRequests" FROM "public"."PaymentRequest" WHERE 1=1 GROUP BY "public"."PaymentRequest"."merchantId") AS "aggr_selection_3_PaymentRequest" ON ("public"."Merchant"."id" = "aggr_selection_3_PaymentRequest"."merchantId") WHERE 1=1 ORDER BY "public"."Merchant"."createdAt" DESC LIMIT $1 OFFSET $2
prisma:query SELECT COUNT(*) FROM (SELECT "public"."Merchant"."id" FROM "public"."Merchant" WHERE 1=1 OFFSET $1) AS "sub"
prisma:query SELECT COUNT(*), "public"."Merchant"."subscriptionStatus"::text FROM "public"."Merchant" WHERE 1=1 GROUP BY "public"."Merchant"."subscriptionStatus" ORDER BY "public"."Merchant"."subscriptionStatus" ASC OFFSET $1
prisma:query SELECT COUNT(*) FROM (SELECT "public"."Merchant"."id" FROM "public"."Merchant" WHERE "public"."Merchant"."deletedAt" IS NOT NULL OFFSET $1) AS "sub"
prisma:query COMMIT
 GET /api/admin/merchants?page=1&pageSize=20 200 in 3437ms
 ○ Compiling /admin/billing ...
 ✓ Compiled /admin/billing in 2.9s (875 modules)
prisma:query SELECT 1
prisma:query BEGIN
prisma:query SELECT "public"."Merchant"."id", "public"."Merchant"."businessName", "public"."Merchant"."category", "public"."Merchant"."phoneNumber", "public"."Merchant"."logoUrl", "public"."Merchant"."websiteUrl", "public"."Merchant"."subscriptionStatus"::text, "public"."Merchant"."subscriptionExpiresAt", "public"."Merchant"."createdAt", "public"."Merchant"."deletedAt", COALESCE("aggr_selection_0_Offer"."_aggr_count_offers", 0) AS "_aggr_count_offers", COALESCE("aggr_selection_1_Branch"."_aggr_count_branches", 0) AS "_aggr_count_branches", COALESCE("aggr_selection_2_CustomerStamp"."_aggr_count_customerStamps", 0) AS "_aggr_count_customerStamps", COALESCE("aggr_selection_3_PaymentRequest"."_aggr_count_paymentRequests", 0) AS "_aggr_count_paymentRequests" FROM "public"."Merchant" LEFT JOIN (SELECT "public"."Offer"."merchantId", COUNT(*) AS "_aggr_count_offers" FROM "public"."Offer" WHERE "public"."Offer"."deletedAt" IS NULL GROUP BY "public"."Offer"."merchantId") AS "aggr_selection_0_Offer" ON ("public"."Merchant"."id" = "aggr_selection_0_Offer"."merchantId") LEFT JOIN (SELECT "public"."Branch"."merchantId", COUNT(*) AS "_aggr_count_branches" FROM "public"."Branch" WHERE "public"."Branch"."deletedAt" IS NULL GROUP BY "public"."Branch"."merchantId") AS "aggr_selection_1_Branch" ON ("public"."Merchant"."id" = "aggr_selection_1_Branch"."merchantId") LEFT JOIN (SELECT "public"."CustomerStamp"."merchantId", COUNT(*) AS "_aggr_count_customerStamps" FROM "public"."CustomerStamp" WHERE "public"."CustomerStamp"."deletedAt" IS NULL GROUP BY "public"."CustomerStamp"."merchantId") AS "aggr_selection_2_CustomerStamp" ON ("public"."Merchant"."id" = "aggr_selection_2_CustomerStamp"."merchantId") LEFT JOIN (SELECT "public"."PaymentRequest"."merchantId", COUNT(*) AS "_aggr_count_paymentRequests" FROM "public"."PaymentRequest" WHERE 1=1 GROUP BY "public"."PaymentRequest"."merchantId") AS "aggr_selection_3_PaymentRequest" ON ("public"."Merchant"."id" = "aggr_selection_3_PaymentRequest"."merchantId") WHERE 1=1 ORDER BY "public"."Merchant"."createdAt" DESC LIMIT $1 OFFSET $2
prisma:query SELECT COUNT(*) FROM (SELECT "public"."Merchant"."id" FROM "public"."Merchant" WHERE 1=1 OFFSET $1) AS "sub"
prisma:query SELECT COUNT(*), "public"."Merchant"."subscriptionStatus"::text FROM "public"."Merchant" WHERE 1=1 GROUP BY "public"."Merchant"."subscriptionStatus" ORDER BY "public"."Merchant"."subscriptionStatus" ASC OFFSET $1
prisma:query SELECT COUNT(*) FROM (SELECT "public"."Merchant"."id" FROM "public"."Merchant" WHERE "public"."Merchant"."deletedAt" IS NOT NULL OFFSET $1) AS "sub"
prisma:query COMMIT
 GET /api/admin/merchants?page=1&pageSize=20 200 in 6792ms
 GET /admin/billing 200 in 7387ms
 GET /api/admin/session 200 in 72ms
 GET /api/admin/session 200 in 31ms
 ○ Compiling /api/admin/payments ...
 ✓ Compiled /api/admin/payments in 2s (877 modules)
prisma:query BEGIN
prisma:query SELECT "public"."PaymentRequest"."id", "public"."PaymentRequest"."merchantId", "public"."PaymentRequest"."paymentMethod"::text, "public"."PaymentRequest"."senderNumber", "public"."PaymentRequest"."trxId", "public"."PaymentRequest"."amount", "public"."PaymentRequest"."requestedTier"::text, "public"."PaymentRequest"."screenshotPath", "public"."PaymentRequest"."status"::text, "public"."PaymentRequest"."createdAt", "public"."PaymentRequest"."updatedAt", "public"."PaymentRequest"."deletedAt" FROM "public"."PaymentRequest" WHERE ("public"."PaymentRequest"."deletedAt" IS NULL AND "public"."PaymentRequest"."status" = CAST($1::text AS "public"."PaymentStatus")) ORDER BY "public"."PaymentRequest"."createdAt" DESC LIMIT $2 OFFSET $3
prisma:query SELECT "public"."Merchant"."id", "public"."Merchant"."businessName", "public"."Merchant"."phoneNumber", "public"."Merchant"."subscriptionStatus"::text FROM "public"."Merchant" WHERE "public"."Merchant"."id" IN ($1,$2,$3,$4,$5,$6,$7) OFFSET $8
prisma:query SELECT COUNT(*) FROM (SELECT "public"."PaymentRequest"."id" FROM "public"."PaymentRequest" WHERE ("public"."PaymentRequest"."deletedAt" IS NULL AND "public"."PaymentRequest"."status" = CAST($1::text AS "public"."PaymentStatus")) OFFSET $2) AS "sub"
prisma:query SELECT COUNT(*), "public"."PaymentRequest"."status"::text FROM "public"."PaymentRequest" WHERE "public"."PaymentRequest"."deletedAt" IS NULL GROUP BY "public"."PaymentRequest"."status" ORDER BY "public"."PaymentRequest"."status" ASC OFFSET $1
prisma:query SELECT SUM("amount") FROM (SELECT "public"."PaymentRequest"."amount" FROM "public"."PaymentRequest" WHERE ("public"."PaymentRequest"."status" = CAST($1::text AS "public"."PaymentStatus") AND "public"."PaymentRequest"."deletedAt" IS NULL) OFFSET $2) AS "sub"
prisma:query COMMIT
 GET /api/admin/payments?status=PENDING&page=1&pageSize=20 200 in 2393ms
prisma:query BEGIN
prisma:query SELECT "public"."PaymentRequest"."id", "public"."PaymentRequest"."merchantId", "public"."PaymentRequest"."paymentMethod"::text, "public"."PaymentRequest"."senderNumber", "public"."PaymentRequest"."trxId", "public"."PaymentRequest"."amount", "public"."PaymentRequest"."requestedTier"::text, "public"."PaymentRequest"."screenshotPath", "public"."PaymentRequest"."status"::text, "public"."PaymentRequest"."createdAt", "public"."PaymentRequest"."updatedAt", "public"."PaymentRequest"."deletedAt" FROM "public"."PaymentRequest" WHERE ("public"."PaymentRequest"."deletedAt" IS NULL AND "public"."PaymentRequest"."status" = CAST($1::text AS "public"."PaymentStatus")) ORDER BY "public"."PaymentRequest"."createdAt" DESC LIMIT $2 OFFSET $3
prisma:query SELECT "public"."Merchant"."id", "public"."Merchant"."businessName", "public"."Merchant"."phoneNumber", "public"."Merchant"."subscriptionStatus"::text FROM "public"."Merchant" WHERE "public"."Merchant"."id" IN ($1,$2,$3,$4,$5,$6,$7) OFFSET $8
prisma:query SELECT COUNT(*) FROM (SELECT "public"."PaymentRequest"."id" FROM "public"."PaymentRequest" WHERE ("public"."PaymentRequest"."deletedAt" IS NULL AND "public"."PaymentRequest"."status" = CAST($1::text AS "public"."PaymentStatus")) OFFSET $2) AS "sub"
prisma:query SELECT COUNT(*), "public"."PaymentRequest"."status"::text FROM "public"."PaymentRequest" WHERE "public"."PaymentRequest"."deletedAt" IS NULL GROUP BY "public"."PaymentRequest"."status" ORDER BY "public"."PaymentRequest"."status" ASC OFFSET $1
prisma:query SELECT SUM("amount") FROM (SELECT "public"."PaymentRequest"."amount" FROM "public"."PaymentRequest" WHERE ("public"."PaymentRequest"."status" = CAST($1::text AS "public"."PaymentStatus") AND "public"."PaymentRequest"."deletedAt" IS NULL) OFFSET $2) AS "sub"
prisma:query COMMIT
 GET /api/admin/payments?status=PENDING&page=1&pageSize=20 200 in 123ms
 ○ Compiling /api/auth/otp/send ...
 ✓ Compiled /api/auth/otp/send in 1224ms (833 modules)
[OTP:dev] 01741995455 -> 803905
 POST /api/auth/otp/send 200 in 1750ms
[OTP:dev] 01741995455 -> 422156
 POST /api/auth/otp/send 200 in 139ms
 ○ Compiling /api/auth/otp/verify ...
 ✓ Compiled /api/auth/otp/verify in 1273ms (835 modules)
prisma:query SELECT 1
prisma:query SELECT "public"."Merchant"."id", "public"."Merchant"."cognitoSub", "public"."Merchant"."businessName", "public"."Merchant"."category", "public"."Merchant"."phoneNumber", "public"."Merchant"."logoUrl", "public"."Merchant"."websiteUrl", "public"."Merchant"."facebookUrl", "public"."Merchant"."instagramUrl", "public"."Merchant"."subscriptionStatus"::text, "public"."Merchant"."subscriptionTier"::text, "public"."Merchant"."subscriptionExpiresAt", "public"."Merchant"."createdAt", "public"."Merchant"."updatedAt", "public"."Merchant"."deletedAt" FROM "public"."Merchant" WHERE ("public"."Merchant"."phoneNumber" = $1 AND 1=1) LIMIT $2 OFFSET $3
 POST /api/auth/otp/verify 200 in 2321ms
 ○ Compiling /dashboard ...
 ✓ Compiled /dashboard in 2s (853 modules)
 GET /dashboard 200 in 2749ms
 ○ Compiling /api/auth/me ...
 ✓ Compiled /api/auth/me in 1686ms (855 modules)
prisma:query SELECT "public"."Merchant"."id", "public"."Merchant"."cognitoSub", "public"."Merchant"."businessName", "public"."Merchant"."category", "public"."Merchant"."phoneNumber", "public"."Merchant"."logoUrl", "public"."Merchant"."websiteUrl", "public"."Merchant"."facebookUrl", "public"."Merchant"."instagramUrl", "public"."Merchant"."subscriptionStatus"::text, "public"."Merchant"."subscriptionTier"::text, "public"."Merchant"."subscriptionExpiresAt", "public"."Merchant"."createdAt", "public"."Merchant"."updatedAt", "public"."Merchant"."deletedAt" FROM "public"."Merchant" WHERE ("public"."Merchant"."id" = $1 AND 1=1) LIMIT $2 OFFSET $3
 GET /api/auth/me 200 in 2092ms
prisma:query SELECT "public"."Merchant"."id", "public"."Merchant"."cognitoSub", "public"."Merchant"."businessName", "public"."Merchant"."category", "public"."Merchant"."phoneNumber", "public"."Merchant"."logoUrl", "public"."Merchant"."websiteUrl", "public"."Merchant"."facebookUrl", "public"."Merchant"."instagramUrl", "public"."Merchant"."subscriptionStatus"::text, "public"."Merchant"."subscriptionTier"::text, "public"."Merchant"."subscriptionExpiresAt", "public"."Merchant"."createdAt", "public"."Merchant"."updatedAt", "public"."Merchant"."deletedAt" FROM "public"."Merchant" WHERE ("public"."Merchant"."id" = $1 AND 1=1) LIMIT $2 OFFSET $3
 GET /api/auth/me 200 in 57ms
 ○ Compiling /api/offers ...
 ✓ Compiled /api/offers in 1368ms (857 modules)
 ✓ Compiled (859 modules)
prisma:query SELECT "public"."Merchant"."id", "public"."Merchant"."cognitoSub", "public"."Merchant"."businessName", "public"."Merchant"."category", "public"."Merchant"."phoneNumber", "public"."Merchant"."logoUrl", "public"."Merchant"."websiteUrl", "public"."Merchant"."facebookUrl", "public"."Merchant"."instagramUrl", "public"."Merchant"."subscriptionStatus"::text, "public"."Merchant"."subscriptionTier"::text, "public"."Merchant"."subscriptionExpiresAt", "public"."Merchant"."createdAt", "public"."Merchant"."updatedAt", "public"."Merchant"."deletedAt" FROM "public"."Merchant" WHERE ("public"."Merchant"."id" = $1 AND "public"."Merchant"."deletedAt" IS NULL) LIMIT $2 OFFSET $3
prisma:query SELECT "public"."Merchant"."id", "public"."Merchant"."cognitoSub", "public"."Merchant"."businessName", "public"."Merchant"."category", "public"."Merchant"."phoneNumber", "public"."Merchant"."logoUrl", "public"."Merchant"."websiteUrl", "public"."Merchant"."facebookUrl", "public"."Merchant"."instagramUrl", "public"."Merchant"."subscriptionStatus"::text, "public"."Merchant"."subscriptionTier"::text, "public"."Merchant"."subscriptionExpiresAt", "public"."Merchant"."createdAt", "public"."Merchant"."updatedAt", "public"."Merchant"."deletedAt" FROM "public"."Merchant" WHERE ("public"."Merchant"."id" = $1 AND "public"."Merchant"."deletedAt" IS NULL) LIMIT $2 OFFSET $3
prisma:query SELECT "public"."Offer"."id", "public"."Offer"."merchantId", "public"."Offer"."title", "public"."Offer"."offerType"::text, "public"."Offer"."rewardType"::text, "public"."Offer"."requiredStamps", "public"."Offer"."scratchMode"::text, "public"."Offer"."scratchCursor", "public"."Offer"."scratchOrder", "public"."Offer"."durationDays", "public"."Offer"."posterTemplateUrl", "public"."Offer"."finalPosterUrl", "public"."Offer"."isActive", "public"."Offer"."createdAt", "public"."Offer"."updatedAt", "public"."Offer"."deletedAt" FROM "public"."Offer" WHERE ("public"."Offer"."merchantId" = $1 AND "public"."Offer"."deletedAt" IS NULL) ORDER BY "public"."Offer"."createdAt" DESC OFFSET $2
prisma:query SELECT 1
prisma:query SELECT 1
prisma:query SELECT 1
prisma:query SELECT 1
prisma:query SELECT COUNT(*) FROM (SELECT "public"."CustomerStamp"."id" FROM "public"."CustomerStamp" WHERE ("public"."CustomerStamp"."merchantId" = $1 AND "public"."CustomerStamp"."deletedAt" IS NULL) OFFSET $2) AS "sub"
prisma:query SELECT "public"."ScratchItem"."id", "public"."ScratchItem"."offerId", "public"."ScratchItem"."label", "public"."ScratchItem"."sortOrder", "public"."ScratchItem"."createdAt", "public"."ScratchItem"."updatedAt" FROM "public"."ScratchItem" WHERE "public"."ScratchItem"."offerId" IN ($1,$2,$3,$4) ORDER BY "public"."ScratchItem"."sortOrder" ASC OFFSET $5
prisma:query SELECT SUM("stampsCollected"), SUM("totalRedeemed") FROM (SELECT "public"."CustomerStamp"."stampsCollected", "public"."CustomerStamp"."totalRedeemed" FROM "public"."CustomerStamp" WHERE ("public"."CustomerStamp"."merchantId" = $1 AND "public"."CustomerStamp"."deletedAt" IS NULL) OFFSET $2) AS "sub"
prisma:query SELECT COUNT(*) FROM (SELECT "public"."Offer"."id" FROM "public"."Offer" WHERE ("public"."Offer"."merchantId" = $1 AND "public"."Offer"."deletedAt" IS NULL) OFFSET $2) AS "sub"
prisma:query SELECT COUNT(*) FROM (SELECT "public"."Offer"."id" FROM "public"."Offer" WHERE ("public"."Offer"."merchantId" = $1 AND "public"."Offer"."deletedAt" IS NULL AND "public"."Offer"."isActive" = $2) OFFSET $3) AS "sub"
prisma:query SELECT COUNT(*) FROM (SELECT "public"."Branch"."id" FROM "public"."Branch" WHERE ("public"."Branch"."merchantId" = $1 AND "public"."Branch"."deletedAt" IS NULL) OFFSET $2) AS "sub"
 GET /api/offers 200 in 3290ms
 GET /api/merchant/stats 200 in 3426ms
prisma:query SELECT "public"."Merchant"."id", "public"."Merchant"."cognitoSub", "public"."Merchant"."businessName", "public"."Merchant"."category", "public"."Merchant"."phoneNumber", "public"."Merchant"."logoUrl", "public"."Merchant"."websiteUrl", "public"."Merchant"."facebookUrl", "public"."Merchant"."instagramUrl", "public"."Merchant"."subscriptionStatus"::text, "public"."Merchant"."subscriptionTier"::text, "public"."Merchant"."subscriptionExpiresAt", "public"."Merchant"."createdAt", "public"."Merchant"."updatedAt", "public"."Merchant"."deletedAt" FROM "public"."Merchant" WHERE ("public"."Merchant"."id" = $1 AND "public"."Merchant"."deletedAt" IS NULL) LIMIT $2 OFFSET $3
prisma:query SELECT "public"."Offer"."id", "public"."Offer"."merchantId", "public"."Offer"."title", "public"."Offer"."offerType"::text, "public"."Offer"."rewardType"::text, "public"."Offer"."requiredStamps", "public"."Offer"."scratchMode"::text, "public"."Offer"."scratchCursor", "public"."Offer"."scratchOrder", "public"."Offer"."durationDays", "public"."Offer"."posterTemplateUrl", "public"."Offer"."finalPosterUrl", "public"."Offer"."isActive", "public"."Offer"."createdAt", "public"."Offer"."updatedAt", "public"."Offer"."deletedAt" FROM "public"."Offer" WHERE ("public"."Offer"."merchantId" = $1 AND "public"."Offer"."deletedAt" IS NULL) ORDER BY "public"."Offer"."createdAt" DESC OFFSET $2
prisma:query SELECT "public"."ScratchItem"."id", "public"."ScratchItem"."offerId", "public"."ScratchItem"."label", "public"."ScratchItem"."sortOrder", "public"."ScratchItem"."createdAt", "public"."ScratchItem"."updatedAt" FROM "public"."ScratchItem" WHERE "public"."ScratchItem"."offerId" IN ($1,$2,$3,$4) ORDER BY "public"."ScratchItem"."sortOrder" ASC OFFSET $5
 GET /api/offers 200 in 641ms
prisma:query SELECT "public"."Merchant"."id", "public"."Merchant"."cognitoSub", "public"."Merchant"."businessName", "public"."Merchant"."category", "public"."Merchant"."phoneNumber", "public"."Merchant"."logoUrl", "public"."Merchant"."websiteUrl", "public"."Merchant"."facebookUrl", "public"."Merchant"."instagramUrl", "public"."Merchant"."subscriptionStatus"::text, "public"."Merchant"."subscriptionTier"::text, "public"."Merchant"."subscriptionExpiresAt", "public"."Merchant"."createdAt", "public"."Merchant"."updatedAt", "public"."Merchant"."deletedAt" FROM "public"."Merchant" WHERE ("public"."Merchant"."id" = $1 AND "public"."Merchant"."deletedAt" IS NULL) LIMIT $2 OFFSET $3
prisma:query SELECT COUNT(*) FROM (SELECT "public"."Offer"."id" FROM "public"."Offer" WHERE ("public"."Offer"."merchantId" = $1 AND "public"."Offer"."deletedAt" IS NULL) OFFSET $2) AS "sub"
prisma:query SELECT COUNT(*) FROM (SELECT "public"."Offer"."id" FROM "public"."Offer" WHERE ("public"."Offer"."merchantId" = $1 AND "public"."Offer"."deletedAt" IS NULL AND "public"."Offer"."isActive" = $2) OFFSET $3) AS "sub"
prisma:query SELECT COUNT(*) FROM (SELECT "public"."Branch"."id" FROM "public"."Branch" WHERE ("public"."Branch"."merchantId" = $1 AND "public"."Branch"."deletedAt" IS NULL) OFFSET $2) AS "sub"
prisma:query SELECT COUNT(*) FROM (SELECT "public"."CustomerStamp"."id" FROM "public"."CustomerStamp" WHERE ("public"."CustomerStamp"."merchantId" = $1 AND "public"."CustomerStamp"."deletedAt" IS NULL) OFFSET $2) AS "sub"
prisma:query SELECT SUM("stampsCollected"), SUM("totalRedeemed") FROM (SELECT "public"."CustomerStamp"."stampsCollected", "public"."CustomerStamp"."totalRedeemed" FROM "public"."CustomerStamp" WHERE ("public"."CustomerStamp"."merchantId" = $1 AND "public"."CustomerStamp"."deletedAt" IS NULL) OFFSET $2) AS "sub"
 GET /api/merchant/stats 200 in 587ms
 GET /dashboard 200 in 441ms
prisma:query SELECT "public"."Merchant"."id", "public"."Merchant"."cognitoSub", "public"."Merchant"."businessName", "public"."Merchant"."category", "public"."Merchant"."phoneNumber", "public"."Merchant"."logoUrl", "public"."Merchant"."websiteUrl", "public"."Merchant"."facebookUrl", "public"."Merchant"."instagramUrl", "public"."Merchant"."subscriptionStatus"::text, "public"."Merchant"."subscriptionTier"::text, "public"."Merchant"."subscriptionExpiresAt", "public"."Merchant"."createdAt", "public"."Merchant"."updatedAt", "public"."Merchant"."deletedAt" FROM "public"."Merchant" WHERE ("public"."Merchant"."id" = $1 AND 1=1) LIMIT $2 OFFSET $3
 GET /api/auth/me 200 in 315ms
prisma:query SELECT "public"."Merchant"."id", "public"."Merchant"."cognitoSub", "public"."Merchant"."businessName", "public"."Merchant"."category", "public"."Merchant"."phoneNumber", "public"."Merchant"."logoUrl", "public"."Merchant"."websiteUrl", "public"."Merchant"."facebookUrl", "public"."Merchant"."instagramUrl", "public"."Merchant"."subscriptionStatus"::text, "public"."Merchant"."subscriptionTier"::text, "public"."Merchant"."subscriptionExpiresAt", "public"."Merchant"."createdAt", "public"."Merchant"."updatedAt", "public"."Merchant"."deletedAt" FROM "public"."Merchant" WHERE ("public"."Merchant"."id" = $1 AND 1=1) LIMIT $2 OFFSET $3
 GET /api/auth/me 200 in 52ms
prisma:query SELECT "public"."Merchant"."id", "public"."Merchant"."cognitoSub", "public"."Merchant"."businessName", "public"."Merchant"."category", "public"."Merchant"."phoneNumber", "public"."Merchant"."logoUrl", "public"."Merchant"."websiteUrl", "public"."Merchant"."facebookUrl", "public"."Merchant"."instagramUrl", "public"."Merchant"."subscriptionStatus"::text, "public"."Merchant"."subscriptionTier"::text, "public"."Merchant"."subscriptionExpiresAt", "public"."Merchant"."createdAt", "public"."Merchant"."updatedAt", "public"."Merchant"."deletedAt" FROM "public"."Merchant" WHERE ("public"."Merchant"."id" = $1 AND "public"."Merchant"."deletedAt" IS NULL) LIMIT $2 OFFSET $3
prisma:query SELECT COUNT(*) FROM (SELECT "public"."Offer"."id" FROM "public"."Offer" WHERE ("public"."Offer"."merchantId" = $1 AND "public"."Offer"."deletedAt" IS NULL) OFFSET $2) AS "sub"
prisma:query SELECT COUNT(*) FROM (SELECT "public"."Branch"."id" FROM "public"."Branch" WHERE ("public"."Branch"."merchantId" = $1 AND "public"."Branch"."deletedAt" IS NULL) OFFSET $2) AS "sub"
prisma:query SELECT COUNT(*) FROM (SELECT "public"."CustomerStamp"."id" FROM "public"."CustomerStamp" WHERE ("public"."CustomerStamp"."merchantId" = $1 AND "public"."CustomerStamp"."deletedAt" IS NULL) OFFSET $2) AS "sub"
prisma:query SELECT "public"."Merchant"."id", "public"."Merchant"."cognitoSub", "public"."Merchant"."businessName", "public"."Merchant"."category", "public"."Merchant"."phoneNumber", "public"."Merchant"."logoUrl", "public"."Merchant"."websiteUrl", "public"."Merchant"."facebookUrl", "public"."Merchant"."instagramUrl", "public"."Merchant"."subscriptionStatus"::text, "public"."Merchant"."subscriptionTier"::text, "public"."Merchant"."subscriptionExpiresAt", "public"."Merchant"."createdAt", "public"."Merchant"."updatedAt", "public"."Merchant"."deletedAt" FROM "public"."Merchant" WHERE ("public"."Merchant"."id" = $1 AND "public"."Merchant"."deletedAt" IS NULL) LIMIT $2 OFFSET $3
prisma:query SELECT "public"."Offer"."id", "public"."Offer"."merchantId", "public"."Offer"."title", "public"."Offer"."offerType"::text, "public"."Offer"."rewardType"::text, "public"."Offer"."requiredStamps", "public"."Offer"."scratchMode"::text, "public"."Offer"."scratchCursor", "public"."Offer"."scratchOrder", "public"."Offer"."durationDays", "public"."Offer"."posterTemplateUrl", "public"."Offer"."finalPosterUrl", "public"."Offer"."isActive", "public"."Offer"."createdAt", "public"."Offer"."updatedAt", "public"."Offer"."deletedAt" FROM "public"."Offer" WHERE ("public"."Offer"."merchantId" = $1 AND "public"."Offer"."deletedAt" IS NULL) ORDER BY "public"."Offer"."createdAt" DESC OFFSET $2
prisma:query SELECT "public"."ScratchItem"."id", "public"."ScratchItem"."offerId", "public"."ScratchItem"."label", "public"."ScratchItem"."sortOrder", "public"."ScratchItem"."createdAt", "public"."ScratchItem"."updatedAt" FROM "public"."ScratchItem" WHERE "public"."ScratchItem"."offerId" IN ($1,$2,$3,$4) ORDER BY "public"."ScratchItem"."sortOrder" ASC OFFSET $5
 GET /api/offers 200 in 318ms
prisma:query SELECT "public"."Merchant"."id", "public"."Merchant"."cognitoSub", "public"."Merchant"."businessName", "public"."Merchant"."category", "public"."Merchant"."phoneNumber", "public"."Merchant"."logoUrl", "public"."Merchant"."websiteUrl", "public"."Merchant"."facebookUrl", "public"."Merchant"."instagramUrl", "public"."Merchant"."subscriptionStatus"::text, "public"."Merchant"."subscriptionTier"::text, "public"."Merchant"."subscriptionExpiresAt", "public"."Merchant"."createdAt", "public"."Merchant"."updatedAt", "public"."Merchant"."deletedAt" FROM "public"."Merchant" WHERE ("public"."Merchant"."id" = $1 AND "public"."Merchant"."deletedAt" IS NULL) LIMIT $2 OFFSET $3
prisma:query SELECT "public"."Offer"."id", "public"."Offer"."merchantId", "public"."Offer"."title", "public"."Offer"."offerType"::text, "public"."Offer"."rewardType"::text, "public"."Offer"."requiredStamps", "public"."Offer"."scratchMode"::text, "public"."Offer"."scratchCursor", "public"."Offer"."scratchOrder", "public"."Offer"."durationDays", "public"."Offer"."posterTemplateUrl", "public"."Offer"."finalPosterUrl", "public"."Offer"."isActive", "public"."Offer"."createdAt", "public"."Offer"."updatedAt", "public"."Offer"."deletedAt" FROM "public"."Offer" WHERE ("public"."Offer"."merchantId" = $1 AND "public"."Offer"."deletedAt" IS NULL) ORDER BY "public"."Offer"."createdAt" DESC OFFSET $2
prisma:query SELECT "public"."ScratchItem"."id", "public"."ScratchItem"."offerId", "public"."ScratchItem"."label", "public"."ScratchItem"."sortOrder", "public"."ScratchItem"."createdAt", "public"."ScratchItem"."updatedAt" FROM "public"."ScratchItem" WHERE "public"."ScratchItem"."offerId" IN ($1,$2,$3,$4) ORDER BY "public"."ScratchItem"."sortOrder" ASC OFFSET $5
 GET /api/offers 200 in 100ms
prisma:query SELECT COUNT(*) FROM (SELECT "public"."Offer"."id" FROM "public"."Offer" WHERE ("public"."Offer"."merchantId" = $1 AND "public"."Offer"."deletedAt" IS NULL AND "public"."Offer"."isActive" = $2) OFFSET $3) AS "sub"
prisma:query SELECT SUM("stampsCollected"), SUM("totalRedeemed") FROM (SELECT "public"."CustomerStamp"."stampsCollected", "public"."CustomerStamp"."totalRedeemed" FROM "public"."CustomerStamp" WHERE ("public"."CustomerStamp"."merchantId" = $1 AND "public"."CustomerStamp"."deletedAt" IS NULL) OFFSET $2) AS "sub"
 GET /api/merchant/stats 200 in 670ms
prisma:query SELECT "public"."Merchant"."id", "public"."Merchant"."cognitoSub", "public"."Merchant"."businessName", "public"."Merchant"."category", "public"."Merchant"."phoneNumber", "public"."Merchant"."logoUrl", "public"."Merchant"."websiteUrl", "public"."Merchant"."facebookUrl", "public"."Merchant"."instagramUrl", "public"."Merchant"."subscriptionStatus"::text, "public"."Merchant"."subscriptionTier"::text, "public"."Merchant"."subscriptionExpiresAt", "public"."Merchant"."createdAt", "public"."Merchant"."updatedAt", "public"."Merchant"."deletedAt" FROM "public"."Merchant" WHERE ("public"."Merchant"."id" = $1 AND "public"."Merchant"."deletedAt" IS NULL) LIMIT $2 OFFSET $3
prisma:query SELECT COUNT(*) FROM (SELECT "public"."Offer"."id" FROM "public"."Offer" WHERE ("public"."Offer"."merchantId" = $1 AND "public"."Offer"."deletedAt" IS NULL) OFFSET $2) AS "sub"
prisma:query SELECT COUNT(*) FROM (SELECT "public"."Offer"."id" FROM "public"."Offer" WHERE ("public"."Offer"."merchantId" = $1 AND "public"."Offer"."deletedAt" IS NULL AND "public"."Offer"."isActive" = $2) OFFSET $3) AS "sub"
prisma:query SELECT COUNT(*) FROM (SELECT "public"."Branch"."id" FROM "public"."Branch" WHERE ("public"."Branch"."merchantId" = $1 AND "public"."Branch"."deletedAt" IS NULL) OFFSET $2) AS "sub"
prisma:query SELECT SUM("stampsCollected"), SUM("totalRedeemed") FROM (SELECT "public"."CustomerStamp"."stampsCollected", "public"."CustomerStamp"."totalRedeemed" FROM "public"."CustomerStamp" WHERE ("public"."CustomerStamp"."merchantId" = $1 AND "public"."CustomerStamp"."deletedAt" IS NULL) OFFSET $2) AS "sub"
prisma:query SELECT COUNT(*) FROM (SELECT "public"."CustomerStamp"."id" FROM "public"."CustomerStamp" WHERE ("public"."CustomerStamp"."merchantId" = $1 AND "public"."CustomerStamp"."deletedAt" IS NULL) OFFSET $2) AS "sub"
 GET /api/merchant/stats 200 in 819ms
prisma:query SELECT "public"."Merchant"."id", "public"."Merchant"."cognitoSub", "public"."Merchant"."businessName", "public"."Merchant"."category", "public"."Merchant"."phoneNumber", "public"."Merchant"."logoUrl", "public"."Merchant"."websiteUrl", "public"."Merchant"."facebookUrl", "public"."Merchant"."instagramUrl", "public"."Merchant"."subscriptionStatus"::text, "public"."Merchant"."subscriptionTier"::text, "public"."Merchant"."subscriptionExpiresAt", "public"."Merchant"."createdAt", "public"."Merchant"."updatedAt", "public"."Merchant"."deletedAt" FROM "public"."Merchant" WHERE ("public"."Merchant"."id" = $1 AND "public"."Merchant"."deletedAt" IS NULL) LIMIT $2 OFFSET $3
prisma:query SELECT 1
prisma:query SELECT SUM("stampsCollected"), SUM("totalRedeemed") FROM (SELECT "public"."CustomerStamp"."stampsCollected", "public"."CustomerStamp"."totalRedeemed" FROM "public"."CustomerStamp" WHERE ("public"."CustomerStamp"."merchantId" = $1 AND "public"."CustomerStamp"."deletedAt" IS NULL) OFFSET $2) AS "sub"
prisma:query SELECT COUNT(*) FROM (SELECT "public"."Offer"."id" FROM "public"."Offer" WHERE ("public"."Offer"."merchantId" = $1 AND "public"."Offer"."deletedAt" IS NULL AND "public"."Offer"."isActive" = $2) OFFSET $3) AS "sub"
prisma:query SELECT COUNT(*) FROM (SELECT "public"."Offer"."id" FROM "public"."Offer" WHERE ("public"."Offer"."merchantId" = $1 AND "public"."Offer"."deletedAt" IS NULL) OFFSET $2) AS "sub"
prisma:query SELECT COUNT(*) FROM (SELECT "public"."CustomerStamp"."id" FROM "public"."CustomerStamp" WHERE ("public"."CustomerStamp"."merchantId" = $1 AND "public"."CustomerStamp"."deletedAt" IS NULL) OFFSET $2) AS "sub"
prisma:query SELECT COUNT(*) FROM (SELECT "public"."Branch"."id" FROM "public"."Branch" WHERE ("public"."Branch"."merchantId" = $1 AND "public"."Branch"."deletedAt" IS NULL) OFFSET $2) AS "sub"
 GET /api/merchant/stats 200 in 117ms
 ○ Compiling /welcome ...
 ✓ Compiled /welcome in 6.7s (689 modules)
 GET /welcome 200 in 8242ms
 ○ Compiling /otp ...
 ✓ Compiled /otp in 4.3s (695 modules)
 GET /otp 200 in 5700ms
 ○ Compiling /business-setup ...
 ✓ Compiled /business-setup in 3.7s (688 modules)
 GET /business-setup 200 in 4586ms
 ○ Compiling /scan ...
 ✓ Compiled /scan in 1926ms (696 modules)
 GET /scan 200 in 2707ms
 ○ Compiling /api/auth/me ...
 ✓ Compiled /api/auth/me in 2.2s (827 modules)
prisma:query SELECT 1
prisma:query SELECT "public"."Merchant"."id", "public"."Merchant"."cognitoSub", "public"."Merchant"."businessName", "public"."Merchant"."category", "public"."Merchant"."phoneNumber", "public"."Merchant"."logoUrl", "public"."Merchant"."websiteUrl", "public"."Merchant"."facebookUrl", "public"."Merchant"."instagramUrl", "public"."Merchant"."subscriptionStatus"::text, "public"."Merchant"."subscriptionTier"::text, "public"."Merchant"."subscriptionExpiresAt", "public"."Merchant"."createdAt", "public"."Merchant"."updatedAt", "public"."Merchant"."deletedAt" FROM "public"."Merchant" WHERE ("public"."Merchant"."id" = $1 AND 1=1) LIMIT $2 OFFSET $3
 GET /api/auth/me 200 in 6650ms
prisma:query SELECT "public"."Merchant"."id", "public"."Merchant"."cognitoSub", "public"."Merchant"."businessName", "public"."Merchant"."category", "public"."Merchant"."phoneNumber", "public"."Merchant"."logoUrl", "public"."Merchant"."websiteUrl", "public"."Merchant"."facebookUrl", "public"."Merchant"."instagramUrl", "public"."Merchant"."subscriptionStatus"::text, "public"."Merchant"."subscriptionTier"::text, "public"."Merchant"."subscriptionExpiresAt", "public"."Merchant"."createdAt", "public"."Merchant"."updatedAt", "public"."Merchant"."deletedAt" FROM "public"."Merchant" WHERE ("public"."Merchant"."id" = $1 AND 1=1) LIMIT $2 OFFSET $3
 GET /api/auth/me 200 in 59ms
prisma:query SELECT "public"."Merchant"."id", "public"."Merchant"."cognitoSub", "public"."Merchant"."businessName", "public"."Merchant"."category", "public"."Merchant"."phoneNumber", "public"."Merchant"."logoUrl", "public"."Merchant"."websiteUrl", "public"."Merchant"."facebookUrl", "public"."Merchant"."instagramUrl", "public"."Merchant"."subscriptionStatus"::text, "public"."Merchant"."subscriptionTier"::text, "public"."Merchant"."subscriptionExpiresAt", "public"."Merchant"."createdAt", "public"."Merchant"."updatedAt", "public"."Merchant"."deletedAt" FROM "public"."Merchant" WHERE ("public"."Merchant"."id" = $1 AND 1=1) LIMIT $2 OFFSET $3
 GET /api/auth/me 200 in 154ms
prisma:query SELECT "public"."Merchant"."id", "public"."Merchant"."cognitoSub", "public"."Merchant"."businessName", "public"."Merchant"."category", "public"."Merchant"."phoneNumber", "public"."Merchant"."logoUrl", "public"."Merchant"."websiteUrl", "public"."Merchant"."facebookUrl", "public"."Merchant"."instagramUrl", "public"."Merchant"."subscriptionStatus"::text, "public"."Merchant"."subscriptionTier"::text, "public"."Merchant"."subscriptionExpiresAt", "public"."Merchant"."createdAt", "public"."Merchant"."updatedAt", "public"."Merchant"."deletedAt" FROM "public"."Merchant" WHERE ("public"."Merchant"."id" = $1 AND 1=1) LIMIT $2 OFFSET $3
 GET /api/auth/me 200 in 59ms
 ○ Compiling /admin/login ...
 ✓ Compiled /admin/login in 1720ms (785 modules)
 GET /admin/login 200 in 7389ms
prisma:query SELECT 1
prisma:query SELECT "public"."Merchant"."id", "public"."Merchant"."cognitoSub", "public"."Merchant"."businessName", "public"."Merchant"."category", "public"."Merchant"."phoneNumber", "public"."Merchant"."logoUrl", "public"."Merchant"."websiteUrl", "public"."Merchant"."facebookUrl", "public"."Merchant"."instagramUrl", "public"."Merchant"."subscriptionStatus"::text, "public"."Merchant"."subscriptionTier"::text, "public"."Merchant"."subscriptionExpiresAt", "public"."Merchant"."createdAt", "public"."Merchant"."updatedAt", "public"."Merchant"."deletedAt" FROM "public"."Merchant" WHERE ("public"."Merchant"."id" = $1 AND 1=1) LIMIT $2 OFFSET $3
 GET /api/auth/me 200 in 141ms
 GET /dashboard 200 in 430ms
prisma:query SELECT "public"."Merchant"."id", "public"."Merchant"."cognitoSub", "public"."Merchant"."businessName", "public"."Merchant"."category", "public"."Merchant"."phoneNumber", "public"."Merchant"."logoUrl", "public"."Merchant"."websiteUrl", "public"."Merchant"."facebookUrl", "public"."Merchant"."instagramUrl", "public"."Merchant"."subscriptionStatus"::text, "public"."Merchant"."subscriptionTier"::text, "public"."Merchant"."subscriptionExpiresAt", "public"."Merchant"."createdAt", "public"."Merchant"."updatedAt", "public"."Merchant"."deletedAt" FROM "public"."Merchant" WHERE ("public"."Merchant"."id" = $1 AND 1=1) LIMIT $2 OFFSET $3
 GET /api/auth/me 200 in 74ms
prisma:query SELECT "public"."Merchant"."id", "public"."Merchant"."cognitoSub", "public"."Merchant"."businessName", "public"."Merchant"."category", "public"."Merchant"."phoneNumber", "public"."Merchant"."logoUrl", "public"."Merchant"."websiteUrl", "public"."Merchant"."facebookUrl", "public"."Merchant"."instagramUrl", "public"."Merchant"."subscriptionStatus"::text, "public"."Merchant"."subscriptionTier"::text, "public"."Merchant"."subscriptionExpiresAt", "public"."Merchant"."createdAt", "public"."Merchant"."updatedAt", "public"."Merchant"."deletedAt" FROM "public"."Merchant" WHERE ("public"."Merchant"."id" = $1 AND 1=1) LIMIT $2 OFFSET $3
 GET /api/auth/me 200 in 96ms
 ○ Compiling /api/offers ...
 ✓ Compiled /api/offers in 2.1s (787 modules)
 ✓ Compiled (800 modules)
prisma:query SELECT "public"."Merchant"."id", "public"."Merchant"."cognitoSub", "public"."Merchant"."businessName", "public"."Merchant"."category", "public"."Merchant"."phoneNumber", "public"."Merchant"."logoUrl", "public"."Merchant"."websiteUrl", "public"."Merchant"."facebookUrl", "public"."Merchant"."instagramUrl", "public"."Merchant"."subscriptionStatus"::text, "public"."Merchant"."subscriptionTier"::text, "public"."Merchant"."subscriptionExpiresAt", "public"."Merchant"."createdAt", "public"."Merchant"."updatedAt", "public"."Merchant"."deletedAt" FROM "public"."Merchant" WHERE ("public"."Merchant"."id" = $1 AND "public"."Merchant"."deletedAt" IS NULL) LIMIT $2 OFFSET $3
prisma:query SELECT "public"."Merchant"."id", "public"."Merchant"."cognitoSub", "public"."Merchant"."businessName", "public"."Merchant"."category", "public"."Merchant"."phoneNumber", "public"."Merchant"."logoUrl", "public"."Merchant"."websiteUrl", "public"."Merchant"."facebookUrl", "public"."Merchant"."instagramUrl", "public"."Merchant"."subscriptionStatus"::text, "public"."Merchant"."subscriptionTier"::text, "public"."Merchant"."subscriptionExpiresAt", "public"."Merchant"."createdAt", "public"."Merchant"."updatedAt", "public"."Merchant"."deletedAt" FROM "public"."Merchant" WHERE ("public"."Merchant"."id" = $1 AND "public"."Merchant"."deletedAt" IS NULL) LIMIT $2 OFFSET $3
prisma:query SELECT 1
prisma:query SELECT 1
prisma:query SELECT 1
prisma:query SELECT "public"."Offer"."id", "public"."Offer"."merchantId", "public"."Offer"."title", "public"."Offer"."offerType"::text, "public"."Offer"."rewardType"::text, "public"."Offer"."requiredStamps", "public"."Offer"."scratchMode"::text, "public"."Offer"."scratchCursor", "public"."Offer"."scratchOrder", "public"."Offer"."durationDays", "public"."Offer"."posterTemplateUrl", "public"."Offer"."finalPosterUrl", "public"."Offer"."isActive", "public"."Offer"."createdAt", "public"."Offer"."updatedAt", "public"."Offer"."deletedAt" FROM "public"."Offer" WHERE ("public"."Offer"."merchantId" = $1 AND "public"."Offer"."deletedAt" IS NULL) ORDER BY "public"."Offer"."createdAt" DESC OFFSET $2
prisma:query SELECT COUNT(*) FROM (SELECT "public"."Branch"."id" FROM "public"."Branch" WHERE ("public"."Branch"."merchantId" = $1 AND "public"."Branch"."deletedAt" IS NULL) OFFSET $2) AS "sub"
prisma:query SELECT COUNT(*) FROM (SELECT "public"."Offer"."id" FROM "public"."Offer" WHERE ("public"."Offer"."merchantId" = $1 AND "public"."Offer"."deletedAt" IS NULL AND "public"."Offer"."isActive" = $2) OFFSET $3) AS "sub"
prisma:query SELECT COUNT(*) FROM (SELECT "public"."Offer"."id" FROM "public"."Offer" WHERE ("public"."Offer"."merchantId" = $1 AND "public"."Offer"."deletedAt" IS NULL) OFFSET $2) AS "sub"
prisma:query SELECT "public"."ScratchItem"."id", "public"."ScratchItem"."offerId", "public"."ScratchItem"."label", "public"."ScratchItem"."sortOrder", "public"."ScratchItem"."createdAt", "public"."ScratchItem"."updatedAt" FROM "public"."ScratchItem" WHERE "public"."ScratchItem"."offerId" IN ($1,$2,$3,$4) ORDER BY "public"."ScratchItem"."sortOrder" ASC OFFSET $5
prisma:query SELECT SUM("stampsCollected"), SUM("totalRedeemed") FROM (SELECT "public"."CustomerStamp"."stampsCollected", "public"."CustomerStamp"."totalRedeemed" FROM "public"."CustomerStamp" WHERE ("public"."CustomerStamp"."merchantId" = $1 AND "public"."CustomerStamp"."deletedAt" IS NULL) OFFSET $2) AS "sub"
prisma:query SELECT COUNT(*) FROM (SELECT "public"."CustomerStamp"."id" FROM "public"."CustomerStamp" WHERE ("public"."CustomerStamp"."merchantId" = $1 AND "public"."CustomerStamp"."deletedAt" IS NULL) OFFSET $2) AS "sub"
 GET /api/offers 200 in 4351ms
 GET /api/merchant/stats 200 in 4372ms
prisma:query SELECT "public"."Merchant"."id", "public"."Merchant"."cognitoSub", "public"."Merchant"."businessName", "public"."Merchant"."category", "public"."Merchant"."phoneNumber", "public"."Merchant"."logoUrl", "public"."Merchant"."websiteUrl", "public"."Merchant"."facebookUrl", "public"."Merchant"."instagramUrl", "public"."Merchant"."subscriptionStatus"::text, "public"."Merchant"."subscriptionTier"::text, "public"."Merchant"."subscriptionExpiresAt", "public"."Merchant"."createdAt", "public"."Merchant"."updatedAt", "public"."Merchant"."deletedAt" FROM "public"."Merchant" WHERE ("public"."Merchant"."id" = $1 AND "public"."Merchant"."deletedAt" IS NULL) LIMIT $2 OFFSET $3
prisma:query SELECT "public"."Offer"."id", "public"."Offer"."merchantId", "public"."Offer"."title", "public"."Offer"."offerType"::text, "public"."Offer"."rewardType"::text, "public"."Offer"."requiredStamps", "public"."Offer"."scratchMode"::text, "public"."Offer"."scratchCursor", "public"."Offer"."scratchOrder", "public"."Offer"."durationDays", "public"."Offer"."posterTemplateUrl", "public"."Offer"."finalPosterUrl", "public"."Offer"."isActive", "public"."Offer"."createdAt", "public"."Offer"."updatedAt", "public"."Offer"."deletedAt" FROM "public"."Offer" WHERE ("public"."Offer"."merchantId" = $1 AND "public"."Offer"."deletedAt" IS NULL) ORDER BY "public"."Offer"."createdAt" DESC OFFSET $2
prisma:query SELECT "public"."ScratchItem"."id", "public"."ScratchItem"."offerId", "public"."ScratchItem"."label", "public"."ScratchItem"."sortOrder", "public"."ScratchItem"."createdAt", "public"."ScratchItem"."updatedAt" FROM "public"."ScratchItem" WHERE "public"."ScratchItem"."offerId" IN ($1,$2,$3,$4) ORDER BY "public"."ScratchItem"."sortOrder" ASC OFFSET $5
 GET /api/offers 200 in 704ms
prisma:query SELECT "public"."Merchant"."id", "public"."Merchant"."cognitoSub", "public"."Merchant"."businessName", "public"."Merchant"."category", "public"."Merchant"."phoneNumber", "public"."Merchant"."logoUrl", "public"."Merchant"."websiteUrl", "public"."Merchant"."facebookUrl", "public"."Merchant"."instagramUrl", "public"."Merchant"."subscriptionStatus"::text, "public"."Merchant"."subscriptionTier"::text, "public"."Merchant"."subscriptionExpiresAt", "public"."Merchant"."createdAt", "public"."Merchant"."updatedAt", "public"."Merchant"."deletedAt" FROM "public"."Merchant" WHERE ("public"."Merchant"."id" = $1 AND "public"."Merchant"."deletedAt" IS NULL) LIMIT $2 OFFSET $3
prisma:query SELECT COUNT(*) FROM (SELECT "public"."Offer"."id" FROM "public"."Offer" WHERE ("public"."Offer"."merchantId" = $1 AND "public"."Offer"."deletedAt" IS NULL) OFFSET $2) AS "sub"
prisma:query SELECT COUNT(*) FROM (SELECT "public"."Offer"."id" FROM "public"."Offer" WHERE ("public"."Offer"."merchantId" = $1 AND "public"."Offer"."deletedAt" IS NULL AND "public"."Offer"."isActive" = $2) OFFSET $3) AS "sub"
prisma:query SELECT COUNT(*) FROM (SELECT "public"."Branch"."id" FROM "public"."Branch" WHERE ("public"."Branch"."merchantId" = $1 AND "public"."Branch"."deletedAt" IS NULL) OFFSET $2) AS "sub"
prisma:query SELECT COUNT(*) FROM (SELECT "public"."CustomerStamp"."id" FROM "public"."CustomerStamp" WHERE ("public"."CustomerStamp"."merchantId" = $1 AND "public"."CustomerStamp"."deletedAt" IS NULL) OFFSET $2) AS "sub"
prisma:query SELECT SUM("stampsCollected"), SUM("totalRedeemed") FROM (SELECT "public"."CustomerStamp"."stampsCollected", "public"."CustomerStamp"."totalRedeemed" FROM "public"."CustomerStamp" WHERE ("public"."CustomerStamp"."merchantId" = $1 AND "public"."CustomerStamp"."deletedAt" IS NULL) OFFSET $2) AS "sub"
 GET /api/merchant/stats 200 in 746ms
 ○ Compiling /analytics ...
 ✓ Compiled /analytics in 3.5s (802 modules)
 GET /analytics 200 in 4777ms
prisma:query SELECT 1
prisma:query SELECT "public"."Merchant"."id", "public"."Merchant"."cognitoSub", "public"."Merchant"."businessName", "public"."Merchant"."category", "public"."Merchant"."phoneNumber", "public"."Merchant"."logoUrl", "public"."Merchant"."websiteUrl", "public"."Merchant"."facebookUrl", "public"."Merchant"."instagramUrl", "public"."Merchant"."subscriptionStatus"::text, "public"."Merchant"."subscriptionTier"::text, "public"."Merchant"."subscriptionExpiresAt", "public"."Merchant"."createdAt", "public"."Merchant"."updatedAt", "public"."Merchant"."deletedAt" FROM "public"."Merchant" WHERE ("public"."Merchant"."id" = $1 AND 1=1) LIMIT $2 OFFSET $3
 GET /api/auth/me 200 in 150ms
prisma:query SELECT "public"."Merchant"."id", "public"."Merchant"."cognitoSub", "public"."Merchant"."businessName", "public"."Merchant"."category", "public"."Merchant"."phoneNumber", "public"."Merchant"."logoUrl", "public"."Merchant"."websiteUrl", "public"."Merchant"."facebookUrl", "public"."Merchant"."instagramUrl", "public"."Merchant"."subscriptionStatus"::text, "public"."Merchant"."subscriptionTier"::text, "public"."Merchant"."subscriptionExpiresAt", "public"."Merchant"."createdAt", "public"."Merchant"."updatedAt", "public"."Merchant"."deletedAt" FROM "public"."Merchant" WHERE ("public"."Merchant"."id" = $1 AND 1=1) LIMIT $2 OFFSET $3
 GET /api/auth/me 200 in 80ms
 ○ Compiling /api/merchant/analytics ...
 ✓ Compiled /api/merchant/analytics in 2.6s (805 modules)
prisma:query SELECT "public"."Merchant"."id", "public"."Merchant"."cognitoSub", "public"."Merchant"."businessName", "public"."Merchant"."category", "public"."Merchant"."phoneNumber", "public"."Merchant"."logoUrl", "public"."Merchant"."websiteUrl", "public"."Merchant"."facebookUrl", "public"."Merchant"."instagramUrl", "public"."Merchant"."subscriptionStatus"::text, "public"."Merchant"."subscriptionTier"::text, "public"."Merchant"."subscriptionExpiresAt", "public"."Merchant"."createdAt", "public"."Merchant"."updatedAt", "public"."Merchant"."deletedAt" FROM "public"."Merchant" WHERE ("public"."Merchant"."id" = $1 AND "public"."Merchant"."deletedAt" IS NULL) LIMIT $2 OFFSET $3
prisma:query SELECT 1
prisma:query SELECT "public"."ActivityEvent"."id", "public"."ActivityEvent"."type"::text, "public"."ActivityEvent"."offerId", "public"."ActivityEvent"."customerPhone", "public"."ActivityEvent"."createdAt" FROM "public"."ActivityEvent" WHERE ("public"."ActivityEvent"."merchantId" = $1 AND "public"."ActivityEvent"."createdAt" >= $2 AND "public"."ActivityEvent"."createdAt" < $3) OFFSET $4
prisma:query SELECT "public"."ScratchResult"."id", "public"."ScratchResult"."offerId", "public"."ScratchResult"."customerPhone", "public"."ScratchResult"."scratchedAt" FROM "public"."ScratchResult" WHERE ("public"."ScratchResult"."merchantId" = $1 AND "public"."ScratchResult"."scratchedAt" >= $2 AND "public"."ScratchResult"."scratchedAt" < $3) OFFSET $4
prisma:query SELECT 1
prisma:query SELECT "public"."Offer"."id", "public"."Offer"."title", "public"."Offer"."offerType"::text FROM "public"."Offer" WHERE "public"."Offer"."merchantId" = $1 OFFSET $2
prisma:query SELECT "public"."CustomerStamp"."id", "public"."CustomerStamp"."customerPhone", "public"."CustomerStamp"."createdAt" FROM "public"."CustomerStamp" WHERE ("public"."CustomerStamp"."merchantId" = $1 AND "public"."CustomerStamp"."deletedAt" IS NULL) OFFSET $2
 GET /api/merchant/analytics?from=2026-08-26&to=2026-09-24 200 in 3411ms
prisma:query SELECT "public"."Merchant"."id", "public"."Merchant"."cognitoSub", "public"."Merchant"."businessName", "public"."Merchant"."category", "public"."Merchant"."phoneNumber", "public"."Merchant"."logoUrl", "public"."Merchant"."websiteUrl", "public"."Merchant"."facebookUrl", "public"."Merchant"."instagramUrl", "public"."Merchant"."subscriptionStatus"::text, "public"."Merchant"."subscriptionTier"::text, "public"."Merchant"."subscriptionExpiresAt", "public"."Merchant"."createdAt", "public"."Merchant"."updatedAt", "public"."Merchant"."deletedAt" FROM "public"."Merchant" WHERE ("public"."Merchant"."id" = $1 AND "public"."Merchant"."deletedAt" IS NULL) LIMIT $2 OFFSET $3
prisma:query SELECT "public"."ActivityEvent"."id", "public"."ActivityEvent"."type"::text, "public"."ActivityEvent"."offerId", "public"."ActivityEvent"."customerPhone", "public"."ActivityEvent"."createdAt" FROM "public"."ActivityEvent" WHERE ("public"."ActivityEvent"."merchantId" = $1 AND "public"."ActivityEvent"."createdAt" >= $2 AND "public"."ActivityEvent"."createdAt" < $3) OFFSET $4
prisma:query SELECT "public"."CustomerStamp"."id", "public"."CustomerStamp"."customerPhone", "public"."CustomerStamp"."createdAt" FROM "public"."CustomerStamp" WHERE ("public"."CustomerStamp"."merchantId" = $1 AND "public"."CustomerStamp"."deletedAt" IS NULL) OFFSET $2
prisma:query SELECT "public"."ScratchResult"."id", "public"."ScratchResult"."offerId", "public"."ScratchResult"."customerPhone", "public"."ScratchResult"."scratchedAt" FROM "public"."ScratchResult" WHERE ("public"."ScratchResult"."merchantId" = $1 AND "public"."ScratchResult"."scratchedAt" >= $2 AND "public"."ScratchResult"."scratchedAt" < $3) OFFSET $4
prisma:query SELECT "public"."Offer"."id", "public"."Offer"."title", "public"."Offer"."offerType"::text FROM "public"."Offer" WHERE "public"."Offer"."merchantId" = $1 OFFSET $2
 GET /api/merchant/analytics?from=2026-08-26&to=2026-09-24 200 in 223ms
 ○ Compiling /customers ...
 ✓ Compiled /customers in 3.9s (813 modules)
 GET /customers 200 in 6396ms
prisma:query SELECT "public"."Merchant"."id", "public"."Merchant"."cognitoSub", "public"."Merchant"."businessName", "public"."Merchant"."category", "public"."Merchant"."phoneNumber", "public"."Merchant"."logoUrl", "public"."Merchant"."websiteUrl", "public"."Merchant"."facebookUrl", "public"."Merchant"."instagramUrl", "public"."Merchant"."subscriptionStatus"::text, "public"."Merchant"."subscriptionTier"::text, "public"."Merchant"."subscriptionExpiresAt", "public"."Merchant"."createdAt", "public"."Merchant"."updatedAt", "public"."Merchant"."deletedAt" FROM "public"."Merchant" WHERE ("public"."Merchant"."id" = $1 AND 1=1) LIMIT $2 OFFSET $3
 GET /api/auth/me 200 in 171ms
prisma:query SELECT "public"."Merchant"."id", "public"."Merchant"."cognitoSub", "public"."Merchant"."businessName", "public"."Merchant"."category", "public"."Merchant"."phoneNumber", "public"."Merchant"."logoUrl", "public"."Merchant"."websiteUrl", "public"."Merchant"."facebookUrl", "public"."Merchant"."instagramUrl", "public"."Merchant"."subscriptionStatus"::text, "public"."Merchant"."subscriptionTier"::text, "public"."Merchant"."subscriptionExpiresAt", "public"."Merchant"."createdAt", "public"."Merchant"."updatedAt", "public"."Merchant"."deletedAt" FROM "public"."Merchant" WHERE ("public"."Merchant"."id" = $1 AND 1=1) LIMIT $2 OFFSET $3
 GET /api/auth/me 200 in 129ms
 ○ Compiling /api/merchant/customers ...
 ✓ Compiled /api/merchant/customers in 3s (810 modules)
prisma:query SELECT 1
prisma:query SELECT "public"."Merchant"."id", "public"."Merchant"."cognitoSub", "public"."Merchant"."businessName", "public"."Merchant"."category", "public"."Merchant"."phoneNumber", "public"."Merchant"."logoUrl", "public"."Merchant"."websiteUrl", "public"."Merchant"."facebookUrl", "public"."Merchant"."instagramUrl", "public"."Merchant"."subscriptionStatus"::text, "public"."Merchant"."subscriptionTier"::text, "public"."Merchant"."subscriptionExpiresAt", "public"."Merchant"."createdAt", "public"."Merchant"."updatedAt", "public"."Merchant"."deletedAt" FROM "public"."Merchant" WHERE ("public"."Merchant"."id" = $1 AND "public"."Merchant"."deletedAt" IS NULL) LIMIT $2 OFFSET $3
prisma:query SELECT 1
prisma:query SELECT COUNT(*) FROM (SELECT "public"."CustomerStamp"."id" FROM "public"."CustomerStamp" WHERE ("public"."CustomerStamp"."merchantId" = $1 AND "public"."CustomerStamp"."deletedAt" IS NULL) OFFSET $2) AS "sub"
prisma:query SELECT COUNT(*) FROM (SELECT "public"."CustomerStamp"."id" FROM "public"."CustomerStamp" WHERE ("public"."CustomerStamp"."merchantId" = $1 AND "public"."CustomerStamp"."deletedAt" IS NULL) OFFSET $2) AS "sub"
prisma:query SELECT 1
prisma:query SELECT "public"."CustomerStamp"."id", "public"."CustomerStamp"."customerPhone", "public"."CustomerStamp"."stampsCollected", "public"."CustomerStamp"."totalRedeemed", "public"."CustomerStamp"."lastScannedAt", "public"."CustomerStamp"."lastReviewAt", "public"."CustomerStamp"."createdAt" FROM "public"."CustomerStamp" WHERE ("public"."CustomerStamp"."merchantId" = $1 AND "public"."CustomerStamp"."deletedAt" IS NULL) ORDER BY "public"."CustomerStamp"."lastScannedAt" DESC, "public"."CustomerStamp"."createdAt" DESC LIMIT $2 OFFSET $3
 GET /api/merchant/customers?page=1&pageSize=20 200 in 3926ms
prisma:query SELECT "public"."Merchant"."id", "public"."Merchant"."cognitoSub", "public"."Merchant"."businessName", "public"."Merchant"."category", "public"."Merchant"."phoneNumber", "public"."Merchant"."logoUrl", "public"."Merchant"."websiteUrl", "public"."Merchant"."facebookUrl", "public"."Merchant"."instagramUrl", "public"."Merchant"."subscriptionStatus"::text, "public"."Merchant"."subscriptionTier"::text, "public"."Merchant"."subscriptionExpiresAt", "public"."Merchant"."createdAt", "public"."Merchant"."updatedAt", "public"."Merchant"."deletedAt" FROM "public"."Merchant" WHERE ("public"."Merchant"."id" = $1 AND "public"."Merchant"."deletedAt" IS NULL) LIMIT $2 OFFSET $3
prisma:query SELECT COUNT(*) FROM (SELECT "public"."CustomerStamp"."id" FROM "public"."CustomerStamp" WHERE ("public"."CustomerStamp"."merchantId" = $1 AND "public"."CustomerStamp"."deletedAt" IS NULL) OFFSET $2) AS "sub"
prisma:query SELECT COUNT(*) FROM (SELECT "public"."CustomerStamp"."id" FROM "public"."CustomerStamp" WHERE ("public"."CustomerStamp"."merchantId" = $1 AND "public"."CustomerStamp"."deletedAt" IS NULL) OFFSET $2) AS "sub"
prisma:query SELECT "public"."CustomerStamp"."id", "public"."CustomerStamp"."customerPhone", "public"."CustomerStamp"."stampsCollected", "public"."CustomerStamp"."totalRedeemed", "public"."CustomerStamp"."lastScannedAt", "public"."CustomerStamp"."lastReviewAt", "public"."CustomerStamp"."createdAt" FROM "public"."CustomerStamp" WHERE ("public"."CustomerStamp"."merchantId" = $1 AND "public"."CustomerStamp"."deletedAt" IS NULL) ORDER BY "public"."CustomerStamp"."lastScannedAt" DESC, "public"."CustomerStamp"."createdAt" DESC LIMIT $2 OFFSET $3
 GET /api/merchant/customers?page=1&pageSize=20 200 in 606ms
 ○ Compiling /branches ...
 ✓ Compiled /branches in 2.5s (811 modules)
 GET /branches 200 in 3535ms
prisma:query SELECT "public"."Merchant"."id", "public"."Merchant"."cognitoSub", "public"."Merchant"."businessName", "public"."Merchant"."category", "public"."Merchant"."phoneNumber", "public"."Merchant"."logoUrl", "public"."Merchant"."websiteUrl", "public"."Merchant"."facebookUrl", "public"."Merchant"."instagramUrl", "public"."Merchant"."subscriptionStatus"::text, "public"."Merchant"."subscriptionTier"::text, "public"."Merchant"."subscriptionExpiresAt", "public"."Merchant"."createdAt", "public"."Merchant"."updatedAt", "public"."Merchant"."deletedAt" FROM "public"."Merchant" WHERE ("public"."Merchant"."id" = $1 AND 1=1) LIMIT $2 OFFSET $3
 GET /api/auth/me 200 in 112ms
prisma:query SELECT "public"."Merchant"."id", "public"."Merchant"."cognitoSub", "public"."Merchant"."businessName", "public"."Merchant"."category", "public"."Merchant"."phoneNumber", "public"."Merchant"."logoUrl", "public"."Merchant"."websiteUrl", "public"."Merchant"."facebookUrl", "public"."Merchant"."instagramUrl", "public"."Merchant"."subscriptionStatus"::text, "public"."Merchant"."subscriptionTier"::text, "public"."Merchant"."subscriptionExpiresAt", "public"."Merchant"."createdAt", "public"."Merchant"."updatedAt", "public"."Merchant"."deletedAt" FROM "public"."Merchant" WHERE ("public"."Merchant"."id" = $1 AND 1=1) LIMIT $2 OFFSET $3
 GET /api/auth/me 200 in 98ms
 ○ Compiling /api/branches ...
 ✓ Compiled /api/branches in 2.4s (813 modules)
prisma:query SELECT 1
prisma:query SELECT "public"."Merchant"."id", "public"."Merchant"."cognitoSub", "public"."Merchant"."businessName", "public"."Merchant"."category", "public"."Merchant"."phoneNumber", "public"."Merchant"."logoUrl", "public"."Merchant"."websiteUrl", "public"."Merchant"."facebookUrl", "public"."Merchant"."instagramUrl", "public"."Merchant"."subscriptionStatus"::text, "public"."Merchant"."subscriptionTier"::text, "public"."Merchant"."subscriptionExpiresAt", "public"."Merchant"."createdAt", "public"."Merchant"."updatedAt", "public"."Merchant"."deletedAt" FROM "public"."Merchant" WHERE ("public"."Merchant"."id" = $1 AND "public"."Merchant"."deletedAt" IS NULL) LIMIT $2 OFFSET $3
prisma:query SELECT "public"."Branch"."id", "public"."Branch"."merchantId", "public"."Branch"."branchName", "public"."Branch"."address", "public"."Branch"."latitude", "public"."Branch"."longitude", "public"."Branch"."createdAt", "public"."Branch"."updatedAt", "public"."Branch"."deletedAt" FROM "public"."Branch" WHERE ("public"."Branch"."merchantId" = $1 AND "public"."Branch"."deletedAt" IS NULL) ORDER BY "public"."Branch"."createdAt" ASC OFFSET $2
 GET /api/branches 200 in 3059ms
prisma:query SELECT "public"."Merchant"."id", "public"."Merchant"."cognitoSub", "public"."Merchant"."businessName", "public"."Merchant"."category", "public"."Merchant"."phoneNumber", "public"."Merchant"."logoUrl", "public"."Merchant"."websiteUrl", "public"."Merchant"."facebookUrl", "public"."Merchant"."instagramUrl", "public"."Merchant"."subscriptionStatus"::text, "public"."Merchant"."subscriptionTier"::text, "public"."Merchant"."subscriptionExpiresAt", "public"."Merchant"."createdAt", "public"."Merchant"."updatedAt", "public"."Merchant"."deletedAt" FROM "public"."Merchant" WHERE ("public"."Merchant"."id" = $1 AND "public"."Merchant"."deletedAt" IS NULL) LIMIT $2 OFFSET $3
prisma:query SELECT "public"."Branch"."id", "public"."Branch"."merchantId", "public"."Branch"."branchName", "public"."Branch"."address", "public"."Branch"."latitude", "public"."Branch"."longitude", "public"."Branch"."createdAt", "public"."Branch"."updatedAt", "public"."Branch"."deletedAt" FROM "public"."Branch" WHERE ("public"."Branch"."merchantId" = $1 AND "public"."Branch"."deletedAt" IS NULL) ORDER BY "public"."Branch"."createdAt" ASC OFFSET $2
 GET /api/branches 200 in 138ms
 ○ Compiling /billing ...
 ✓ Compiled /billing in 3.6s (811 modules)
 GET /billing 200 in 4450ms
prisma:query SELECT "public"."Merchant"."id", "public"."Merchant"."cognitoSub", "public"."Merchant"."businessName", "public"."Merchant"."category", "public"."Merchant"."phoneNumber", "public"."Merchant"."logoUrl", "public"."Merchant"."websiteUrl", "public"."Merchant"."facebookUrl", "public"."Merchant"."instagramUrl", "public"."Merchant"."subscriptionStatus"::text, "public"."Merchant"."subscriptionTier"::text, "public"."Merchant"."subscriptionExpiresAt", "public"."Merchant"."createdAt", "public"."Merchant"."updatedAt", "public"."Merchant"."deletedAt" FROM "public"."Merchant" WHERE ("public"."Merchant"."id" = $1 AND 1=1) LIMIT $2 OFFSET $3
 GET /api/auth/me 200 in 200ms
prisma:query SELECT "public"."Merchant"."id", "public"."Merchant"."cognitoSub", "public"."Merchant"."businessName", "public"."Merchant"."category", "public"."Merchant"."phoneNumber", "public"."Merchant"."logoUrl", "public"."Merchant"."websiteUrl", "public"."Merchant"."facebookUrl", "public"."Merchant"."instagramUrl", "public"."Merchant"."subscriptionStatus"::text, "public"."Merchant"."subscriptionTier"::text, "public"."Merchant"."subscriptionExpiresAt", "public"."Merchant"."createdAt", "public"."Merchant"."updatedAt", "public"."Merchant"."deletedAt" FROM "public"."Merchant" WHERE ("public"."Merchant"."id" = $1 AND 1=1) LIMIT $2 OFFSET $3
 GET /api/auth/me 200 in 80ms
 ○ Compiling /api/billing ...
 ✓ Compiled /api/billing in 2.2s (813 modules)
prisma:query SELECT 1
prisma:query SELECT "public"."Merchant"."id", "public"."Merchant"."cognitoSub", "public"."Merchant"."businessName", "public"."Merchant"."category", "public"."Merchant"."phoneNumber", "public"."Merchant"."logoUrl", "public"."Merchant"."websiteUrl", "public"."Merchant"."facebookUrl", "public"."Merchant"."instagramUrl", "public"."Merchant"."subscriptionStatus"::text, "public"."Merchant"."subscriptionTier"::text, "public"."Merchant"."subscriptionExpiresAt", "public"."Merchant"."createdAt", "public"."Merchant"."updatedAt", "public"."Merchant"."deletedAt" FROM "public"."Merchant" WHERE ("public"."Merchant"."id" = $1 AND "public"."Merchant"."deletedAt" IS NULL) LIMIT $2 OFFSET $3
prisma:query SELECT "public"."PaymentRequest"."id", "public"."PaymentRequest"."merchantId", "public"."PaymentRequest"."paymentMethod"::text, "public"."PaymentRequest"."senderNumber", "public"."PaymentRequest"."trxId", "public"."PaymentRequest"."amount", "public"."PaymentRequest"."requestedTier"::text, "public"."PaymentRequest"."screenshotPath", "public"."PaymentRequest"."status"::text, "public"."PaymentRequest"."createdAt", "public"."PaymentRequest"."updatedAt", "public"."PaymentRequest"."deletedAt" FROM "public"."PaymentRequest" WHERE ("public"."PaymentRequest"."merchantId" = $1 AND "public"."PaymentRequest"."deletedAt" IS NULL) ORDER BY "public"."PaymentRequest"."createdAt" DESC LIMIT $2 OFFSET $3
 GET /api/billing 200 in 2632ms
prisma:query SELECT "public"."Merchant"."id", "public"."Merchant"."cognitoSub", "public"."Merchant"."businessName", "public"."Merchant"."category", "public"."Merchant"."phoneNumber", "public"."Merchant"."logoUrl", "public"."Merchant"."websiteUrl", "public"."Merchant"."facebookUrl", "public"."Merchant"."instagramUrl", "public"."Merchant"."subscriptionStatus"::text, "public"."Merchant"."subscriptionTier"::text, "public"."Merchant"."subscriptionExpiresAt", "public"."Merchant"."createdAt", "public"."Merchant"."updatedAt", "public"."Merchant"."deletedAt" FROM "public"."Merchant" WHERE ("public"."Merchant"."id" = $1 AND "public"."Merchant"."deletedAt" IS NULL) LIMIT $2 OFFSET $3
prisma:query SELECT "public"."PaymentRequest"."id", "public"."PaymentRequest"."merchantId", "public"."PaymentRequest"."paymentMethod"::text, "public"."PaymentRequest"."senderNumber", "public"."PaymentRequest"."trxId", "public"."PaymentRequest"."amount", "public"."PaymentRequest"."requestedTier"::text, "public"."PaymentRequest"."screenshotPath", "public"."PaymentRequest"."status"::text, "public"."PaymentRequest"."createdAt", "public"."PaymentRequest"."updatedAt", "public"."PaymentRequest"."deletedAt" FROM "public"."PaymentRequest" WHERE ("public"."PaymentRequest"."merchantId" = $1 AND "public"."PaymentRequest"."deletedAt" IS NULL) ORDER BY "public"."PaymentRequest"."createdAt" DESC LIMIT $2 OFFSET $3
 GET /api/billing 200 in 73ms
 ○ Compiling /billing/checkout ...
 ✓ Compiled /billing/checkout in 1821ms (807 modules)
 GET /billing/checkout 200 in 2659ms
prisma:query SELECT "public"."Merchant"."id", "public"."Merchant"."cognitoSub", "public"."Merchant"."businessName", "public"."Merchant"."category", "public"."Merchant"."phoneNumber", "public"."Merchant"."logoUrl", "public"."Merchant"."websiteUrl", "public"."Merchant"."facebookUrl", "public"."Merchant"."instagramUrl", "public"."Merchant"."subscriptionStatus"::text, "public"."Merchant"."subscriptionTier"::text, "public"."Merchant"."subscriptionExpiresAt", "public"."Merchant"."createdAt", "public"."Merchant"."updatedAt", "public"."Merchant"."deletedAt" FROM "public"."Merchant" WHERE ("public"."Merchant"."id" = $1 AND 1=1) LIMIT $2 OFFSET $3
 GET /api/auth/me 200 in 107ms
prisma:query SELECT "public"."Merchant"."id", "public"."Merchant"."cognitoSub", "public"."Merchant"."businessName", "public"."Merchant"."category", "public"."Merchant"."phoneNumber", "public"."Merchant"."logoUrl", "public"."Merchant"."websiteUrl", "public"."Merchant"."facebookUrl", "public"."Merchant"."instagramUrl", "public"."Merchant"."subscriptionStatus"::text, "public"."Merchant"."subscriptionTier"::text, "public"."Merchant"."subscriptionExpiresAt", "public"."Merchant"."createdAt", "public"."Merchant"."updatedAt", "public"."Merchant"."deletedAt" FROM "public"."Merchant" WHERE ("public"."Merchant"."id" = $1 AND 1=1) LIMIT $2 OFFSET $3
 GET /api/auth/me 200 in 87ms
 ○ Compiling /offers/new ...
 ✓ Compiled /offers/new in 2s (814 modules)
 GET /offers/new 200 in 3806ms
prisma:query SELECT 1
prisma:query SELECT "public"."Merchant"."id", "public"."Merchant"."cognitoSub", "public"."Merchant"."businessName", "public"."Merchant"."category", "public"."Merchant"."phoneNumber", "public"."Merchant"."logoUrl", "public"."Merchant"."websiteUrl", "public"."Merchant"."facebookUrl", "public"."Merchant"."instagramUrl", "public"."Merchant"."subscriptionStatus"::text, "public"."Merchant"."subscriptionTier"::text, "public"."Merchant"."subscriptionExpiresAt", "public"."Merchant"."createdAt", "public"."Merchant"."updatedAt", "public"."Merchant"."deletedAt" FROM "public"."Merchant" WHERE ("public"."Merchant"."id" = $1 AND 1=1) LIMIT $2 OFFSET $3
 GET /api/auth/me 200 in 134ms
prisma:query SELECT "public"."Merchant"."id", "public"."Merchant"."cognitoSub", "public"."Merchant"."businessName", "public"."Merchant"."category", "public"."Merchant"."phoneNumber", "public"."Merchant"."logoUrl", "public"."Merchant"."websiteUrl", "public"."Merchant"."facebookUrl", "public"."Merchant"."instagramUrl", "public"."Merchant"."subscriptionStatus"::text, "public"."Merchant"."subscriptionTier"::text, "public"."Merchant"."subscriptionExpiresAt", "public"."Merchant"."createdAt", "public"."Merchant"."updatedAt", "public"."Merchant"."deletedAt" FROM "public"."Merchant" WHERE ("public"."Merchant"."id" = $1 AND 1=1) LIMIT $2 OFFSET $3
 GET /api/auth/me 200 in 56ms
 ○ Compiling /offers/[id] ...
 ✓ Compiled /offers/[id] in 2.1s (806 modules)
 GET /offers/cmueb0jc1000srrgal7d5zwhz 200 in 2957ms
prisma:query SELECT "public"."Merchant"."id", "public"."Merchant"."cognitoSub", "public"."Merchant"."businessName", "public"."Merchant"."category", "public"."Merchant"."phoneNumber", "public"."Merchant"."logoUrl", "public"."Merchant"."websiteUrl", "public"."Merchant"."facebookUrl", "public"."Merchant"."instagramUrl", "public"."Merchant"."subscriptionStatus"::text, "public"."Merchant"."subscriptionTier"::text, "public"."Merchant"."subscriptionExpiresAt", "public"."Merchant"."createdAt", "public"."Merchant"."updatedAt", "public"."Merchant"."deletedAt" FROM "public"."Merchant" WHERE ("public"."Merchant"."id" = $1 AND 1=1) LIMIT $2 OFFSET $3
 GET /api/auth/me 200 in 52ms
prisma:query SELECT "public"."Merchant"."id", "public"."Merchant"."cognitoSub", "public"."Merchant"."businessName", "public"."Merchant"."category", "public"."Merchant"."phoneNumber", "public"."Merchant"."logoUrl", "public"."Merchant"."websiteUrl", "public"."Merchant"."facebookUrl", "public"."Merchant"."instagramUrl", "public"."Merchant"."subscriptionStatus"::text, "public"."Merchant"."subscriptionTier"::text, "public"."Merchant"."subscriptionExpiresAt", "public"."Merchant"."createdAt", "public"."Merchant"."updatedAt", "public"."Merchant"."deletedAt" FROM "public"."Merchant" WHERE ("public"."Merchant"."id" = $1 AND 1=1) LIMIT $2 OFFSET $3
 GET /api/auth/me 200 in 90ms
 ○ Compiling /api/offers/[id] ...
 ✓ Compiled /api/offers/[id] in 1555ms (808 modules)
prisma:query SELECT "public"."Merchant"."id", "public"."Merchant"."cognitoSub", "public"."Merchant"."businessName", "public"."Merchant"."category", "public"."Merchant"."phoneNumber", "public"."Merchant"."logoUrl", "public"."Merchant"."websiteUrl", "public"."Merchant"."facebookUrl", "public"."Merchant"."instagramUrl", "public"."Merchant"."subscriptionStatus"::text, "public"."Merchant"."subscriptionTier"::text, "public"."Merchant"."subscriptionExpiresAt", "public"."Merchant"."createdAt", "public"."Merchant"."updatedAt", "public"."Merchant"."deletedAt" FROM "public"."Merchant" WHERE ("public"."Merchant"."id" = $1 AND "public"."Merchant"."deletedAt" IS NULL) LIMIT $2 OFFSET $3
prisma:query SELECT "public"."Offer"."id", "public"."Offer"."merchantId", "public"."Offer"."title", "public"."Offer"."offerType"::text, "public"."Offer"."rewardType"::text, "public"."Offer"."requiredStamps", "public"."Offer"."scratchMode"::text, "public"."Offer"."scratchCursor", "public"."Offer"."scratchOrder", "public"."Offer"."durationDays", "public"."Offer"."posterTemplateUrl", "public"."Offer"."finalPosterUrl", "public"."Offer"."isActive", "public"."Offer"."createdAt", "public"."Offer"."updatedAt", "public"."Offer"."deletedAt" FROM "public"."Offer" WHERE ("public"."Offer"."id" = $1 AND "public"."Offer"."merchantId" = $2 AND "public"."Offer"."deletedAt" IS NULL) LIMIT $3 OFFSET $4
prisma:query SELECT "public"."ScratchItem"."id", "public"."ScratchItem"."offerId", "public"."ScratchItem"."label", "public"."ScratchItem"."sortOrder", "public"."ScratchItem"."createdAt", "public"."ScratchItem"."updatedAt" FROM "public"."ScratchItem" WHERE "public"."ScratchItem"."offerId" IN ($1) ORDER BY "public"."ScratchItem"."sortOrder" ASC OFFSET $2
 GET /api/offers/cmueb0jc1000srrgal7d5zwhz 200 in 1897ms
prisma:query SELECT "public"."Merchant"."id", "public"."Merchant"."cognitoSub", "public"."Merchant"."businessName", "public"."Merchant"."category", "public"."Merchant"."phoneNumber", "public"."Merchant"."logoUrl", "public"."Merchant"."websiteUrl", "public"."Merchant"."facebookUrl", "public"."Merchant"."instagramUrl", "public"."Merchant"."subscriptionStatus"::text, "public"."Merchant"."subscriptionTier"::text, "public"."Merchant"."subscriptionExpiresAt", "public"."Merchant"."createdAt", "public"."Merchant"."updatedAt", "public"."Merchant"."deletedAt" FROM "public"."Merchant" WHERE ("public"."Merchant"."id" = $1 AND "public"."Merchant"."deletedAt" IS NULL) LIMIT $2 OFFSET $3
prisma:query SELECT "public"."Offer"."id", "public"."Offer"."merchantId", "public"."Offer"."title", "public"."Offer"."offerType"::text, "public"."Offer"."rewardType"::text, "public"."Offer"."requiredStamps", "public"."Offer"."scratchMode"::text, "public"."Offer"."scratchCursor", "public"."Offer"."scratchOrder", "public"."Offer"."durationDays", "public"."Offer"."posterTemplateUrl", "public"."Offer"."finalPosterUrl", "public"."Offer"."isActive", "public"."Offer"."createdAt", "public"."Offer"."updatedAt", "public"."Offer"."deletedAt" FROM "public"."Offer" WHERE ("public"."Offer"."id" = $1 AND "public"."Offer"."merchantId" = $2 AND "public"."Offer"."deletedAt" IS NULL) LIMIT $3 OFFSET $4
prisma:query SELECT "public"."ScratchItem"."id", "public"."ScratchItem"."offerId", "public"."ScratchItem"."label", "public"."ScratchItem"."sortOrder", "public"."ScratchItem"."createdAt", "public"."ScratchItem"."updatedAt" FROM "public"."ScratchItem" WHERE "public"."ScratchItem"."offerId" IN ($1) ORDER BY "public"."ScratchItem"."sortOrder" ASC OFFSET $2
 GET /api/offers/cmueb0jc1000srrgal7d5zwhz 200 in 78ms
 ○ Compiling /offers/[id]/qr ...
 ✓ Compiled /offers/[id]/qr in 3s (808 modules)
 GET /offers/cmueb0jc1000srrgal7d5zwhz/qr 200 in 4378ms
prisma:query SELECT "public"."Merchant"."id", "public"."Merchant"."cognitoSub", "public"."Merchant"."businessName", "public"."Merchant"."category", "public"."Merchant"."phoneNumber", "public"."Merchant"."logoUrl", "public"."Merchant"."websiteUrl", "public"."Merchant"."facebookUrl", "public"."Merchant"."instagramUrl", "public"."Merchant"."subscriptionStatus"::text, "public"."Merchant"."subscriptionTier"::text, "public"."Merchant"."subscriptionExpiresAt", "public"."Merchant"."createdAt", "public"."Merchant"."updatedAt", "public"."Merchant"."deletedAt" FROM "public"."Merchant" WHERE ("public"."Merchant"."id" = $1 AND 1=1) LIMIT $2 OFFSET $3
 GET /api/auth/me 200 in 508ms
prisma:query SELECT "public"."Merchant"."id", "public"."Merchant"."cognitoSub", "public"."Merchant"."businessName", "public"."Merchant"."category", "public"."Merchant"."phoneNumber", "public"."Merchant"."logoUrl", "public"."Merchant"."websiteUrl", "public"."Merchant"."facebookUrl", "public"."Merchant"."instagramUrl", "public"."Merchant"."subscriptionStatus"::text, "public"."Merchant"."subscriptionTier"::text, "public"."Merchant"."subscriptionExpiresAt", "public"."Merchant"."createdAt", "public"."Merchant"."updatedAt", "public"."Merchant"."deletedAt" FROM "public"."Merchant" WHERE ("public"."Merchant"."id" = $1 AND 1=1) LIMIT $2 OFFSET $3
 GET /api/auth/me 200 in 84ms
 ○ Compiling /api/offers/[id]/qr ...
 ✓ Compiled /api/offers/[id]/qr in 2.7s (873 modules)
prisma:query SELECT "public"."Merchant"."id", "public"."Merchant"."cognitoSub", "public"."Merchant"."businessName", "public"."Merchant"."category", "public"."Merchant"."phoneNumber", "public"."Merchant"."logoUrl", "public"."Merchant"."websiteUrl", "public"."Merchant"."facebookUrl", "public"."Merchant"."instagramUrl", "public"."Merchant"."subscriptionStatus"::text, "public"."Merchant"."subscriptionTier"::text, "public"."Merchant"."subscriptionExpiresAt", "public"."Merchant"."createdAt", "public"."Merchant"."updatedAt", "public"."Merchant"."deletedAt" FROM "public"."Merchant" WHERE ("public"."Merchant"."id" = $1 AND "public"."Merchant"."deletedAt" IS NULL) LIMIT $2 OFFSET $3
prisma:query SELECT "public"."Offer"."id", "public"."Offer"."merchantId", "public"."Offer"."title", "public"."Offer"."offerType"::text, "public"."Offer"."rewardType"::text, "public"."Offer"."requiredStamps", "public"."Offer"."scratchMode"::text, "public"."Offer"."scratchCursor", "public"."Offer"."scratchOrder", "public"."Offer"."durationDays", "public"."Offer"."posterTemplateUrl", "public"."Offer"."finalPosterUrl", "public"."Offer"."isActive", "public"."Offer"."createdAt", "public"."Offer"."updatedAt", "public"."Offer"."deletedAt" FROM "public"."Offer" WHERE ("public"."Offer"."id" = $1 AND "public"."Offer"."merchantId" = $2 AND "public"."Offer"."deletedAt" IS NULL) LIMIT $3 OFFSET $4
prisma:query SELECT "public"."ScratchItem"."id", "public"."ScratchItem"."offerId", "public"."ScratchItem"."label", "public"."ScratchItem"."sortOrder", "public"."ScratchItem"."createdAt", "public"."ScratchItem"."updatedAt" FROM "public"."ScratchItem" WHERE "public"."ScratchItem"."offerId" IN ($1) ORDER BY "public"."ScratchItem"."sortOrder" ASC OFFSET $2
 GET /api/offers/cmueb0jc1000srrgal7d5zwhz/qr 200 in 5467ms
prisma:query SELECT "public"."Merchant"."id", "public"."Merchant"."cognitoSub", "public"."Merchant"."businessName", "public"."Merchant"."category", "public"."Merchant"."phoneNumber", "public"."Merchant"."logoUrl", "public"."Merchant"."websiteUrl", "public"."Merchant"."facebookUrl", "public"."Merchant"."instagramUrl", "public"."Merchant"."subscriptionStatus"::text, "public"."Merchant"."subscriptionTier"::text, "public"."Merchant"."subscriptionExpiresAt", "public"."Merchant"."createdAt", "public"."Merchant"."updatedAt", "public"."Merchant"."deletedAt" FROM "public"."Merchant" WHERE ("public"."Merchant"."id" = $1 AND "public"."Merchant"."deletedAt" IS NULL) LIMIT $2 OFFSET $3
prisma:query SELECT "public"."Offer"."id", "public"."Offer"."merchantId", "public"."Offer"."title", "public"."Offer"."offerType"::text, "public"."Offer"."rewardType"::text, "public"."Offer"."requiredStamps", "public"."Offer"."scratchMode"::text, "public"."Offer"."scratchCursor", "public"."Offer"."scratchOrder", "public"."Offer"."durationDays", "public"."Offer"."posterTemplateUrl", "public"."Offer"."finalPosterUrl", "public"."Offer"."isActive", "public"."Offer"."createdAt", "public"."Offer"."updatedAt", "public"."Offer"."deletedAt" FROM "public"."Offer" WHERE ("public"."Offer"."id" = $1 AND "public"."Offer"."merchantId" = $2 AND "public"."Offer"."deletedAt" IS NULL) LIMIT $3 OFFSET $4
prisma:query SELECT "public"."ScratchItem"."id", "public"."ScratchItem"."offerId", "public"."ScratchItem"."label", "public"."ScratchItem"."sortOrder", "public"."ScratchItem"."createdAt", "public"."ScratchItem"."updatedAt" FROM "public"."ScratchItem" WHERE "public"."ScratchItem"."offerId" IN ($1) ORDER BY "public"."ScratchItem"."sortOrder" ASC OFFSET $2
 GET /api/offers/cmueb0jc1000srrgal7d5zwhz/qr 200 in 1565ms
 ○ Compiling /settings ...
 ✓ Compiled /settings in 1963ms (871 modules)
 GET /settings 200 in 2640ms
prisma:query SELECT 1
prisma:query SELECT "public"."Merchant"."id", "public"."Merchant"."cognitoSub", "public"."Merchant"."businessName", "public"."Merchant"."category", "public"."Merchant"."phoneNumber", "public"."Merchant"."logoUrl", "public"."Merchant"."websiteUrl", "public"."Merchant"."facebookUrl", "public"."Merchant"."instagramUrl", "public"."Merchant"."subscriptionStatus"::text, "public"."Merchant"."subscriptionTier"::text, "public"."Merchant"."subscriptionExpiresAt", "public"."Merchant"."createdAt", "public"."Merchant"."updatedAt", "public"."Merchant"."deletedAt" FROM "public"."Merchant" WHERE ("public"."Merchant"."id" = $1 AND 1=1) LIMIT $2 OFFSET $3
 GET /api/auth/me 200 in 205ms
prisma:query SELECT "public"."Merchant"."id", "public"."Merchant"."cognitoSub", "public"."Merchant"."businessName", "public"."Merchant"."category", "public"."Merchant"."phoneNumber", "public"."Merchant"."logoUrl", "public"."Merchant"."websiteUrl", "public"."Merchant"."facebookUrl", "public"."Merchant"."instagramUrl", "public"."Merchant"."subscriptionStatus"::text, "public"."Merchant"."subscriptionTier"::text, "public"."Merchant"."subscriptionExpiresAt", "public"."Merchant"."createdAt", "public"."Merchant"."updatedAt", "public"."Merchant"."deletedAt" FROM "public"."Merchant" WHERE ("public"."Merchant"."id" = $1 AND 1=1) LIMIT $2 OFFSET $3
 GET /api/auth/me 200 in 86ms
 ○ Compiling /api/merchant/settings ...
 ✓ Compiled /api/merchant/settings in 2.1s (873 modules)
prisma:query SELECT "public"."Merchant"."id", "public"."Merchant"."cognitoSub", "public"."Merchant"."businessName", "public"."Merchant"."category", "public"."Merchant"."phoneNumber", "public"."Merchant"."logoUrl", "public"."Merchant"."websiteUrl", "public"."Merchant"."facebookUrl", "public"."Merchant"."instagramUrl", "public"."Merchant"."subscriptionStatus"::text, "public"."Merchant"."subscriptionTier"::text, "public"."Merchant"."subscriptionExpiresAt", "public"."Merchant"."createdAt", "public"."Merchant"."updatedAt", "public"."Merchant"."deletedAt" FROM "public"."Merchant" WHERE ("public"."Merchant"."id" = $1 AND "public"."Merchant"."deletedAt" IS NULL) LIMIT $2 OFFSET $3
 GET /api/merchant/settings 200 in 2781ms
prisma:query SELECT "public"."Merchant"."id", "public"."Merchant"."cognitoSub", "public"."Merchant"."businessName", "public"."Merchant"."category", "public"."Merchant"."phoneNumber", "public"."Merchant"."logoUrl", "public"."Merchant"."websiteUrl", "public"."Merchant"."facebookUrl", "public"."Merchant"."instagramUrl", "public"."Merchant"."subscriptionStatus"::text, "public"."Merchant"."subscriptionTier"::text, "public"."Merchant"."subscriptionExpiresAt", "public"."Merchant"."createdAt", "public"."Merchant"."updatedAt", "public"."Merchant"."deletedAt" FROM "public"."Merchant" WHERE ("public"."Merchant"."id" = $1 AND "public"."Merchant"."deletedAt" IS NULL) LIMIT $2 OFFSET $3
 GET /api/merchant/settings 200 in 269ms
 ○ Compiling /api/auth/otp/send ...
 ✓ Compiled /api/auth/otp/send in 2.1s (876 modules)
[OTP:dev] 01674372768 -> 814854
 POST /api/auth/otp/send 200 in 2607ms
 ○ Compiling /api/auth/otp/verify ...
 ✓ Compiled /api/auth/otp/verify in 2.3s (878 modules)
prisma:query SELECT "public"."Merchant"."id", "public"."Merchant"."cognitoSub", "public"."Merchant"."businessName", "public"."Merchant"."category", "public"."Merchant"."phoneNumber", "public"."Merchant"."logoUrl", "public"."Merchant"."websiteUrl", "public"."Merchant"."facebookUrl", "public"."Merchant"."instagramUrl", "public"."Merchant"."subscriptionStatus"::text, "public"."Merchant"."subscriptionTier"::text, "public"."Merchant"."subscriptionExpiresAt", "public"."Merchant"."createdAt", "public"."Merchant"."updatedAt", "public"."Merchant"."deletedAt" FROM "public"."Merchant" WHERE ("public"."Merchant"."phoneNumber" = $1 AND 1=1) LIMIT $2 OFFSET $3
 POST /api/auth/otp/verify 200 in 2992ms
 ○ Compiling /scan/[offerId] ...
 ✓ Compiled /scan/[offerId] in 3.8s (905 modules)
 GET /scan/cmueb0jc1000srrgal7d5zwhz 200 in 5590ms
prisma:query SELECT 1
prisma:query SELECT "public"."Merchant"."id", "public"."Merchant"."cognitoSub", "public"."Merchant"."businessName", "public"."Merchant"."category", "public"."Merchant"."phoneNumber", "public"."Merchant"."logoUrl", "public"."Merchant"."websiteUrl", "public"."Merchant"."facebookUrl", "public"."Merchant"."instagramUrl", "public"."Merchant"."subscriptionStatus"::text, "public"."Merchant"."subscriptionTier"::text, "public"."Merchant"."subscriptionExpiresAt", "public"."Merchant"."createdAt", "public"."Merchant"."updatedAt", "public"."Merchant"."deletedAt" FROM "public"."Merchant" WHERE ("public"."Merchant"."id" = $1 AND 1=1) LIMIT $2 OFFSET $3
 GET /api/auth/me 200 in 185ms
 ○ Compiling /api/customer/offers/[offerId] ...
 ✓ Compiled /api/customer/offers/[offerId] in 3.4s (903 modules)
prisma:query SELECT "public"."Merchant"."id", "public"."Merchant"."cognitoSub", "public"."Merchant"."businessName", "public"."Merchant"."category", "public"."Merchant"."phoneNumber", "public"."Merchant"."logoUrl", "public"."Merchant"."websiteUrl", "public"."Merchant"."facebookUrl", "public"."Merchant"."instagramUrl", "public"."Merchant"."subscriptionStatus"::text, "public"."Merchant"."subscriptionTier"::text, "public"."Merchant"."subscriptionExpiresAt", "public"."Merchant"."createdAt", "public"."Merchant"."updatedAt", "public"."Merchant"."deletedAt" FROM "public"."Merchant" WHERE ("public"."Merchant"."id" = $1 AND 1=1) LIMIT $2 OFFSET $3
 GET /api/auth/me 200 in 5420ms
prisma:query SELECT "public"."Offer"."id", "public"."Offer"."merchantId", "public"."Offer"."title", "public"."Offer"."offerType"::text, "public"."Offer"."rewardType"::text, "public"."Offer"."requiredStamps", "public"."Offer"."scratchMode"::text, "public"."Offer"."scratchCursor", "public"."Offer"."scratchOrder", "public"."Offer"."durationDays", "public"."Offer"."posterTemplateUrl", "public"."Offer"."finalPosterUrl", "public"."Offer"."isActive", "public"."Offer"."createdAt", "public"."Offer"."updatedAt", "public"."Offer"."deletedAt" FROM "public"."Offer" WHERE ("public"."Offer"."id" = $1 AND "public"."Offer"."deletedAt" IS NULL) LIMIT $2 OFFSET $3
prisma:query SELECT "public"."Merchant"."id", "public"."Merchant"."cognitoSub", "public"."Merchant"."businessName", "public"."Merchant"."category", "public"."Merchant"."phoneNumber", "public"."Merchant"."logoUrl", "public"."Merchant"."websiteUrl", "public"."Merchant"."facebookUrl", "public"."Merchant"."instagramUrl", "public"."Merchant"."subscriptionStatus"::text, "public"."Merchant"."subscriptionTier"::text, "public"."Merchant"."subscriptionExpiresAt", "public"."Merchant"."createdAt", "public"."Merchant"."updatedAt", "public"."Merchant"."deletedAt" FROM "public"."Merchant" WHERE "public"."Merchant"."id" IN ($1) OFFSET $2
prisma:query SELECT "public"."Branch"."id", "public"."Branch"."merchantId", "public"."Branch"."branchName", "public"."Branch"."address", "public"."Branch"."latitude", "public"."Branch"."longitude", "public"."Branch"."createdAt", "public"."Branch"."updatedAt", "public"."Branch"."deletedAt" FROM "public"."Branch" WHERE ("public"."Branch"."deletedAt" IS NULL AND "public"."Branch"."merchantId" IN ($1)) OFFSET $2
prisma:query SELECT "public"."ScratchItem"."id", "public"."ScratchItem"."offerId" FROM "public"."ScratchItem" WHERE "public"."ScratchItem"."offerId" IN ($1) OFFSET $2
prisma:query SELECT "public"."CustomerStamp"."id", "public"."CustomerStamp"."merchantId", "public"."CustomerStamp"."customerPhone", "public"."CustomerStamp"."stampsCollected", "public"."CustomerStamp"."totalRedeemed", "public"."CustomerStamp"."lastScannedAt", "public"."CustomerStamp"."lastReviewAt", "public"."CustomerStamp"."createdAt", "public"."CustomerStamp"."updatedAt", "public"."CustomerStamp"."deletedAt" FROM "public"."CustomerStamp" WHERE (("public"."CustomerStamp"."merchantId" = $1 AND "public"."CustomerStamp"."customerPhone" = $2) AND 1=1) LIMIT $3 OFFSET $4
 GET /api/customer/offers/cmueb0jc1000srrgal7d5zwhz 200 in 5729ms
prisma:query SELECT "public"."Offer"."id", "public"."Offer"."merchantId", "public"."Offer"."title", "public"."Offer"."offerType"::text, "public"."Offer"."rewardType"::text, "public"."Offer"."requiredStamps", "public"."Offer"."scratchMode"::text, "public"."Offer"."scratchCursor", "public"."Offer"."scratchOrder", "public"."Offer"."durationDays", "public"."Offer"."posterTemplateUrl", "public"."Offer"."finalPosterUrl", "public"."Offer"."isActive", "public"."Offer"."createdAt", "public"."Offer"."updatedAt", "public"."Offer"."deletedAt" FROM "public"."Offer" WHERE ("public"."Offer"."id" = $1 AND "public"."Offer"."deletedAt" IS NULL) LIMIT $2 OFFSET $3
prisma:query SELECT "public"."Merchant"."id", "public"."Merchant"."cognitoSub", "public"."Merchant"."businessName", "public"."Merchant"."category", "public"."Merchant"."phoneNumber", "public"."Merchant"."logoUrl", "public"."Merchant"."websiteUrl", "public"."Merchant"."facebookUrl", "public"."Merchant"."instagramUrl", "public"."Merchant"."subscriptionStatus"::text, "public"."Merchant"."subscriptionTier"::text, "public"."Merchant"."subscriptionExpiresAt", "public"."Merchant"."createdAt", "public"."Merchant"."updatedAt", "public"."Merchant"."deletedAt" FROM "public"."Merchant" WHERE "public"."Merchant"."id" IN ($1) OFFSET $2
prisma:query SELECT "public"."Branch"."id", "public"."Branch"."merchantId", "public"."Branch"."branchName", "public"."Branch"."address", "public"."Branch"."latitude", "public"."Branch"."longitude", "public"."Branch"."createdAt", "public"."Branch"."updatedAt", "public"."Branch"."deletedAt" FROM "public"."Branch" WHERE ("public"."Branch"."deletedAt" IS NULL AND "public"."Branch"."merchantId" IN ($1)) OFFSET $2
prisma:query SELECT "public"."ScratchItem"."id", "public"."ScratchItem"."offerId" FROM "public"."ScratchItem" WHERE "public"."ScratchItem"."offerId" IN ($1) OFFSET $2
prisma:query SELECT "public"."CustomerStamp"."id", "public"."CustomerStamp"."merchantId", "public"."CustomerStamp"."customerPhone", "public"."CustomerStamp"."stampsCollected", "public"."CustomerStamp"."totalRedeemed", "public"."CustomerStamp"."lastScannedAt", "public"."CustomerStamp"."lastReviewAt", "public"."CustomerStamp"."createdAt", "public"."CustomerStamp"."updatedAt", "public"."CustomerStamp"."deletedAt" FROM "public"."CustomerStamp" WHERE (("public"."CustomerStamp"."merchantId" = $1 AND "public"."CustomerStamp"."customerPhone" = $2) AND 1=1) LIMIT $3 OFFSET $4
 GET /api/customer/offers/cmueb0jc1000srrgal7d5zwhz 200 in 246ms
 ○ Compiling /stamp-card ...
 ✓ Compiled /stamp-card in 2.6s (909 modules)
 GET /stamp-card 200 in 3283ms
 ○ Compiling /api/customer/cards ...
 ✓ Compiled /api/customer/cards in 1794ms (899 modules)
prisma:query SELECT 1
prisma:query SELECT "public"."Merchant"."id", "public"."Merchant"."cognitoSub", "public"."Merchant"."businessName", "public"."Merchant"."category", "public"."Merchant"."phoneNumber", "public"."Merchant"."logoUrl", "public"."Merchant"."websiteUrl", "public"."Merchant"."facebookUrl", "public"."Merchant"."instagramUrl", "public"."Merchant"."subscriptionStatus"::text, "public"."Merchant"."subscriptionTier"::text, "public"."Merchant"."subscriptionExpiresAt", "public"."Merchant"."createdAt", "public"."Merchant"."updatedAt", "public"."Merchant"."deletedAt" FROM "public"."Merchant" WHERE ("public"."Merchant"."id" = $1 AND 1=1) LIMIT $2 OFFSET $3
 GET /api/auth/me 200 in 3503ms
prisma:query SELECT "public"."CustomerStamp"."id", "public"."CustomerStamp"."merchantId", "public"."CustomerStamp"."customerPhone", "public"."CustomerStamp"."stampsCollected", "public"."CustomerStamp"."totalRedeemed", "public"."CustomerStamp"."lastScannedAt", "public"."CustomerStamp"."lastReviewAt", "public"."CustomerStamp"."createdAt", "public"."CustomerStamp"."updatedAt", "public"."CustomerStamp"."deletedAt" FROM "public"."CustomerStamp" WHERE ("public"."CustomerStamp"."customerPhone" = $1 AND "public"."CustomerStamp"."deletedAt" IS NULL) ORDER BY "public"."CustomerStamp"."updatedAt" DESC OFFSET $2
prisma:query SELECT "public"."Merchant"."id", "public"."Merchant"."businessName", "public"."Merchant"."category", "public"."Merchant"."logoUrl", "public"."Merchant"."deletedAt" FROM "public"."Merchant" WHERE "public"."Merchant"."id" IN ($1,$2) OFFSET $3
prisma:query SELECT "public"."Offer"."id", "public"."Offer"."title", "public"."Offer"."rewardType"::text, "public"."Offer"."requiredStamps", "public"."Offer"."isActive", "public"."Offer"."createdAt" FROM "public"."Offer" WHERE ("public"."Offer"."merchantId" = $1 AND "public"."Offer"."deletedAt" IS NULL AND "public"."Offer"."isActive" = $2 AND "public"."Offer"."offerType" = CAST($3::text AS "public"."OfferType")) ORDER BY "public"."Offer"."createdAt" DESC LIMIT $4 OFFSET $5
prisma:query SELECT "public"."Offer"."id", "public"."Offer"."title", "public"."Offer"."rewardType"::text, "public"."Offer"."requiredStamps", "public"."Offer"."isActive", "public"."Offer"."createdAt" FROM "public"."Offer" WHERE ("public"."Offer"."merchantId" = $1 AND "public"."Offer"."deletedAt" IS NULL AND "public"."Offer"."isActive" = $2 AND "public"."Offer"."offerType" = CAST($3::text AS "public"."OfferType")) ORDER BY "public"."Offer"."createdAt" DESC LIMIT $4 OFFSET $5
 GET /api/customer/cards 200 in 3708ms
prisma:query SELECT "public"."Merchant"."id", "public"."Merchant"."cognitoSub", "public"."Merchant"."businessName", "public"."Merchant"."category", "public"."Merchant"."phoneNumber", "public"."Merchant"."logoUrl", "public"."Merchant"."websiteUrl", "public"."Merchant"."facebookUrl", "public"."Merchant"."instagramUrl", "public"."Merchant"."subscriptionStatus"::text, "public"."Merchant"."subscriptionTier"::text, "public"."Merchant"."subscriptionExpiresAt", "public"."Merchant"."createdAt", "public"."Merchant"."updatedAt", "public"."Merchant"."deletedAt" FROM "public"."Merchant" WHERE ("public"."Merchant"."id" = $1 AND 1=1) LIMIT $2 OFFSET $3
 GET /api/auth/me 200 in 215ms
prisma:query SELECT "public"."CustomerStamp"."id", "public"."CustomerStamp"."merchantId", "public"."CustomerStamp"."customerPhone", "public"."CustomerStamp"."stampsCollected", "public"."CustomerStamp"."totalRedeemed", "public"."CustomerStamp"."lastScannedAt", "public"."CustomerStamp"."lastReviewAt", "public"."CustomerStamp"."createdAt", "public"."CustomerStamp"."updatedAt", "public"."CustomerStamp"."deletedAt" FROM "public"."CustomerStamp" WHERE ("public"."CustomerStamp"."customerPhone" = $1 AND "public"."CustomerStamp"."deletedAt" IS NULL) ORDER BY "public"."CustomerStamp"."updatedAt" DESC OFFSET $2
prisma:query SELECT "public"."Merchant"."id", "public"."Merchant"."businessName", "public"."Merchant"."category", "public"."Merchant"."logoUrl", "public"."Merchant"."deletedAt" FROM "public"."Merchant" WHERE "public"."Merchant"."id" IN ($1,$2) OFFSET $3
prisma:query SELECT "public"."Offer"."id", "public"."Offer"."title", "public"."Offer"."rewardType"::text, "public"."Offer"."requiredStamps", "public"."Offer"."isActive", "public"."Offer"."createdAt" FROM "public"."Offer" WHERE ("public"."Offer"."merchantId" = $1 AND "public"."Offer"."deletedAt" IS NULL AND "public"."Offer"."isActive" = $2 AND "public"."Offer"."offerType" = CAST($3::text AS "public"."OfferType")) ORDER BY "public"."Offer"."createdAt" DESC LIMIT $4 OFFSET $5
prisma:query SELECT "public"."Offer"."id", "public"."Offer"."title", "public"."Offer"."rewardType"::text, "public"."Offer"."requiredStamps", "public"."Offer"."isActive", "public"."Offer"."createdAt" FROM "public"."Offer" WHERE ("public"."Offer"."merchantId" = $1 AND "public"."Offer"."deletedAt" IS NULL AND "public"."Offer"."isActive" = $2 AND "public"."Offer"."offerType" = CAST($3::text AS "public"."OfferType")) ORDER BY "public"."Offer"."createdAt" DESC LIMIT $4 OFFSET $5
 GET /api/customer/cards 200 in 244ms
 ○ Compiling /reward ...
 ✓ Compiled /reward in 2.1s (832 modules)
 GET /reward 200 in 2920ms
prisma:query SELECT "public"."CustomerStamp"."id", "public"."CustomerStamp"."merchantId", "public"."CustomerStamp"."customerPhone", "public"."CustomerStamp"."stampsCollected", "public"."CustomerStamp"."totalRedeemed", "public"."CustomerStamp"."lastScannedAt", "public"."CustomerStamp"."lastReviewAt", "public"."CustomerStamp"."createdAt", "public"."CustomerStamp"."updatedAt", "public"."CustomerStamp"."deletedAt" FROM "public"."CustomerStamp" WHERE ("public"."CustomerStamp"."customerPhone" = $1 AND "public"."CustomerStamp"."deletedAt" IS NULL) ORDER BY "public"."CustomerStamp"."updatedAt" DESC OFFSET $2
prisma:query SELECT "public"."Merchant"."id", "public"."Merchant"."businessName", "public"."Merchant"."category", "public"."Merchant"."logoUrl", "public"."Merchant"."deletedAt" FROM "public"."Merchant" WHERE "public"."Merchant"."id" IN ($1,$2) OFFSET $3
prisma:query SELECT "public"."Offer"."id", "public"."Offer"."title", "public"."Offer"."rewardType"::text, "public"."Offer"."requiredStamps", "public"."Offer"."isActive", "public"."Offer"."createdAt" FROM "public"."Offer" WHERE ("public"."Offer"."merchantId" = $1 AND "public"."Offer"."deletedAt" IS NULL AND "public"."Offer"."isActive" = $2 AND "public"."Offer"."offerType" = CAST($3::text AS "public"."OfferType")) ORDER BY "public"."Offer"."createdAt" DESC LIMIT $4 OFFSET $5
prisma:query SELECT "public"."Offer"."id", "public"."Offer"."title", "public"."Offer"."rewardType"::text, "public"."Offer"."requiredStamps", "public"."Offer"."isActive", "public"."Offer"."createdAt" FROM "public"."Offer" WHERE ("public"."Offer"."merchantId" = $1 AND "public"."Offer"."deletedAt" IS NULL AND "public"."Offer"."isActive" = $2 AND "public"."Offer"."offerType" = CAST($3::text AS "public"."OfferType")) ORDER BY "public"."Offer"."createdAt" DESC LIMIT $4 OFFSET $5
prisma:query SELECT "public"."Merchant"."id", "public"."Merchant"."cognitoSub", "public"."Merchant"."businessName", "public"."Merchant"."category", "public"."Merchant"."phoneNumber", "public"."Merchant"."logoUrl", "public"."Merchant"."websiteUrl", "public"."Merchant"."facebookUrl", "public"."Merchant"."instagramUrl", "public"."Merchant"."subscriptionStatus"::text, "public"."Merchant"."subscriptionTier"::text, "public"."Merchant"."subscriptionExpiresAt", "public"."Merchant"."createdAt", "public"."Merchant"."updatedAt", "public"."Merchant"."deletedAt" FROM "public"."Merchant" WHERE ("public"."Merchant"."id" = $1 AND 1=1) LIMIT $2 OFFSET $3
 GET /api/customer/cards 200 in 205ms
 GET /api/auth/me 200 in 211ms
prisma:query SELECT "public"."CustomerStamp"."id", "public"."CustomerStamp"."merchantId", "public"."CustomerStamp"."customerPhone", "public"."CustomerStamp"."stampsCollected", "public"."CustomerStamp"."totalRedeemed", "public"."CustomerStamp"."lastScannedAt", "public"."CustomerStamp"."lastReviewAt", "public"."CustomerStamp"."createdAt", "public"."CustomerStamp"."updatedAt", "public"."CustomerStamp"."deletedAt" FROM "public"."CustomerStamp" WHERE ("public"."CustomerStamp"."customerPhone" = $1 AND "public"."CustomerStamp"."deletedAt" IS NULL) ORDER BY "public"."CustomerStamp"."updatedAt" DESC OFFSET $2
prisma:query SELECT "public"."Merchant"."id", "public"."Merchant"."businessName", "public"."Merchant"."category", "public"."Merchant"."logoUrl", "public"."Merchant"."deletedAt" FROM "public"."Merchant" WHERE "public"."Merchant"."id" IN ($1,$2) OFFSET $3
prisma:query SELECT "public"."Offer"."id", "public"."Offer"."title", "public"."Offer"."rewardType"::text, "public"."Offer"."requiredStamps", "public"."Offer"."isActive", "public"."Offer"."createdAt" FROM "public"."Offer" WHERE ("public"."Offer"."merchantId" = $1 AND "public"."Offer"."deletedAt" IS NULL AND "public"."Offer"."isActive" = $2 AND "public"."Offer"."offerType" = CAST($3::text AS "public"."OfferType")) ORDER BY "public"."Offer"."createdAt" DESC LIMIT $4 OFFSET $5
prisma:query SELECT "public"."Merchant"."id", "public"."Merchant"."cognitoSub", "public"."Merchant"."businessName", "public"."Merchant"."category", "public"."Merchant"."phoneNumber", "public"."Merchant"."logoUrl", "public"."Merchant"."websiteUrl", "public"."Merchant"."facebookUrl", "public"."Merchant"."instagramUrl", "public"."Merchant"."subscriptionStatus"::text, "public"."Merchant"."subscriptionTier"::text, "public"."Merchant"."subscriptionExpiresAt", "public"."Merchant"."createdAt", "public"."Merchant"."updatedAt", "public"."Merchant"."deletedAt" FROM "public"."Merchant" WHERE ("public"."Merchant"."id" = $1 AND 1=1) LIMIT $2 OFFSET $3
 GET /api/auth/me 200 in 193ms
prisma:query SELECT "public"."Offer"."id", "public"."Offer"."title", "public"."Offer"."rewardType"::text, "public"."Offer"."requiredStamps", "public"."Offer"."isActive", "public"."Offer"."createdAt" FROM "public"."Offer" WHERE ("public"."Offer"."merchantId" = $1 AND "public"."Offer"."deletedAt" IS NULL AND "public"."Offer"."isActive" = $2 AND "public"."Offer"."offerType" = CAST($3::text AS "public"."OfferType")) ORDER BY "public"."Offer"."createdAt" DESC LIMIT $4 OFFSET $5
 GET /api/customer/cards 200 in 563ms
 ○ Compiling /profile ...
 ✓ Compiled /profile in 1581ms (826 modules)
 GET /profile 200 in 2105ms
prisma:query SELECT "public"."Merchant"."id", "public"."Merchant"."cognitoSub", "public"."Merchant"."businessName", "public"."Merchant"."category", "public"."Merchant"."phoneNumber", "public"."Merchant"."logoUrl", "public"."Merchant"."websiteUrl", "public"."Merchant"."facebookUrl", "public"."Merchant"."instagramUrl", "public"."Merchant"."subscriptionStatus"::text, "public"."Merchant"."subscriptionTier"::text, "public"."Merchant"."subscriptionExpiresAt", "public"."Merchant"."createdAt", "public"."Merchant"."updatedAt", "public"."Merchant"."deletedAt" FROM "public"."Merchant" WHERE ("public"."Merchant"."id" = $1 AND 1=1) LIMIT $2 OFFSET $3
 GET /api/auth/me 200 in 192ms
prisma:query SELECT "public"."CustomerStamp"."id", "public"."CustomerStamp"."merchantId", "public"."CustomerStamp"."customerPhone", "public"."CustomerStamp"."stampsCollected", "public"."CustomerStamp"."totalRedeemed", "public"."CustomerStamp"."lastScannedAt", "public"."CustomerStamp"."lastReviewAt", "public"."CustomerStamp"."createdAt", "public"."CustomerStamp"."updatedAt", "public"."CustomerStamp"."deletedAt" FROM "public"."CustomerStamp" WHERE ("public"."CustomerStamp"."customerPhone" = $1 AND "public"."CustomerStamp"."deletedAt" IS NULL) ORDER BY "public"."CustomerStamp"."updatedAt" DESC OFFSET $2
prisma:query SELECT "public"."Merchant"."id", "public"."Merchant"."businessName", "public"."Merchant"."category", "public"."Merchant"."logoUrl", "public"."Merchant"."deletedAt" FROM "public"."Merchant" WHERE "public"."Merchant"."id" IN ($1,$2) OFFSET $3
prisma:query SELECT "public"."Offer"."id", "public"."Offer"."title", "public"."Offer"."rewardType"::text, "public"."Offer"."requiredStamps", "public"."Offer"."isActive", "public"."Offer"."createdAt" FROM "public"."Offer" WHERE ("public"."Offer"."merchantId" = $1 AND "public"."Offer"."deletedAt" IS NULL AND "public"."Offer"."isActive" = $2 AND "public"."Offer"."offerType" = CAST($3::text AS "public"."OfferType")) ORDER BY "public"."Offer"."createdAt" DESC LIMIT $4 OFFSET $5
prisma:query SELECT "public"."Offer"."id", "public"."Offer"."title", "public"."Offer"."rewardType"::text, "public"."Offer"."requiredStamps", "public"."Offer"."isActive", "public"."Offer"."createdAt" FROM "public"."Offer" WHERE ("public"."Offer"."merchantId" = $1 AND "public"."Offer"."deletedAt" IS NULL AND "public"."Offer"."isActive" = $2 AND "public"."Offer"."offerType" = CAST($3::text AS "public"."OfferType")) ORDER BY "public"."Offer"."createdAt" DESC LIMIT $4 OFFSET $5
 GET /api/customer/cards 200 in 192ms
prisma:query SELECT "public"."Merchant"."id", "public"."Merchant"."cognitoSub", "public"."Merchant"."businessName", "public"."Merchant"."category", "public"."Merchant"."phoneNumber", "public"."Merchant"."logoUrl", "public"."Merchant"."websiteUrl", "public"."Merchant"."facebookUrl", "public"."Merchant"."instagramUrl", "public"."Merchant"."subscriptionStatus"::text, "public"."Merchant"."subscriptionTier"::text, "public"."Merchant"."subscriptionExpiresAt", "public"."Merchant"."createdAt", "public"."Merchant"."updatedAt", "public"."Merchant"."deletedAt" FROM "public"."Merchant" WHERE ("public"."Merchant"."id" = $1 AND 1=1) LIMIT $2 OFFSET $3
 GET /api/auth/me 200 in 66ms
prisma:query SELECT "public"."CustomerStamp"."id", "public"."CustomerStamp"."merchantId", "public"."CustomerStamp"."customerPhone", "public"."CustomerStamp"."stampsCollected", "public"."CustomerStamp"."totalRedeemed", "public"."CustomerStamp"."lastScannedAt", "public"."CustomerStamp"."lastReviewAt", "public"."CustomerStamp"."createdAt", "public"."CustomerStamp"."updatedAt", "public"."CustomerStamp"."deletedAt" FROM "public"."CustomerStamp" WHERE ("public"."CustomerStamp"."customerPhone" = $1 AND "public"."CustomerStamp"."deletedAt" IS NULL) ORDER BY "public"."CustomerStamp"."updatedAt" DESC OFFSET $2
prisma:query SELECT "public"."Merchant"."id", "public"."Merchant"."businessName", "public"."Merchant"."category", "public"."Merchant"."logoUrl", "public"."Merchant"."deletedAt" FROM "public"."Merchant" WHERE "public"."Merchant"."id" IN ($1,$2) OFFSET $3
prisma:query SELECT "public"."Offer"."id", "public"."Offer"."title", "public"."Offer"."rewardType"::text, "public"."Offer"."requiredStamps", "public"."Offer"."isActive", "public"."Offer"."createdAt" FROM "public"."Offer" WHERE ("public"."Offer"."merchantId" = $1 AND "public"."Offer"."deletedAt" IS NULL AND "public"."Offer"."isActive" = $2 AND "public"."Offer"."offerType" = CAST($3::text AS "public"."OfferType")) ORDER BY "public"."Offer"."createdAt" DESC LIMIT $4 OFFSET $5
prisma:query SELECT "public"."Offer"."id", "public"."Offer"."title", "public"."Offer"."rewardType"::text, "public"."Offer"."requiredStamps", "public"."Offer"."isActive", "public"."Offer"."createdAt" FROM "public"."Offer" WHERE ("public"."Offer"."merchantId" = $1 AND "public"."Offer"."deletedAt" IS NULL AND "public"."Offer"."isActive" = $2 AND "public"."Offer"."offerType" = CAST($3::text AS "public"."OfferType")) ORDER BY "public"."Offer"."createdAt" DESC LIMIT $4 OFFSET $5
 GET /api/customer/cards 200 in 130ms
prisma:query SELECT "public"."Merchant"."id", "public"."Merchant"."cognitoSub", "public"."Merchant"."businessName", "public"."Merchant"."category", "public"."Merchant"."phoneNumber", "public"."Merchant"."logoUrl", "public"."Merchant"."websiteUrl", "public"."Merchant"."facebookUrl", "public"."Merchant"."instagramUrl", "public"."Merchant"."subscriptionStatus"::text, "public"."Merchant"."subscriptionTier"::text, "public"."Merchant"."subscriptionExpiresAt", "public"."Merchant"."createdAt", "public"."Merchant"."updatedAt", "public"."Merchant"."deletedAt" FROM "public"."Merchant" WHERE ("public"."Merchant"."id" = $1 AND 1=1) LIMIT $2 OFFSET $3
 GET /api/auth/me 200 in 121ms
prisma:query SELECT "public"."Merchant"."id", "public"."Merchant"."cognitoSub", "public"."Merchant"."businessName", "public"."Merchant"."category", "public"."Merchant"."phoneNumber", "public"."Merchant"."logoUrl", "public"."Merchant"."websiteUrl", "public"."Merchant"."facebookUrl", "public"."Merchant"."instagramUrl", "public"."Merchant"."subscriptionStatus"::text, "public"."Merchant"."subscriptionTier"::text, "public"."Merchant"."subscriptionExpiresAt", "public"."Merchant"."createdAt", "public"."Merchant"."updatedAt", "public"."Merchant"."deletedAt" FROM "public"."Merchant" WHERE ("public"."Merchant"."id" = $1 AND 1=1) LIMIT $2 OFFSET $3
 GET /api/auth/me 200 in 54ms
